Timestamp,Sección,Descripción,P95 (ms)
2026-09-16T15:24:28-03:00,Agenda,Primer ingreso al menú Agenda,3290.0
2026-09-16T15:24:28-03:00,Agenda,"Primer ingreso: Tipo de instrumento Bonos, estado: Cobrado",680.0
2026-09-16T15:24:28-03:00,Agenda,"Primer ingreso: Tipo de instrumento Bonos, estado: Cobrado, fecha: 1 mes hacia atras",1151.0
2026-09-16T15:24:28-03:00,Agenda,"Primer ingreso: Tipo de instrumento Bonos, estado: Cobrado, fecha: 3 meses hacia atras",1147.0
2026-09-16T15:24:28-03:00,Agenda,"Primer ingreso: Tipo de instrumento Bonos, estado: Pendiente",937.0
2026-09-16T15:24:28-03:00,Agenda,"Primer ingreso: Tipo de instrumento Bonos, estado: Pendiente, fecha: 1 mes hacia atras",1285.0
2026-09-16T15:24:28-03:00,Agenda,"Primer ingreso: Tipo de instrumento Operaciones a descuento, estado: Cobrado, Concepto: Cancelación anticipada",760.0
2026-09-16T15:24:28-03:00,Agenda,"Primer ingreso: Tipo de instrumento Operaciones a descuento, estado: Cobrado, Concepto: Cancelación anticipada, fecha: 1 mes hacia atras",973.0
2026-09-16T15:24:28-03:00,Agenda,"Primer ingreso: Tipo de instrumento Operaciones a descuento, estado: Cobrado, Concepto: Cancelación anticipada, fecha: 3 meses hacia atras",878.0
2026-09-16T15:24:28-03:00,Agenda,"Primer ingreso: Tipo de instrumento Operaciones a descuento, estado: Cobrado, Concepto: Vencimiento",715.0
2026-09-16T15:24:28-03:00,Agenda,"Primer ingreso: Tipo de instrumento Operaciones a descuento, estado: Cobrado, Concepto: Vencimiento, fecha: 1 mes hacia atras",896.0
2026-09-16T15:24:28-03:00,Agenda,"Primer ingreso: Tipo de instrumento Operaciones a descuento, estado: Cobrado, Concepto: Vencimiento, fecha: 3 meses hacia atras",900.0
2026-09-16T15:24:28-03:00,Agenda,"Primer ingreso: Tipo de instrumento Operaciones a descuento, estado: Cobrado, Concepto: Venta",689.0
2026-09-16T15:24:28-03:00,Agenda,"Primer ingreso: Tipo de instrumento Operaciones a descuento, estado: Cobrado, Concepto: Venta, fecha: 1 mes hacia atras",875.0
2026-09-16T15:24:28-03:00,Agenda,"Primer ingreso: Tipo de instrumento Operaciones a descuento, estado: Cobrado, Concepto: Venta, fecha: 3 meses hacia atras",899.0
2026-09-16T15:24:28-03:00,Agenda,"Primer ingreso: Tipo de instrumento Operaciones a descuento, estado: Pendiente",525.0
2026-09-16T15:24:28-03:00,Agenda,"Primer ingreso: Tipo de instrumento Operaciones a descuento, estado: Pendiente, fecha: 1 mes hacia atras",1119.0
2026-09-16T15:24:28-03:00,Agenda,"Primer ingreso: Tipo de instrumento Operaciones a plazo, estado: Cobrado, Concepto: Cancelación anticipada",785.0
2026-09-16T15:24:28-03:00,Agenda,"Primer ingreso: Tipo de instrumento Operaciones a plazo, estado: Cobrado, Concepto: Cancelación anticipada, fecha: 1 mes hacia atras",914.0
2026-09-16T15:24:28-03:00,Agenda,"Primer ingreso: Tipo de instrumento Operaciones a plazo, estado: Cobrado, Concepto: Cancelación anticipada, fecha: 3 meses hacia atras",957.0
2026-09-16T15:24:28-03:00,Agenda,"Primer ingreso: Tipo de instrumento Operaciones a plazo, estado: Cobrado, Concepto: Vencimiento",673.0
2026-09-16T15:24:28-03:00,Agenda,"Primer ingreso: Tipo de instrumento Operaciones a plazo, estado: Cobrado, Concepto: Vencimiento, fecha: 1 mes hacia atras",920.0
2026-09-16T15:24:28-03:00,Agenda,"Primer ingreso: Tipo de instrumento Operaciones a plazo, estado: Cobrado, Concepto: Vencimiento, fecha: 3 meses hacia atras",892.0
2026-09-16T15:24:28-03:00,Agenda,"Primer ingreso: Tipo de instrumento Operaciones a plazo, estado: Cobrado, Concepto: Venta",711.0
2026-09-16T15:24:28-03:00,Agenda,"Primer ingreso: Tipo de instrumento Operaciones a plazo, estado: Cobrado, Concepto: Venta, fecha: 1 mes hacia atras",974.0
2026-09-16T15:24:28-03:00,Agenda,"Primer ingreso: Tipo de instrumento Operaciones a plazo, estado: Cobrado, Concepto: Venta, fecha: 3 meses hacia atras",902.0
2026-09-16T15:24:28-03:00,Agenda,"Primer ingreso: Tipo de instrumento Operaciones a plazo, estado: Pendiente",602.0
2026-09-16T15:24:28-03:00,Agenda,"Primer ingreso: Tipo de instrumento Operaciones a plazo, estado: Pendiente, fecha: 1 mes hacia atras",1160.0
2026-09-16T15:24:28-03:00,Agenda,Segundo ingreso al menú Agenda,3906.0
2026-09-16T15:24:28-03:00,Agenda,"Segundo ingreso: Tipo de instrumento Bonos, estado: Cobrado",615.0
2026-09-16T15:24:28-03:00,Agenda,"Segundo ingreso: Tipo de instrumento Bonos, estado: Cobrado, fecha: 1 mes hacia atras",1109.0
2026-09-16T15:24:28-03:00,Agenda,"Segundo ingreso: Tipo de instrumento Bonos, estado: Cobrado, fecha: 3 meses hacia atras",1204.0
2026-09-16T15:24:28-03:00,Agenda,"Segundo ingreso: Tipo de instrumento Bonos, estado: Pendiente, fecha: 1 mes hacia atras",1101.0
2026-09-16T15:24:28-03:00,Agenda,"Segundo ingreso: Tipo de instrumento Bonos, estado: pendiente",613.0
2026-09-16T15:24:28-03:00,Agenda,"Segundo ingreso: Tipo de instrumento Operaciones a descuento, estado: Cobrado, Concepto: Cancelación anticipada",794.0
2026-09-16T15:24:28-03:00,Agenda,"Segundo ingreso: Tipo de instrumento Operaciones a descuento, estado: Cobrado, Concepto: Cancelación anticipada, fecha: 1 mes hacia atras",918.0
2026-09-16T15:24:28-03:00,Agenda,"Segundo ingreso: Tipo de instrumento Operaciones a descuento, estado: Cobrado, Concepto: Cancelación anticipada, fecha: 3 meses hacia atras",857.0
2026-09-16T15:24:28-03:00,Agenda,"Segundo ingreso: Tipo de instrumento Operaciones a descuento, estado: Cobrado, Concepto: Vencimiento",672.0
2026-09-16T15:24:28-03:00,Agenda,"Segundo ingreso: Tipo de instrumento Operaciones a descuento, estado: Cobrado, Concepto: Vencimiento, fecha: 1 mes hacia atras",864.0
2026-09-16T15:24:28-03:00,Agenda,"Segundo ingreso: Tipo de instrumento Operaciones a descuento, estado: Cobrado, Concepto: Vencimiento, fecha: 3 meses hacia atras",820.0
2026-09-16T15:24:28-03:00,Agenda,"Segundo ingreso: Tipo de instrumento Operaciones a descuento, estado: Cobrado, Concepto: Venta",698.0
2026-09-16T15:24:28-03:00,Agenda,"Segundo ingreso: Tipo de instrumento Operaciones a descuento, estado: Cobrado, Concepto: Venta, fecha: 1 mes hacia atras",909.0
2026-09-16T15:24:28-03:00,Agenda,"Segundo ingreso: Tipo de instrumento Operaciones a descuento, estado: Cobrado, Concepto: Venta, fecha: 3 meses hacia atras",883.0
2026-09-16T15:24:28-03:00,Agenda,"Segundo ingreso: Tipo de instrumento Operaciones a descuento, estado: Pendiente, fecha: 1 mes hacia atras",1277.0
2026-09-16T15:24:28-03:00,Agenda,"Segundo ingreso: Tipo de instrumento Operaciones a descuento, estado: pendiente",562.0
2026-09-16T15:24:28-03:00,Agenda,"Segundo ingreso: Tipo de instrumento Operaciones a plazo, estado: Cobrado, Concepto: Cancelación anticipada",854.0
2026-09-16T15:24:28-03:00,Agenda,"Segundo ingreso: Tipo de instrumento Operaciones a plazo, estado: Cobrado, Concepto: Cancelación anticipada, fecha: 1 mes hacia atras",887.0
2026-09-16T15:24:28-03:00,Agenda,"Segundo ingreso: Tipo de instrumento Operaciones a plazo, estado: Cobrado, Concepto: Cancelación anticipada, fecha: 3 meses hacia atras",858.0
2026-09-16T15:24:28-03:00,Agenda,"Segundo ingreso: Tipo de instrumento Operaciones a plazo, estado: Cobrado, Concepto: Vencimiento",653.0
2026-09-16T15:24:28-03:00,Agenda,"Segundo ingreso: Tipo de instrumento Operaciones a plazo, estado: Cobrado, Concepto: Vencimiento, fecha: 1 mes hacia atras",882.0
2026-09-16T15:24:28-03:00,Agenda,"Segundo ingreso: Tipo de instrumento Operaciones a plazo, estado: Cobrado, Concepto: Vencimiento, fecha: 3 meses hacia atras",936.0
2026-09-16T15:24:28-03:00,Agenda,"Segundo ingreso: Tipo de instrumento Operaciones a plazo, estado: Cobrado, Concepto: Venta",666.0
2026-09-16T15:24:28-03:00,Agenda,"Segundo ingreso: Tipo de instrumento Operaciones a plazo, estado: Cobrado, Concepto: Venta, fecha: 1 mes hacia atras",906.0
2026-09-16T15:24:28-03:00,Agenda,"Segundo ingreso: Tipo de instrumento Operaciones a plazo, estado: Cobrado, Concepto: Venta, fecha: 3 meses hacia atras",856.0
2026-09-16T15:24:28-03:00,Agenda,"Segundo ingreso: Tipo de instrumento Operaciones a plazo, estado: Pendiente, fecha: 1 mes hacia atras",1104.0
2026-09-16T15:24:28-03:00,Agenda,"Segundo ingreso: Tipo de instrumento Operaciones a plazo, estado: pendiente",519.0
2026-09-16T15:24:28-03:00,Home,Ingreso a MPC,4574.0
2026-09-16T15:24:28-03:00,Home,Primer ingreso al menú Home,4556.0
2026-09-16T15:24:28-03:00,Home,Primer ingreso al portfolio Oldelval SA desde el Home,8708.0
2026-09-16T15:24:28-03:00,Home,Primer ingreso al portfolio Oldelval SDE desde el Home,6698.0
2026-09-16T15:24:28-03:00,Home,Primer ingreso al portfolio Total Compañia desde el Home,8155.0
2026-09-16T15:24:28-03:00,Home,Segundo ingreso al menú Home,2947.0
2026-09-16T15:24:28-03:00,Home,Segundo ingreso al portfolio Oldelval SA desde el Home,8346.0
2026-09-16T15:24:28-03:00,Home,Segundo ingreso al portfolio Oldelval SDE desde el Home,7091.0
2026-09-16T15:24:28-03:00,Home,Segundo ingreso al portfolio Total Compañia desde el Home,8235.0
2026-09-16T15:24:28-03:00,Mis depositarios,Agrupar por especie todas las cuentas disponibles,1115.0
2026-09-16T15:24:28-03:00,Mis depositarios,Deseleccionar la cuenta Adcap (ADCAP),5193.0
2026-09-16T15:24:28-03:00,Mis depositarios,Deseleccionar la cuenta Allaria (ALLARIA),11827.0
2026-09-16T15:24:28-03:00,Mis depositarios,Deseleccionar la cuenta BBVA (Banco BBVA),5347.0
2026-09-16T15:24:28-03:00,Mis depositarios,Deseleccionar la cuenta Balanz (BALANZ CAPITAL VALORES SA),4910.0
2026-09-16T15:24:28-03:00,Mis depositarios,Deseleccionar la cuenta Banco Comafi (Banco Comafi),4952.0
2026-09-16T15:24:28-03:00,Mis depositarios,Deseleccionar la cuenta Banco Macro (BANCO MACRO),5220.0
2026-09-16T15:24:28-03:00,Mis depositarios,Deseleccionar la cuenta Banco Macro (Banco Maco B),5227.0
2026-09-16T15:24:28-03:00,Mis depositarios,Deseleccionar la cuenta Banco Macro (Banco Macro USD),5617.0
2026-09-16T15:24:28-03:00,Mis depositarios,Deseleccionar la cuenta Banco Nación (Banco Nacion),4834.0
2026-09-16T15:24:28-03:00,Mis depositarios,Deseleccionar la cuenta Banco Patagonia (BANCO PATAGONIA),5846.0
2026-09-16T15:24:28-03:00,Mis depositarios,Deseleccionar la cuenta Banco Patagonia (Banco Patagonia USD),4999.0
2026-09-16T15:24:28-03:00,Mis depositarios,Deseleccionar la cuenta Citi (Banco Citi),5156.0
2026-09-16T15:24:28-03:00,Mis depositarios,Deseleccionar la cuenta Facimex (FACIMEX),4989.0
2026-09-16T15:24:28-03:00,Mis depositarios,Deseleccionar la cuenta Galicia (BANCO GALICIA),5229.0
2026-09-16T15:24:28-03:00,Mis depositarios,Deseleccionar la cuenta Galicia (Galicia SDE),5869.0
2026-09-16T15:24:28-03:00,Mis depositarios,Deseleccionar la cuenta Galicia (Galicia USD),5168.0
2026-09-16T15:24:28-03:00,Mis depositarios,Deseleccionar la cuenta ICBC (BANCO ICBC),5955.0
2026-09-16T15:24:28-03:00,Mis depositarios,Deseleccionar la cuenta ICBC (Banco ICBC (B)),5097.0
2026-09-16T15:24:28-03:00,Mis depositarios,Deseleccionar la cuenta ICBC (Banco ICBC USD),5596.0
2026-09-16T15:24:28-03:00,Mis depositarios,Deseleccionar la cuenta Invertir En Bolsa (INVERTIR EN BOLSA),5406.0
2026-09-16T15:24:28-03:00,Mis depositarios,Deseleccionar la cuenta Macro Securities (MACRO SECURITIES),4921.0
2026-09-16T15:24:28-03:00,Mis depositarios,Deseleccionar la cuenta Max Capital (MAX CAPITAL SA),5086.0
2026-09-16T15:24:28-03:00,Mis depositarios,Deseleccionar la cuenta One618 (ONE 618),5434.0
2026-09-16T15:24:28-03:00,Mis depositarios,Deseleccionar la cuenta Portfolio Personal Inversiones (Prueba),5406.0
2026-09-16T15:24:28-03:00,Mis depositarios,Deseleccionar la cuenta Puente Hermanos (PUENTE HNOS),4798.0
2026-09-16T15:24:28-03:00,Mis depositarios,Deseleccionar la cuenta SBS (SBS),5453.0
2026-09-16T15:24:28-03:00,Mis depositarios,Deseleccionar la cuenta Santander (Banco Santander),5273.0
2026-09-16T15:24:28-03:00,Mis depositarios,Deseleccionar la cuenta Schroders (Schroders USD),5820.0
2026-09-16T15:24:28-03:00,Mis depositarios,Deseleccionar todas las cuentas del depositario Adcap,5072.0
2026-09-16T15:24:28-03:00,Mis depositarios,Deseleccionar todas las cuentas del depositario Allaria,5620.0
2026-09-16T15:24:28-03:00,Mis depositarios,Deseleccionar todas las cuentas del depositario BBVA,5085.0
2026-09-16T15:24:28-03:00,Mis depositarios,Deseleccionar todas las cuentas del depositario Balanz,5400.0
2026-09-16T15:24:28-03:00,Mis depositarios,Deseleccionar todas las cuentas del depositario Banco Comafi,5166.0
2026-09-16T15:24:28-03:00,Mis depositarios,Deseleccionar todas las cuentas del depositario Banco Macro,5414.0
2026-09-16T15:24:28-03:00,Mis depositarios,Deseleccionar todas las cuentas del depositario Banco Nación,4884.0
2026-09-16T15:24:28-03:00,Mis depositarios,Deseleccionar todas las cuentas del depositario Banco Patagonia,5094.0
2026-09-16T15:24:28-03:00,Mis depositarios,Deseleccionar todas las cuentas del depositario Citi,5211.0
2026-09-16T15:24:28-03:00,Mis depositarios,Deseleccionar todas las cuentas del depositario Facimex,4969.0
2026-09-16T15:24:28-03:00,Mis depositarios,Deseleccionar todas las cuentas del depositario Galicia,5117.0
2026-09-16T15:24:28-03:00,Mis depositarios,Deseleccionar todas las cuentas del depositario ICBC,4722.0
2026-09-16T15:24:28-03:00,Mis depositarios,Deseleccionar todas las cuentas del depositario Invertir En Bolsa,5264.0
2026-09-16T15:24:28-03:00,Mis depositarios,Deseleccionar todas las cuentas del depositario Macro Securities,5060.0
2026-09-16T15:24:28-03:00,Mis depositarios,Deseleccionar todas las cuentas del depositario Max Capital,5064.0
2026-09-16T15:24:28-03:00,Mis depositarios,Deseleccionar todas las cuentas del depositario One618,5193.0
2026-09-16T15:24:28-03:00,Mis depositarios,Deseleccionar todas las cuentas del depositario Portfolio Personal Inversiones,5290.0
2026-09-16T15:24:28-03:00,Mis depositarios,Deseleccionar todas las cuentas del depositario Puente Hermanos,4922.0
2026-09-16T15:24:28-03:00,Mis depositarios,Deseleccionar todas las cuentas del depositario SBS,4966.0
2026-09-16T15:24:28-03:00,Mis depositarios,Deseleccionar todas las cuentas del depositario Santander,4881.0
2026-09-16T15:24:28-03:00,Mis depositarios,Deseleccionar todas las cuentas del depositario Schroders,5092.0
2026-09-16T15:24:28-03:00,Mis depositarios,Deseleccionar todas las cuentas disponibles,5291.0
2026-09-16T15:24:28-03:00,Mis depositarios,Primer ingreso al menú Mis depositarios,2853.0
2026-09-16T15:24:28-03:00,Mis depositarios,Seleccionar la cuenta Adcap (ADCAP),4987.0
2026-09-16T15:24:28-03:00,Mis depositarios,Seleccionar la cuenta Allaria (ALLARIA),5122.0
2026-09-16T15:24:28-03:00,Mis depositarios,Seleccionar la cuenta BBVA (Banco BBVA),5173.0
2026-09-16T15:24:28-03:00,Mis depositarios,Seleccionar la cuenta Balanz (BALANZ CAPITAL VALORES SA),5256.0
2026-09-16T15:24:28-03:00,Mis depositarios,Seleccionar la cuenta Banco Comafi (Banco Comafi),5441.0
2026-09-16T15:24:28-03:00,Mis depositarios,Seleccionar la cuenta Banco Macro (BANCO MACRO),5185.0
2026-09-16T15:24:28-03:00,Mis depositarios,Seleccionar la cuenta Banco Macro (Banco Maco B),5860.0
2026-09-16T15:24:28-03:00,Mis depositarios,Seleccionar la cuenta Banco Macro (Banco Macro USD),5168.0
2026-09-16T15:24:28-03:00,Mis depositarios,Seleccionar la cuenta Banco Nación (Banco Nacion),5982.0
2026-09-16T15:24:28-03:00,Mis depositarios,Seleccionar la cuenta Banco Patagonia (BANCO PATAGONIA),5279.0
2026-09-16T15:24:28-03:00,Mis depositarios,Seleccionar la cuenta Banco Patagonia (Banco Patagonia USD),5055.0
2026-09-16T15:24:28-03:00,Mis depositarios,Seleccionar la cuenta Citi (Banco Citi),5543.0
2026-09-16T15:24:28-03:00,Mis depositarios,Seleccionar la cuenta Facimex (FACIMEX),5296.0
2026-09-16T15:24:28-03:00,Mis depositarios,Seleccionar la cuenta Galicia (BANCO GALICIA),5410.0
2026-09-16T15:24:28-03:00,Mis depositarios,Seleccionar la cuenta Galicia (Galicia SDE),5066.0
2026-09-16T15:24:28-03:00,Mis depositarios,Seleccionar la cuenta Galicia (Galicia USD),5211.0
2026-09-16T15:24:28-03:00,Mis depositarios,Seleccionar la cuenta ICBC (BANCO ICBC),5175.0
2026-09-16T15:24:28-03:00,Mis depositarios,Seleccionar la cuenta ICBC (Banco ICBC (B)),5110.0
2026-09-16T15:24:28-03:00,Mis depositarios,Seleccionar la cuenta ICBC (Banco ICBC USD),5023.0
2026-09-16T15:24:28-03:00,Mis depositarios,Seleccionar la cuenta Invertir En Bolsa (INVERTIR EN BOLSA),5067.0
2026-09-16T15:24:28-03:00,Mis depositarios,Seleccionar la cuenta Macro Securities (MACRO SECURITIES),5408.0
2026-09-16T15:24:28-03:00,Mis depositarios,Seleccionar la cuenta Max Capital (MAX CAPITAL SA),5128.0
2026-09-16T15:24:28-03:00,Mis depositarios,Seleccionar la cuenta One618 (ONE 618),4885.0
2026-09-16T15:24:28-03:00,Mis depositarios,Seleccionar la cuenta Portfolio Personal Inversiones (Prueba),5049.0
2026-09-16T15:24:28-03:00,Mis depositarios,Seleccionar la cuenta Puente Hermanos (PUENTE HNOS),5306.0
2026-09-16T15:24:28-03:00,Mis depositarios,Seleccionar la cuenta SBS (SBS),5057.0
2026-09-16T15:24:28-03:00,Mis depositarios,Seleccionar la cuenta Santander (Banco Santander),5783.0
2026-09-16T15:24:28-03:00,Mis depositarios,Seleccionar la cuenta Schroders (Schroders USD),5453.0
2026-09-16T15:24:28-03:00,Mis depositarios,Seleccionar todas las cuentas del depositario Adcap,5435.0
2026-09-16T15:24:28-03:00,Mis depositarios,Seleccionar todas las cuentas del depositario Allaria,5397.0
2026-09-16T15:24:28-03:00,Mis depositarios,Seleccionar todas las cuentas del depositario BBVA,5659.0
2026-09-16T15:24:28-03:00,Mis depositarios,Seleccionar todas las cuentas del depositario Balanz,5409.0
2026-09-16T15:24:28-03:00,Mis depositarios,Seleccionar todas las cuentas del depositario Banco Comafi,5080.0
2026-09-16T15:24:28-03:00,Mis depositarios,Seleccionar todas las cuentas del depositario Banco Macro,5259.0
2026-09-16T15:24:28-03:00,Mis depositarios,Seleccionar todas las cuentas del depositario Banco Nación,5909.0
2026-09-16T15:24:28-03:00,Mis depositarios,Seleccionar todas las cuentas del depositario Banco Patagonia,5679.0
2026-09-16T15:24:28-03:00,Mis depositarios,Seleccionar todas las cuentas del depositario Citi,5254.0
2026-09-16T15:24:28-03:00,Mis depositarios,Seleccionar todas las cuentas del depositario Facimex,5175.0
2026-09-16T15:24:28-03:00,Mis depositarios,Seleccionar todas las cuentas del depositario Galicia,5310.0
2026-09-16T15:24:28-03:00,Mis depositarios,Seleccionar todas las cuentas del depositario ICBC,5452.0
2026-09-16T15:24:28-03:00,Mis depositarios,Seleccionar todas las cuentas del depositario Invertir En Bolsa,5447.0
2026-09-16T15:24:28-03:00,Mis depositarios,Seleccionar todas las cuentas del depositario Macro Securities,5378.0
2026-09-16T15:24:28-03:00,Mis depositarios,Seleccionar todas las cuentas del depositario Max Capital,5474.0
2026-09-16T15:24:28-03:00,Mis depositarios,Seleccionar todas las cuentas del depositario One618,4875.0
2026-09-16T15:24:28-03:00,Mis depositarios,Seleccionar todas las cuentas del depositario Portfolio Personal Inversiones,4946.0
2026-09-16T15:24:28-03:00,Mis depositarios,Seleccionar todas las cuentas del depositario Puente Hermanos,5536.0
2026-09-16T15:24:28-03:00,Mis depositarios,Seleccionar todas las cuentas del depositario SBS,5049.0
2026-09-16T15:24:28-03:00,Mis depositarios,Seleccionar todas las cuentas del depositario Santander,5198.0
2026-09-16T15:24:28-03:00,Mis depositarios,Seleccionar todas las cuentas del depositario Schroders,5151.0
2026-09-16T15:24:28-03:00,Mis depositarios,Seleccionar todas las cuentas disponibles,5160.0
2026-09-16T15:24:28-03:00,Mis operaciones,Primer ingreso al depositario Adcap,1059.0
2026-09-16T15:24:28-03:00,Mis operaciones,Primer ingreso al menú Mis operaciones,3923.0
2026-09-16T15:24:28-03:00,Mis operaciones,Primer ingreso: Depositario Adcap filtro de 1 mes de operaciones,888.0
2026-09-16T15:24:28-03:00,Mis operaciones,Primer ingreso: Filtro de 1 mes de operaciones,4871.0
2026-09-16T15:24:28-03:00,Mis operaciones,Segundo ingreso al depositario Adcap,647.0
2026-09-16T15:24:28-03:00,Mis operaciones,Segundo ingreso al menú Mis operaciones,8449.0
2026-09-16T15:24:28-03:00,Mis operaciones,Segundo ingreso: Depositario Adcap filtro de 1 mes de operaciones,739.0
2026-09-16T15:24:28-03:00,Mis operaciones,Segundo ingreso: Filtro de 1 mes de operaciones,4493.0
2026-09-16T15:24:28-03:00,Mis portfolios,Primer ingreso al menú Mis portfolios,5222.0
2026-09-16T15:24:28-03:00,Mis portfolios,Primer ingreso al portfolio Oldelval SA desde Mis portfolios,6376.0
2026-09-16T15:24:28-03:00,Mis portfolios,Primer ingreso al portfolio Oldelval SDE desde Mis portfolios,4999.0
2026-09-16T15:24:28-03:00,Mis portfolios,Primer ingreso al portfolio Total Compañia desde Mis portfolios,6657.0
2026-09-16T15:24:28-03:00,Mis portfolios,Segundo ingreso al menú Mis portfolios,1927.0
2026-09-16T15:24:28-03:00,Mis portfolios,Segundo ingreso al portfolio Oldelval SA desde Mis portfolios,6852.0
2026-09-16T15:24:28-03:00,Mis portfolios,Segundo ingreso al portfolio Oldelval SDE desde Mis portfolios,5172.0
2026-09-16T15:24:28-03:00,Mis portfolios,Segundo ingreso al portfolio Total Compañia desde Mis portfolios,6666.0
2026-09-16T15:24:28-03:00,Rendimiento,Cambio de método de rentabilidad a TWR,1702.0
2026-09-16T15:24:28-03:00,Rendimiento,Portfolio Oldelval SA: Primer ingreso a la carta de rendimiento Desde el inicio con método MWR,557.0
2026-09-16T15:24:28-03:00,Rendimiento,Portfolio Oldelval SA: Primer ingreso a la carta de rendimiento Desde el inicio con método TWR,620.0
2026-09-16T15:24:28-03:00,Rendimiento,Portfolio Oldelval SA: Primer ingreso a la carta de rendimiento Desde principio de año con método MWR,669.0
2026-09-16T15:24:28-03:00,Rendimiento,Portfolio Oldelval SA: Primer ingreso a la carta de rendimiento Desde principio de año con método TWR,622.0
2026-09-16T15:24:28-03:00,Rendimiento,Portfolio Oldelval SA: Primer ingreso a la carta de rendimiento Desde principio de mes con método MWR,522.0
2026-09-16T15:24:28-03:00,Rendimiento,Portfolio Oldelval SA: Primer ingreso a la carta de rendimiento Desde principio de mes con método TWR,497.0
2026-09-16T15:24:28-03:00,Rendimiento,Portfolio Oldelval SA: Primer ingreso a la carta de rendimiento Última semana con método MWR,559.0
2026-09-16T15:24:28-03:00,Rendimiento,Portfolio Oldelval SA: Primer ingreso a la carta de rendimiento Última semana con método TWR,467.0
2026-09-16T15:24:28-03:00,Rendimiento,Portfolio Oldelval SA: Primer ingreso a la carta de rendimiento Último año con método MWR,593.0
2026-09-16T15:24:28-03:00,Rendimiento,Portfolio Oldelval SA: Primer ingreso a la carta de rendimiento Último año con método TWR,629.0
2026-09-16T15:24:28-03:00,Rendimiento,Portfolio Oldelval SA: Primer ingreso a la carta de rendimiento Último mes con método MWR,552.0
2026-09-16T15:24:28-03:00,Rendimiento,Portfolio Oldelval SA: Primer ingreso a la carta de rendimiento Último mes con método TWR,587.0
2026-09-16T15:24:28-03:00,Rendimiento,Portfolio Oldelval SA: Primer ingreso a la carta de rendimiento Últimos 3 meses con método MWR,653.0
2026-09-16T15:24:28-03:00,Rendimiento,Portfolio Oldelval SA: Primer ingreso a la carta de rendimiento Últimos 3 meses con método TWR,573.0
2026-09-16T15:24:28-03:00,Rendimiento,Portfolio Oldelval SA: Segundo ingreso a la carta de rendimiento Desde el inicio con método MWR,596.0
2026-09-16T15:24:28-03:00,Rendimiento,Portfolio Oldelval SA: Segundo ingreso a la carta de rendimiento Desde el inicio con método TWR,637.0
2026-09-16T15:24:28-03:00,Rendimiento,Portfolio Oldelval SA: Segundo ingreso a la carta de rendimiento Desde principio de año con método MWR,594.0
2026-09-16T15:24:28-03:00,Rendimiento,Portfolio Oldelval SA: Segundo ingreso a la carta de rendimiento Desde principio de año con método TWR,591.0
2026-09-16T15:24:28-03:00,Rendimiento,Portfolio Oldelval SA: Segundo ingreso a la carta de rendimiento Desde principio de mes con método MWR,446.0
2026-09-16T15:24:28-03:00,Rendimiento,Portfolio Oldelval SA: Segundo ingreso a la carta de rendimiento Desde principio de mes con método TWR,455.0
2026-09-16T15:24:28-03:00,Rendimiento,Portfolio Oldelval SA: Segundo ingreso a la carta de rendimiento Última semana con método MWR,432.0
2026-09-16T15:24:28-03:00,Rendimiento,Portfolio Oldelval SA: Segundo ingreso a la carta de rendimiento Última semana con método TWR,471.0
2026-09-16T15:24:28-03:00,Rendimiento,Portfolio Oldelval SA: Segundo ingreso a la carta de rendimiento Último año con método MWR,639.0
2026-09-16T15:24:28-03:00,Rendimiento,Portfolio Oldelval SA: Segundo ingreso a la carta de rendimiento Último año con método TWR,607.0
2026-09-16T15:24:28-03:00,Rendimiento,Portfolio Oldelval SA: Segundo ingreso a la carta de rendimiento Último mes con método MWR,570.0
2026-09-16T15:24:28-03:00,Rendimiento,Portfolio Oldelval SA: Segundo ingreso a la carta de rendimiento Último mes con método TWR,479.0
2026-09-16T15:24:28-03:00,Rendimiento,Portfolio Oldelval SA: Segundo ingreso a la carta de rendimiento Últimos 3 meses con método MWR,585.0
2026-09-16T15:24:28-03:00,Rendimiento,Portfolio Oldelval SA: Segundo ingreso a la carta de rendimiento Últimos 3 meses con método TWR,604.0
2026-09-16T15:24:28-03:00,Rendimiento,Portfolio Oldelval SDE: Primer ingreso a la carta de rendimiento Desde el inicio con método MWR,477.0
2026-09-16T15:24:28-03:00,Rendimiento,Portfolio Oldelval SDE: Primer ingreso a la carta de rendimiento Desde el inicio con método TWR,595.0
2026-09-16T15:24:28-03:00,Rendimiento,Portfolio Oldelval SDE: Primer ingreso a la carta de rendimiento Desde principio de año con método MWR,463.0
2026-09-16T15:24:28-03:00,Rendimiento,Portfolio Oldelval SDE: Primer ingreso a la carta de rendimiento Desde principio de año con método TWR,577.0
2026-09-16T15:24:28-03:00,Rendimiento,Portfolio Oldelval SDE: Primer ingreso a la carta de rendimiento Desde principio de mes con método MWR,401.0
2026-09-16T15:24:28-03:00,Rendimiento,Portfolio Oldelval SDE: Primer ingreso a la carta de rendimiento Desde principio de mes con método TWR,587.0
2026-09-16T15:24:28-03:00,Rendimiento,Portfolio Oldelval SDE: Primer ingreso a la carta de rendimiento Última semana con método MWR,406.0
2026-09-16T15:24:28-03:00,Rendimiento,Portfolio Oldelval SDE: Primer ingreso a la carta de rendimiento Última semana con método TWR,446.0
2026-09-16T15:24:28-03:00,Rendimiento,Portfolio Oldelval SDE: Primer ingreso a la carta de rendimiento Último año con método MWR,546.0
2026-09-16T15:24:28-03:00,Rendimiento,Portfolio Oldelval SDE: Primer ingreso a la carta de rendimiento Último año con método TWR,653.0
2026-09-16T15:24:28-03:00,Rendimiento,Portfolio Oldelval SDE: Primer ingreso a la carta de rendimiento Último mes con método MWR,455.0
2026-09-16T15:24:28-03:00,Rendimiento,Portfolio Oldelval SDE: Primer ingreso a la carta de rendimiento Último mes con método TWR,523.0
2026-09-16T15:24:28-03:00,Rendimiento,Portfolio Oldelval SDE: Primer ingreso a la carta de rendimiento Últimos 3 meses con método MWR,523.0
2026-09-16T15:24:28-03:00,Rendimiento,Portfolio Oldelval SDE: Primer ingreso a la carta de rendimiento Últimos 3 meses con método TWR,526.0
2026-09-16T15:24:28-03:00,Rendimiento,Portfolio Oldelval SDE: Segundo ingreso a la carta de rendimiento Desde el inicio con método MWR,536.0
2026-09-16T15:24:28-03:00,Rendimiento,Portfolio Oldelval SDE: Segundo ingreso a la carta de rendimiento Desde el inicio con método TWR,753.0
2026-09-16T15:24:28-03:00,Rendimiento,Portfolio Oldelval SDE: Segundo ingreso a la carta de rendimiento Desde principio de año con método MWR,546.0
2026-09-16T15:24:28-03:00,Rendimiento,Portfolio Oldelval SDE: Segundo ingreso a la carta de rendimiento Desde principio de año con método TWR,595.0
2026-09-16T15:24:28-03:00,Rendimiento,Portfolio Oldelval SDE: Segundo ingreso a la carta de rendimiento Desde principio de mes con método MWR,492.0
2026-09-16T15:24:28-03:00,Rendimiento,Portfolio Oldelval SDE: Segundo ingreso a la carta de rendimiento Desde principio de mes con método TWR,464.0
2026-09-16T15:24:28-03:00,Rendimiento,Portfolio Oldelval SDE: Segundo ingreso a la carta de rendimiento Última semana con método MWR,458.0
2026-09-16T15:24:28-03:00,Rendimiento,Portfolio Oldelval SDE: Segundo ingreso a la carta de rendimiento Última semana con método TWR,452.0
2026-09-16T15:24:28-03:00,Rendimiento,Portfolio Oldelval SDE: Segundo ingreso a la carta de rendimiento Último año con método MWR,577.0
2026-09-16T15:24:28-03:00,Rendimiento,Portfolio Oldelval SDE: Segundo ingreso a la carta de rendimiento Último año con método TWR,620.0
2026-09-16T15:24:28-03:00,Rendimiento,Portfolio Oldelval SDE: Segundo ingreso a la carta de rendimiento Último mes con método MWR,495.0
2026-09-16T15:24:28-03:00,Rendimiento,Portfolio Oldelval SDE: Segundo ingreso a la carta de rendimiento Último mes con método TWR,538.0
2026-09-16T15:24:28-03:00,Rendimiento,Portfolio Oldelval SDE: Segundo ingreso a la carta de rendimiento Últimos 3 meses con método MWR,551.0
2026-09-16T15:24:28-03:00,Rendimiento,Portfolio Oldelval SDE: Segundo ingreso a la carta de rendimiento Últimos 3 meses con método TWR,506.0
2026-09-16T15:24:28-03:00,Rendimiento,Portfolio Total: Primer ingreso a la carta de rendimiento Desde el inicio con método MWR,659.0
2026-09-16T15:24:28-03:00,Rendimiento,Portfolio Total: Primer ingreso a la carta de rendimiento Desde el inicio con método TWR,635.0
2026-09-16T15:24:28-03:00,Rendimiento,Portfolio Total: Primer ingreso a la carta de rendimiento Desde principio de año con método MWR,572.0
2026-09-16T15:24:28-03:00,Rendimiento,Portfolio Total: Primer ingreso a la carta de rendimiento Desde principio de año con método TWR,562.0
2026-09-16T15:24:28-03:00,Rendimiento,Portfolio Total: Primer ingreso a la carta de rendimiento Desde principio de mes con método MWR,435.0
2026-09-16T15:24:28-03:00,Rendimiento,Portfolio Total: Primer ingreso a la carta de rendimiento Desde principio de mes con método TWR,470.0
2026-09-16T15:24:28-03:00,Rendimiento,Portfolio Total: Primer ingreso a la carta de rendimiento Última semana con método MWR,425.0
2026-09-16T15:24:28-03:00,Rendimiento,Portfolio Total: Primer ingreso a la carta de rendimiento Última semana con método TWR,498.0
2026-09-16T15:24:28-03:00,Rendimiento,Portfolio Total: Primer ingreso a la carta de rendimiento Último año con método MWR,571.0
2026-09-16T15:24:28-03:00,Rendimiento,Portfolio Total: Primer ingreso a la carta de rendimiento Último año con método TWR,638.0
2026-09-16T15:24:28-03:00,Rendimiento,Portfolio Total: Primer ingreso a la carta de rendimiento Último mes con método MWR,501.0
2026-09-16T15:24:28-03:00,Rendimiento,Portfolio Total: Primer ingreso a la carta de rendimiento Último mes con método TWR,539.0
2026-09-16T15:24:28-03:00,Rendimiento,Portfolio Total: Primer ingreso a la carta de rendimiento Últimos 3 meses con método MWR,590.0
2026-09-16T15:24:28-03:00,Rendimiento,Portfolio Total: Primer ingreso a la carta de rendimiento Últimos 3 meses con método TWR,610.0
2026-09-16T15:24:28-03:00,Rendimiento,Portfolio Total: Segundo ingreso a la carta de rendimiento Desde el inicio con método MWR,642.0
2026-09-16T15:24:28-03:00,Rendimiento,Portfolio Total: Segundo ingreso a la carta de rendimiento Desde el inicio con método TWR,569.0
2026-09-16T15:24:28-03:00,Rendimiento,Portfolio Total: Segundo ingreso a la carta de rendimiento Desde principio de año con método MWR,605.0
2026-09-16T15:24:28-03:00,Rendimiento,Portfolio Total: Segundo ingreso a la carta de rendimiento Desde principio de año con método TWR,559.0
2026-09-16T15:24:28-03:00,Rendimiento,Portfolio Total: Segundo ingreso a la carta de rendimiento Desde principio de mes con método MWR,515.0
2026-09-16T15:24:28-03:00,Rendimiento,Portfolio Total: Segundo ingreso a la carta de rendimiento Desde principio de mes con método TWR,464.0
2026-09-16T15:24:28-03:00,Rendimiento,Portfolio Total: Segundo ingreso a la carta de rendimiento Última semana con método MWR,524.0
2026-09-16T15:24:28-03:00,Rendimiento,Portfolio Total: Segundo ingreso a la carta de rendimiento Última semana con método TWR,403.0
2026-09-16T15:24:28-03:00,Rendimiento,Portfolio Total: Segundo ingreso a la carta de rendimiento Último año con método MWR,650.0
2026-09-16T15:24:28-03:00,Rendimiento,Portfolio Total: Segundo ingreso a la carta de rendimiento Último año con método TWR,1059.0
2026-09-16T15:24:28-03:00,Rendimiento,Portfolio Total: Segundo ingreso a la carta de rendimiento Último mes con método MWR,551.0
2026-09-16T15:24:28-03:00,Rendimiento,Portfolio Total: Segundo ingreso a la carta de rendimiento Último mes con método TWR,523.0
2026-09-16T15:24:28-03:00,Rendimiento,Portfolio Total: Segundo ingreso a la carta de rendimiento Últimos 3 meses con método MWR,583.0
2026-09-16T15:24:28-03:00,Rendimiento,Portfolio Total: Segundo ingreso a la carta de rendimiento Últimos 3 meses con método TWR,599.0
2026-09-16T15:24:28-03:00,Rendimiento,Primer ingreso al menú Rendimiento,2376.0
2026-09-16T15:24:28-03:00,Rendimiento,Primer ingreso al portfolio Oldelval SA,1700.0
2026-09-16T15:24:28-03:00,Rendimiento,Primer ingreso al portfolio Oldelval SDE,1387.0
2026-09-16T15:24:28-03:00,Rendimiento,Primer ingreso al portfolio Total,1863.0
2026-09-16T15:24:28-03:00,Rendimiento,Segundo ingreso al portfolio Oldelval SA,966.0
2026-09-16T15:24:28-03:00,Rendimiento,Segundo ingreso al portfolio Oldelval SDE,977.0
2026-09-16T15:24:28-03:00,Rendimiento,Segundo ingreso al portfolio Total,1033.0
2026-09-17T15:53:34-03:00,Agenda,Primer ingreso al menú Agenda,4028.0
2026-09-17T15:53:34-03:00,Agenda,"Primer ingreso: Tipo de instrumento Bonos, estado: Cobrado",761.0
2026-09-17T15:53:34-03:00,Agenda,"Primer ingreso: Tipo de instrumento Bonos, estado: Cobrado, fecha: 1 mes hacia atras",1279.0
2026-09-17T15:53:34-03:00,Agenda,"Primer ingreso: Tipo de instrumento Bonos, estado: Cobrado, fecha: 3 meses hacia atras",1276.0
2026-09-17T15:53:34-03:00,Agenda,"Primer ingreso: Tipo de instrumento Bonos, estado: Pendiente",1038.0
2026-09-17T15:53:34-03:00,Agenda,"Primer ingreso: Tipo de instrumento Bonos, estado: Pendiente, fecha: 1 mes hacia atras",1557.0
2026-09-17T15:53:34-03:00,Agenda,"Primer ingreso: Tipo de instrumento Operaciones a descuento, estado: Cobrado, Concepto: Cancelación anticipada",926.0
2026-09-17T15:53:34-03:00,Agenda,"Primer ingreso: Tipo de instrumento Operaciones a descuento, estado: Cobrado, Concepto: Cancelación anticipada, fecha: 1 mes hacia atras",1043.0
2026-09-17T15:53:34-03:00,Agenda,"Primer ingreso: Tipo de instrumento Operaciones a descuento, estado: Cobrado, Concepto: Cancelación anticipada, fecha: 3 meses hacia atras",1011.0
2026-09-17T15:53:34-03:00,Agenda,"Primer ingreso: Tipo de instrumento Operaciones a descuento, estado: Cobrado, Concepto: Vencimiento",792.0
2026-09-17T15:53:34-03:00,Agenda,"Primer ingreso: Tipo de instrumento Operaciones a descuento, estado: Cobrado, Concepto: Vencimiento, fecha: 1 mes hacia atras",987.0
2026-09-17T15:53:34-03:00,Agenda,"Primer ingreso: Tipo de instrumento Operaciones a descuento, estado: Cobrado, Concepto: Vencimiento, fecha: 3 meses hacia atras",1004.0
2026-09-17T15:53:34-03:00,Agenda,"Primer ingreso: Tipo de instrumento Operaciones a descuento, estado: Cobrado, Concepto: Venta",844.0
2026-09-17T15:53:34-03:00,Agenda,"Primer ingreso: Tipo de instrumento Operaciones a descuento, estado: Cobrado, Concepto: Venta, fecha: 1 mes hacia atras",1030.0
2026-09-17T15:53:34-03:00,Agenda,"Primer ingreso: Tipo de instrumento Operaciones a descuento, estado: Cobrado, Concepto: Venta, fecha: 3 meses hacia atras",1015.0
2026-09-17T15:53:34-03:00,Agenda,"Primer ingreso: Tipo de instrumento Operaciones a descuento, estado: Pendiente",632.0
2026-09-17T15:53:34-03:00,Agenda,"Primer ingreso: Tipo de instrumento Operaciones a descuento, estado: Pendiente, fecha: 1 mes hacia atras",1218.0
2026-09-17T15:53:34-03:00,Agenda,"Primer ingreso: Tipo de instrumento Operaciones a plazo, estado: Cobrado, Concepto: Cancelación anticipada",946.0
2026-09-17T15:53:34-03:00,Agenda,"Primer ingreso: Tipo de instrumento Operaciones a plazo, estado: Cobrado, Concepto: Cancelación anticipada, fecha: 1 mes hacia atras",1015.0
2026-09-17T15:53:34-03:00,Agenda,"Primer ingreso: Tipo de instrumento Operaciones a plazo, estado: Cobrado, Concepto: Cancelación anticipada, fecha: 3 meses hacia atras",991.0
2026-09-17T15:53:34-03:00,Agenda,"Primer ingreso: Tipo de instrumento Operaciones a plazo, estado: Cobrado, Concepto: Vencimiento",764.0
2026-09-17T15:53:34-03:00,Agenda,"Primer ingreso: Tipo de instrumento Operaciones a plazo, estado: Cobrado, Concepto: Vencimiento, fecha: 1 mes hacia atras",1041.0
2026-09-17T15:53:34-03:00,Agenda,"Primer ingreso: Tipo de instrumento Operaciones a plazo, estado: Cobrado, Concepto: Vencimiento, fecha: 3 meses hacia atras",1028.0
2026-09-17T15:53:34-03:00,Agenda,"Primer ingreso: Tipo de instrumento Operaciones a plazo, estado: Cobrado, Concepto: Venta",791.0
2026-09-17T15:53:34-03:00,Agenda,"Primer ingreso: Tipo de instrumento Operaciones a plazo, estado: Cobrado, Concepto: Venta, fecha: 1 mes hacia atras",1029.0
2026-09-17T15:53:34-03:00,Agenda,"Primer ingreso: Tipo de instrumento Operaciones a plazo, estado: Cobrado, Concepto: Venta, fecha: 3 meses hacia atras",1339.0
2026-09-17T15:53:34-03:00,Agenda,"Primer ingreso: Tipo de instrumento Operaciones a plazo, estado: Pendiente",635.0
2026-09-17T15:53:34-03:00,Agenda,"Primer ingreso: Tipo de instrumento Operaciones a plazo, estado: Pendiente, fecha: 1 mes hacia atras",1282.0
2026-09-17T15:53:34-03:00,Agenda,Segundo ingreso al menú Agenda,3672.0
2026-09-17T15:53:34-03:00,Agenda,"Segundo ingreso: Tipo de instrumento Bonos, estado: Cobrado",793.0
2026-09-17T15:53:34-03:00,Agenda,"Segundo ingreso: Tipo de instrumento Bonos, estado: Cobrado, fecha: 1 mes hacia atras",1255.0
2026-09-17T15:53:34-03:00,Agenda,"Segundo ingreso: Tipo de instrumento Bonos, estado: Cobrado, fecha: 3 meses hacia atras",1252.0
2026-09-17T15:53:34-03:00,Agenda,"Segundo ingreso: Tipo de instrumento Bonos, estado: Pendiente, fecha: 1 mes hacia atras",1395.0
2026-09-17T15:53:34-03:00,Agenda,"Segundo ingreso: Tipo de instrumento Bonos, estado: pendiente",792.0
2026-09-17T15:53:34-03:00,Agenda,"Segundo ingreso: Tipo de instrumento Operaciones a descuento, estado: Cobrado, Concepto: Cancelación anticipada",905.0
2026-09-17T15:53:34-03:00,Agenda,"Segundo ingreso: Tipo de instrumento Operaciones a descuento, estado: Cobrado, Concepto: Cancelación anticipada, fecha: 1 mes hacia atras",961.0
2026-09-17T15:53:34-03:00,Agenda,"Segundo ingreso: Tipo de instrumento Operaciones a descuento, estado: Cobrado, Concepto: Cancelación anticipada, fecha: 3 meses hacia atras",1025.0
2026-09-17T15:53:34-03:00,Agenda,"Segundo ingreso: Tipo de instrumento Operaciones a descuento, estado: Cobrado, Concepto: Vencimiento",791.0
2026-09-17T15:53:34-03:00,Agenda,"Segundo ingreso: Tipo de instrumento Operaciones a descuento, estado: Cobrado, Concepto: Vencimiento, fecha: 1 mes hacia atras",997.0
2026-09-17T15:53:34-03:00,Agenda,"Segundo ingreso: Tipo de instrumento Operaciones a descuento, estado: Cobrado, Concepto: Vencimiento, fecha: 3 meses hacia atras",983.0
2026-09-17T15:53:34-03:00,Agenda,"Segundo ingreso: Tipo de instrumento Operaciones a descuento, estado: Cobrado, Concepto: Venta",811.0
2026-09-17T15:53:34-03:00,Agenda,"Segundo ingreso: Tipo de instrumento Operaciones a descuento, estado: Cobrado, Concepto: Venta, fecha: 1 mes hacia atras",1040.0
2026-09-17T15:53:34-03:00,Agenda,"Segundo ingreso: Tipo de instrumento Operaciones a descuento, estado: Cobrado, Concepto: Venta, fecha: 3 meses hacia atras",961.0
2026-09-17T15:53:34-03:00,Agenda,"Segundo ingreso: Tipo de instrumento Operaciones a descuento, estado: Pendiente, fecha: 1 mes hacia atras",1275.0
2026-09-17T15:53:34-03:00,Agenda,"Segundo ingreso: Tipo de instrumento Operaciones a descuento, estado: pendiente",585.0
2026-09-17T15:53:34-03:00,Agenda,"Segundo ingreso: Tipo de instrumento Operaciones a plazo, estado: Cobrado, Concepto: Cancelación anticipada",916.0
2026-09-17T15:53:34-03:00,Agenda,"Segundo ingreso: Tipo de instrumento Operaciones a plazo, estado: Cobrado, Concepto: Cancelación anticipada, fecha: 1 mes hacia atras",1031.0
2026-09-17T15:53:34-03:00,Agenda,"Segundo ingreso: Tipo de instrumento Operaciones a plazo, estado: Cobrado, Concepto: Cancelación anticipada, fecha: 3 meses hacia atras",998.0
2026-09-17T15:53:34-03:00,Agenda,"Segundo ingreso: Tipo de instrumento Operaciones a plazo, estado: Cobrado, Concepto: Vencimiento",763.0
2026-09-17T15:53:34-03:00,Agenda,"Segundo ingreso: Tipo de instrumento Operaciones a plazo, estado: Cobrado, Concepto: Vencimiento, fecha: 1 mes hacia atras",1009.0
2026-09-17T15:53:34-03:00,Agenda,"Segundo ingreso: Tipo de instrumento Operaciones a plazo, estado: Cobrado, Concepto: Vencimiento, fecha: 3 meses hacia atras",972.0
2026-09-17T15:53:34-03:00,Agenda,"Segundo ingreso: Tipo de instrumento Operaciones a plazo, estado: Cobrado, Concepto: Venta",830.0
2026-09-17T15:53:34-03:00,Agenda,"Segundo ingreso: Tipo de instrumento Operaciones a plazo, estado: Cobrado, Concepto: Venta, fecha: 1 mes hacia atras",983.0
2026-09-17T15:53:34-03:00,Agenda,"Segundo ingreso: Tipo de instrumento Operaciones a plazo, estado: Cobrado, Concepto: Venta, fecha: 3 meses hacia atras",994.0
2026-09-17T15:53:34-03:00,Agenda,"Segundo ingreso: Tipo de instrumento Operaciones a plazo, estado: Pendiente, fecha: 1 mes hacia atras",1231.0
2026-09-17T15:53:34-03:00,Agenda,"Segundo ingreso: Tipo de instrumento Operaciones a plazo, estado: pendiente",624.0
2026-09-17T15:53:34-03:00,Home,Ingreso a MPC,5548.0
2026-09-17T15:53:34-03:00,Home,Primer ingreso al menú Home,4998.0
2026-09-17T15:53:34-03:00,Home,Primer ingreso al portfolio Oldelval SA desde el Home,12652.0
2026-09-17T15:53:34-03:00,Home,Primer ingreso al portfolio Oldelval SDE desde el Home,6795.0
2026-09-17T15:53:34-03:00,Home,Primer ingreso al portfolio Total Compañia desde el Home,9315.0
2026-09-17T15:53:34-03:00,Home,Segundo ingreso al menú Home,2910.0
2026-09-17T15:53:34-03:00,Home,Segundo ingreso al portfolio Oldelval SA desde el Home,8217.0
2026-09-17T15:53:34-03:00,Home,Segundo ingreso al portfolio Oldelval SDE desde el Home,6966.0
2026-09-17T15:53:34-03:00,Home,Segundo ingreso al portfolio Total Compañia desde el Home,7658.0
2026-09-17T15:53:34-03:00,Mis depositarios,Agrupar por especie todas las cuentas disponibles,1321.0
2026-09-17T15:53:34-03:00,Mis depositarios,Deseleccionar la cuenta Adcap (ADCAP),6065.0
2026-09-17T15:53:34-03:00,Mis depositarios,Deseleccionar la cuenta Allaria (ALLARIA),5874.0
2026-09-17T15:53:34-03:00,Mis depositarios,Deseleccionar la cuenta BBVA (Banco BBVA),7015.0
2026-09-17T15:53:34-03:00,Mis depositarios,Deseleccionar la cuenta Balanz (BALANZ CAPITAL VALORES SA),5438.0
2026-09-17T15:53:34-03:00,Mis depositarios,Deseleccionar la cuenta Banco Comafi (Banco Comafi),5481.0
2026-09-17T15:53:34-03:00,Mis depositarios,Deseleccionar la cuenta Banco Macro (BANCO MACRO),5768.0
2026-09-17T15:53:34-03:00,Mis depositarios,Deseleccionar la cuenta Banco Macro (Banco Maco B),4863.0
2026-09-17T15:53:34-03:00,Mis depositarios,Deseleccionar la cuenta Banco Macro (Banco Macro USD),5647.0
2026-09-17T15:53:34-03:00,Mis depositarios,Deseleccionar la cuenta Banco Nación (Banco Nacion),5528.0
2026-09-17T15:53:34-03:00,Mis depositarios,Deseleccionar la cuenta Banco Patagonia (BANCO PATAGONIA),5632.0
2026-09-17T15:53:34-03:00,Mis depositarios,Deseleccionar la cuenta Banco Patagonia (Banco Patagonia USD),5416.0
2026-09-17T15:53:34-03:00,Mis depositarios,Deseleccionar la cuenta Citi (Banco Citi),5492.0
2026-09-17T15:53:34-03:00,Mis depositarios,Deseleccionar la cuenta Facimex (FACIMEX),5481.0
2026-09-17T15:53:34-03:00,Mis depositarios,Deseleccionar la cuenta Galicia (BANCO GALICIA),5775.0
2026-09-17T15:53:34-03:00,Mis depositarios,Deseleccionar la cuenta Galicia (Galicia SDE),5506.0
2026-09-17T15:53:34-03:00,Mis depositarios,Deseleccionar la cuenta Galicia (Galicia USD),5368.0
2026-09-17T15:53:34-03:00,Mis depositarios,Deseleccionar la cuenta ICBC (BANCO ICBC),5318.0
2026-09-17T15:53:34-03:00,Mis depositarios,Deseleccionar la cuenta ICBC (Banco ICBC (B)),5834.0
2026-09-17T15:53:34-03:00,Mis depositarios,Deseleccionar la cuenta ICBC (Banco ICBC USD),5039.0
2026-09-17T15:53:34-03:00,Mis depositarios,Deseleccionar la cuenta Invertir En Bolsa (INVERTIR EN BOLSA),5374.0
2026-09-17T15:53:34-03:00,Mis depositarios,Deseleccionar la cuenta Macro Securities (MACRO SECURITIES),5364.0
2026-09-17T15:53:34-03:00,Mis depositarios,Deseleccionar la cuenta Max Capital (MAX CAPITAL SA),5398.0
2026-09-17T15:53:34-03:00,Mis depositarios,Deseleccionar la cuenta One618 (ONE 618),6283.0
2026-09-17T15:53:34-03:00,Mis depositarios,Deseleccionar la cuenta Portfolio Personal Inversiones (Prueba),5264.0
2026-09-17T15:53:34-03:00,Mis depositarios,Deseleccionar la cuenta Puente Hermanos (PUENTE HNOS),5738.0
2026-09-17T15:53:34-03:00,Mis depositarios,Deseleccionar la cuenta SBS (SBS),5482.0
2026-09-17T15:53:34-03:00,Mis depositarios,Deseleccionar la cuenta Santander (Banco Santander),5517.0
2026-09-17T15:53:34-03:00,Mis depositarios,Deseleccionar la cuenta Schroders (Schroders USD),5416.0
2026-09-17T15:53:34-03:00,Mis depositarios,Deseleccionar todas las cuentas del depositario Adcap,5561.0
2026-09-17T15:53:34-03:00,Mis depositarios,Deseleccionar todas las cuentas del depositario Allaria,5444.0
2026-09-17T15:53:34-03:00,Mis depositarios,Deseleccionar todas las cuentas del depositario BBVA,5650.0
2026-09-17T15:53:34-03:00,Mis depositarios,Deseleccionar todas las cuentas del depositario Balanz,5095.0
2026-09-17T15:53:34-03:00,Mis depositarios,Deseleccionar todas las cuentas del depositario Banco Comafi,5331.0
2026-09-17T15:53:34-03:00,Mis depositarios,Deseleccionar todas las cuentas del depositario Banco Macro,5634.0
2026-09-17T15:53:34-03:00,Mis depositarios,Deseleccionar todas las cuentas del depositario Banco Nación,5463.0
2026-09-17T15:53:34-03:00,Mis depositarios,Deseleccionar todas las cuentas del depositario Banco Patagonia,5227.0
2026-09-17T15:53:34-03:00,Mis depositarios,Deseleccionar todas las cuentas del depositario Citi,5419.0
2026-09-17T15:53:34-03:00,Mis depositarios,Deseleccionar todas las cuentas del depositario Facimex,5928.0
2026-09-17T15:53:34-03:00,Mis depositarios,Deseleccionar todas las cuentas del depositario Galicia,5467.0
2026-09-17T15:53:34-03:00,Mis depositarios,Deseleccionar todas las cuentas del depositario ICBC,5482.0
2026-09-17T15:53:34-03:00,Mis depositarios,Deseleccionar todas las cuentas del depositario Invertir En Bolsa,6044.0
2026-09-17T15:53:34-03:00,Mis depositarios,Deseleccionar todas las cuentas del depositario Macro Securities,5688.0
2026-09-17T15:53:34-03:00,Mis depositarios,Deseleccionar todas las cuentas del depositario Max Capital,5308.0
2026-09-17T15:53:34-03:00,Mis depositarios,Deseleccionar todas las cuentas del depositario One618,5362.0
2026-09-17T15:53:34-03:00,Mis depositarios,Deseleccionar todas las cuentas del depositario Portfolio Personal Inversiones,5133.0
2026-09-17T15:53:34-03:00,Mis depositarios,Deseleccionar todas las cuentas del depositario Puente Hermanos,5010.0
2026-09-17T15:53:34-03:00,Mis depositarios,Deseleccionar todas las cuentas del depositario SBS,5027.0
2026-09-17T15:53:34-03:00,Mis depositarios,Deseleccionar todas las cuentas del depositario Santander,5407.0
2026-09-17T15:53:34-03:00,Mis depositarios,Deseleccionar todas las cuentas del depositario Schroders,5886.0
2026-09-17T15:53:34-03:00,Mis depositarios,Deseleccionar todas las cuentas disponibles,4958.0
2026-09-17T15:53:34-03:00,Mis depositarios,Primer ingreso al menú Mis depositarios,4530.0
2026-09-17T15:53:34-03:00,Mis depositarios,Seleccionar la cuenta Adcap (ADCAP),5228.0
2026-09-17T15:53:34-03:00,Mis depositarios,Seleccionar la cuenta Allaria (ALLARIA),5252.0
2026-09-17T15:53:34-03:00,Mis depositarios,Seleccionar la cuenta BBVA (Banco BBVA),5591.0
2026-09-17T15:53:34-03:00,Mis depositarios,Seleccionar la cuenta Balanz (BALANZ CAPITAL VALORES SA),5253.0
2026-09-17T15:53:34-03:00,Mis depositarios,Seleccionar la cuenta Banco Comafi (Banco Comafi),5273.0
2026-09-17T15:53:34-03:00,Mis depositarios,Seleccionar la cuenta Banco Macro (BANCO MACRO),5286.0
2026-09-17T15:53:34-03:00,Mis depositarios,Seleccionar la cuenta Banco Macro (Banco Maco B),5217.0
2026-09-17T15:53:34-03:00,Mis depositarios,Seleccionar la cuenta Banco Macro (Banco Macro USD),5708.0
2026-09-17T15:53:34-03:00,Mis depositarios,Seleccionar la cuenta Banco Nación (Banco Nacion),5908.0
2026-09-17T15:53:34-03:00,Mis depositarios,Seleccionar la cuenta Banco Patagonia (BANCO PATAGONIA),5473.0
2026-09-17T15:53:34-03:00,Mis depositarios,Seleccionar la cuenta Banco Patagonia (Banco Patagonia USD),5450.0
2026-09-17T15:53:34-03:00,Mis depositarios,Seleccionar la cuenta Citi (Banco Citi),5725.0
2026-09-17T15:53:34-03:00,Mis depositarios,Seleccionar la cuenta Facimex (FACIMEX),5732.0
2026-09-17T15:53:34-03:00,Mis depositarios,Seleccionar la cuenta Galicia (BANCO GALICIA),5165.0
2026-09-17T15:53:34-03:00,Mis depositarios,Seleccionar la cuenta Galicia (Galicia SDE),5112.0
2026-09-17T15:53:34-03:00,Mis depositarios,Seleccionar la cuenta Galicia (Galicia USD),5396.0
2026-09-17T15:53:34-03:00,Mis depositarios,Seleccionar la cuenta ICBC (BANCO ICBC),5911.0
2026-09-17T15:53:34-03:00,Mis depositarios,Seleccionar la cuenta ICBC (Banco ICBC (B)),5359.0
2026-09-17T15:53:34-03:00,Mis depositarios,Seleccionar la cuenta ICBC (Banco ICBC USD),5001.0
2026-09-17T15:53:34-03:00,Mis depositarios,Seleccionar la cuenta Invertir En Bolsa (INVERTIR EN BOLSA),5775.0
2026-09-17T15:53:34-03:00,Mis depositarios,Seleccionar la cuenta Macro Securities (MACRO SECURITIES),5825.0
2026-09-17T15:53:34-03:00,Mis depositarios,Seleccionar la cuenta Max Capital (MAX CAPITAL SA),5567.0
2026-09-17T15:53:34-03:00,Mis depositarios,Seleccionar la cuenta One618 (ONE 618),5277.0
2026-09-17T15:53:34-03:00,Mis depositarios,Seleccionar la cuenta Portfolio Personal Inversiones (Prueba),5416.0
2026-09-17T15:53:34-03:00,Mis depositarios,Seleccionar la cuenta Puente Hermanos (PUENTE HNOS),5560.0
2026-09-17T15:53:34-03:00,Mis depositarios,Seleccionar la cuenta SBS (SBS),5373.0
2026-09-17T15:53:34-03:00,Mis depositarios,Seleccionar la cuenta Santander (Banco Santander),5043.0
2026-09-17T15:53:34-03:00,Mis depositarios,Seleccionar la cuenta Schroders (Schroders USD),5313.0
2026-09-17T15:53:34-03:00,Mis depositarios,Seleccionar todas las cuentas del depositario Adcap,4940.0
2026-09-17T15:53:34-03:00,Mis depositarios,Seleccionar todas las cuentas del depositario Allaria,5633.0
2026-09-17T15:53:34-03:00,Mis depositarios,Seleccionar todas las cuentas del depositario BBVA,5754.0
2026-09-17T15:53:34-03:00,Mis depositarios,Seleccionar todas las cuentas del depositario Balanz,5978.0
2026-09-17T15:53:34-03:00,Mis depositarios,Seleccionar todas las cuentas del depositario Banco Comafi,5399.0
2026-09-17T15:53:34-03:00,Mis depositarios,Seleccionar todas las cuentas del depositario Banco Macro,5581.0
2026-09-17T15:53:34-03:00,Mis depositarios,Seleccionar todas las cuentas del depositario Banco Nación,5343.0
2026-09-17T15:53:34-03:00,Mis depositarios,Seleccionar todas las cuentas del depositario Banco Patagonia,5382.0
2026-09-17T15:53:34-03:00,Mis depositarios,Seleccionar todas las cuentas del depositario Citi,5367.0
2026-09-17T15:53:34-03:00,Mis depositarios,Seleccionar todas las cuentas del depositario Facimex,5877.0
2026-09-17T15:53:34-03:00,Mis depositarios,Seleccionar todas las cuentas del depositario Galicia,5299.0
2026-09-17T15:53:34-03:00,Mis depositarios,Seleccionar todas las cuentas del depositario ICBC,5683.0
2026-09-17T15:53:34-03:00,Mis depositarios,Seleccionar todas las cuentas del depositario Invertir En Bolsa,6288.0
2026-09-17T15:53:34-03:00,Mis depositarios,Seleccionar todas las cuentas del depositario Macro Securities,5519.0
2026-09-17T15:53:34-03:00,Mis depositarios,Seleccionar todas las cuentas del depositario Max Capital,5876.0
2026-09-17T15:53:34-03:00,Mis depositarios,Seleccionar todas las cuentas del depositario One618,5503.0
2026-09-17T15:53:34-03:00,Mis depositarios,Seleccionar todas las cuentas del depositario Portfolio Personal Inversiones,5522.0
2026-09-17T15:53:34-03:00,Mis depositarios,Seleccionar todas las cuentas del depositario Puente Hermanos,5720.0
2026-09-17T15:53:34-03:00,Mis depositarios,Seleccionar todas las cuentas del depositario SBS,5491.0
2026-09-17T15:53:34-03:00,Mis depositarios,Seleccionar todas las cuentas del depositario Santander,5432.0
2026-09-17T15:53:34-03:00,Mis depositarios,Seleccionar todas las cuentas del depositario Schroders,5288.0
2026-09-17T15:53:34-03:00,Mis depositarios,Seleccionar todas las cuentas disponibles,5825.0
2026-09-17T15:53:34-03:00,Mis operaciones,Primer ingreso al depositario Adcap,966.0
2026-09-17T15:53:34-03:00,Mis operaciones,Primer ingreso al menú Mis operaciones,6615.0
2026-09-17T15:53:34-03:00,Mis operaciones,Primer ingreso: Depositario Adcap filtro de 1 mes de operaciones,869.0
2026-09-17T15:53:34-03:00,Mis operaciones,Primer ingreso: Filtro de 1 mes de operaciones,5571.0
2026-09-17T15:53:34-03:00,Mis operaciones,Segundo ingreso al depositario Adcap,762.0
2026-09-17T15:53:34-03:00,Mis operaciones,Segundo ingreso al menú Mis operaciones,4202.0
2026-09-17T15:53:34-03:00,Mis operaciones,Segundo ingreso: Depositario Adcap filtro de 1 mes de operaciones,880.0
2026-09-17T15:53:34-03:00,Mis operaciones,Segundo ingreso: Filtro de 1 mes de operaciones,5198.0
2026-09-17T15:53:34-03:00,Mis portfolios,Primer ingreso al menú Mis portfolios,4457.0
2026-09-17T15:53:34-03:00,Mis portfolios,Primer ingreso al portfolio Oldelval SA desde Mis portfolios,6080.0
2026-09-17T15:53:34-03:00,Mis portfolios,Primer ingreso al portfolio Oldelval SDE desde Mis portfolios,5162.0
2026-09-17T15:53:34-03:00,Mis portfolios,Primer ingreso al portfolio Total Compañia desde Mis portfolios,7324.0
2026-09-17T15:53:34-03:00,Mis portfolios,Segundo ingreso al menú Mis portfolios,1829.0
2026-09-17T15:53:34-03:00,Mis portfolios,Segundo ingreso al portfolio Oldelval SA desde Mis portfolios,6372.0
2026-09-17T15:53:34-03:00,Mis portfolios,Segundo ingreso al portfolio Oldelval SDE desde Mis portfolios,5172.0
2026-09-17T15:53:34-03:00,Mis portfolios,Segundo ingreso al portfolio Total Compañia desde Mis portfolios,7079.0
2026-09-17T15:53:34-03:00,Rendimiento,Cambio de método de rentabilidad a TWR,1920.0
2026-09-17T15:53:34-03:00,Rendimiento,Portfolio Oldelval SA: Primer ingreso a la carta de rendimiento Desde el inicio con método MWR,690.0
2026-09-17T15:53:34-03:00,Rendimiento,Portfolio Oldelval SA: Primer ingreso a la carta de rendimiento Desde el inicio con método TWR,652.0
2026-09-17T15:53:34-03:00,Rendimiento,Portfolio Oldelval SA: Primer ingreso a la carta de rendimiento Desde principio de año con método MWR,744.0
2026-09-17T15:53:34-03:00,Rendimiento,Portfolio Oldelval SA: Primer ingreso a la carta de rendimiento Desde principio de año con método TWR,663.0
2026-09-17T15:53:34-03:00,Rendimiento,Portfolio Oldelval SA: Primer ingreso a la carta de rendimiento Desde principio de mes con método MWR,569.0
2026-09-17T15:53:34-03:00,Rendimiento,Portfolio Oldelval SA: Primer ingreso a la carta de rendimiento Desde principio de mes con método TWR,634.0
2026-09-17T15:53:34-03:00,Rendimiento,Portfolio Oldelval SA: Primer ingreso a la carta de rendimiento Última semana con método MWR,504.0
2026-09-17T15:53:34-03:00,Rendimiento,Portfolio Oldelval SA: Primer ingreso a la carta de rendimiento Última semana con método TWR,536.0
2026-09-17T15:53:34-03:00,Rendimiento,Portfolio Oldelval SA: Primer ingreso a la carta de rendimiento Último año con método MWR,695.0
2026-09-17T15:53:34-03:00,Rendimiento,Portfolio Oldelval SA: Primer ingreso a la carta de rendimiento Último año con método TWR,783.0
2026-09-17T15:53:34-03:00,Rendimiento,Portfolio Oldelval SA: Primer ingreso a la carta de rendimiento Último mes con método MWR,649.0
2026-09-17T15:53:34-03:00,Rendimiento,Portfolio Oldelval SA: Primer ingreso a la carta de rendimiento Último mes con método TWR,592.0
2026-09-17T15:53:34-03:00,Rendimiento,Portfolio Oldelval SA: Primer ingreso a la carta de rendimiento Últimos 3 meses con método MWR,834.0
2026-09-17T15:53:34-03:00,Rendimiento,Portfolio Oldelval SA: Primer ingreso a la carta de rendimiento Últimos 3 meses con método TWR,669.0
2026-09-17T15:53:34-03:00,Rendimiento,Portfolio Oldelval SA: Segundo ingreso a la carta de rendimiento Desde el inicio con método MWR,686.0
2026-09-17T15:53:34-03:00,Rendimiento,Portfolio Oldelval SA: Segundo ingreso a la carta de rendimiento Desde el inicio con método TWR,799.0
2026-09-17T15:53:34-03:00,Rendimiento,Portfolio Oldelval SA: Segundo ingreso a la carta de rendimiento Desde principio de año con método MWR,680.0
2026-09-17T15:53:34-03:00,Rendimiento,Portfolio Oldelval SA: Segundo ingreso a la carta de rendimiento Desde principio de año con método TWR,756.0
2026-09-17T15:53:34-03:00,Rendimiento,Portfolio Oldelval SA: Segundo ingreso a la carta de rendimiento Desde principio de mes con método MWR,636.0
2026-09-17T15:53:34-03:00,Rendimiento,Portfolio Oldelval SA: Segundo ingreso a la carta de rendimiento Desde principio de mes con método TWR,595.0
2026-09-17T15:53:34-03:00,Rendimiento,Portfolio Oldelval SA: Segundo ingreso a la carta de rendimiento Última semana con método MWR,539.0
2026-09-17T15:53:34-03:00,Rendimiento,Portfolio Oldelval SA: Segundo ingreso a la carta de rendimiento Última semana con método TWR,538.0
2026-09-17T15:53:34-03:00,Rendimiento,Portfolio Oldelval SA: Segundo ingreso a la carta de rendimiento Último año con método MWR,791.0
2026-09-17T15:53:34-03:00,Rendimiento,Portfolio Oldelval SA: Segundo ingreso a la carta de rendimiento Último año con método TWR,710.0
2026-09-17T15:53:34-03:00,Rendimiento,Portfolio Oldelval SA: Segundo ingreso a la carta de rendimiento Último mes con método MWR,637.0
2026-09-17T15:53:34-03:00,Rendimiento,Portfolio Oldelval SA: Segundo ingreso a la carta de rendimiento Último mes con método TWR,719.0
2026-09-17T15:53:34-03:00,Rendimiento,Portfolio Oldelval SA: Segundo ingreso a la carta de rendimiento Últimos 3 meses con método MWR,704.0
2026-09-17T15:53:34-03:00,Rendimiento,Portfolio Oldelval SA: Segundo ingreso a la carta de rendimiento Últimos 3 meses con método TWR,704.0
2026-09-17T15:53:34-03:00,Rendimiento,Portfolio Oldelval SDE: Primer ingreso a la carta de rendimiento Desde el inicio con método MWR,643.0
2026-09-17T15:53:34-03:00,Rendimiento,Portfolio Oldelval SDE: Primer ingreso a la carta de rendimiento Desde el inicio con método TWR,728.0
2026-09-17T15:53:34-03:00,Rendimiento,Portfolio Oldelval SDE: Primer ingreso a la carta de rendimiento Desde principio de año con método MWR,609.0
2026-09-17T15:53:34-03:00,Rendimiento,Portfolio Oldelval SDE: Primer ingreso a la carta de rendimiento Desde principio de año con método TWR,596.0
2026-09-17T15:53:34-03:00,Rendimiento,Portfolio Oldelval SDE: Primer ingreso a la carta de rendimiento Desde principio de mes con método MWR,539.0
2026-09-17T15:53:34-03:00,Rendimiento,Portfolio Oldelval SDE: Primer ingreso a la carta de rendimiento Desde principio de mes con método TWR,505.0
2026-09-17T15:53:34-03:00,Rendimiento,Portfolio Oldelval SDE: Primer ingreso a la carta de rendimiento Última semana con método MWR,588.0
2026-09-17T15:53:34-03:00,Rendimiento,Portfolio Oldelval SDE: Primer ingreso a la carta de rendimiento Última semana con método TWR,589.0
2026-09-17T15:53:34-03:00,Rendimiento,Portfolio Oldelval SDE: Primer ingreso a la carta de rendimiento Último año con método MWR,687.0
2026-09-17T15:53:34-03:00,Rendimiento,Portfolio Oldelval SDE: Primer ingreso a la carta de rendimiento Último año con método TWR,679.0
2026-09-17T15:53:34-03:00,Rendimiento,Portfolio Oldelval SDE: Primer ingreso a la carta de rendimiento Último mes con método MWR,635.0
2026-09-17T15:53:34-03:00,Rendimiento,Portfolio Oldelval SDE: Primer ingreso a la carta de rendimiento Último mes con método TWR,537.0
2026-09-17T15:53:34-03:00,Rendimiento,Portfolio Oldelval SDE: Primer ingreso a la carta de rendimiento Últimos 3 meses con método MWR,661.0
2026-09-17T15:53:34-03:00,Rendimiento,Portfolio Oldelval SDE: Primer ingreso a la carta de rendimiento Últimos 3 meses con método TWR,636.0
2026-09-17T15:53:34-03:00,Rendimiento,Portfolio Oldelval SDE: Segundo ingreso a la carta de rendimiento Desde el inicio con método MWR,718.0
2026-09-17T15:53:34-03:00,Rendimiento,Portfolio Oldelval SDE: Segundo ingreso a la carta de rendimiento Desde el inicio con método TWR,643.0
2026-09-17T15:53:34-03:00,Rendimiento,Portfolio Oldelval SDE: Segundo ingreso a la carta de rendimiento Desde principio de año con método MWR,635.0
2026-09-17T15:53:34-03:00,Rendimiento,Portfolio Oldelval SDE: Segundo ingreso a la carta de rendimiento Desde principio de año con método TWR,586.0
2026-09-17T15:53:34-03:00,Rendimiento,Portfolio Oldelval SDE: Segundo ingreso a la carta de rendimiento Desde principio de mes con método MWR,556.0
2026-09-17T15:53:34-03:00,Rendimiento,Portfolio Oldelval SDE: Segundo ingreso a la carta de rendimiento Desde principio de mes con método TWR,582.0
2026-09-17T15:53:34-03:00,Rendimiento,Portfolio Oldelval SDE: Segundo ingreso a la carta de rendimiento Última semana con método MWR,585.0
2026-09-17T15:53:34-03:00,Rendimiento,Portfolio Oldelval SDE: Segundo ingreso a la carta de rendimiento Última semana con método TWR,529.0
2026-09-17T15:53:34-03:00,Rendimiento,Portfolio Oldelval SDE: Segundo ingreso a la carta de rendimiento Último año con método MWR,1466.0
2026-09-17T15:53:34-03:00,Rendimiento,Portfolio Oldelval SDE: Segundo ingreso a la carta de rendimiento Último año con método TWR,729.0
2026-09-17T15:53:34-03:00,Rendimiento,Portfolio Oldelval SDE: Segundo ingreso a la carta de rendimiento Último mes con método MWR,599.0
2026-09-17T15:53:34-03:00,Rendimiento,Portfolio Oldelval SDE: Segundo ingreso a la carta de rendimiento Último mes con método TWR,598.0
2026-09-17T15:53:34-03:00,Rendimiento,Portfolio Oldelval SDE: Segundo ingreso a la carta de rendimiento Últimos 3 meses con método MWR,661.0
2026-09-17T15:53:34-03:00,Rendimiento,Portfolio Oldelval SDE: Segundo ingreso a la carta de rendimiento Últimos 3 meses con método TWR,727.0
2026-09-17T15:53:34-03:00,Rendimiento,Portfolio Total: Primer ingreso a la carta de rendimiento Desde el inicio con método MWR,702.0
2026-09-17T15:53:34-03:00,Rendimiento,Portfolio Total: Primer ingreso a la carta de rendimiento Desde el inicio con método TWR,779.0
2026-09-17T15:53:34-03:00,Rendimiento,Portfolio Total: Primer ingreso a la carta de rendimiento Desde principio de año con método MWR,713.0
2026-09-17T15:53:34-03:00,Rendimiento,Portfolio Total: Primer ingreso a la carta de rendimiento Desde principio de año con método TWR,795.0
2026-09-17T15:53:34-03:00,Rendimiento,Portfolio Total: Primer ingreso a la carta de rendimiento Desde principio de mes con método MWR,550.0
2026-09-17T15:53:34-03:00,Rendimiento,Portfolio Total: Primer ingreso a la carta de rendimiento Desde principio de mes con método TWR,567.0
2026-09-17T15:53:34-03:00,Rendimiento,Portfolio Total: Primer ingreso a la carta de rendimiento Última semana con método MWR,478.0
2026-09-17T15:53:34-03:00,Rendimiento,Portfolio Total: Primer ingreso a la carta de rendimiento Última semana con método TWR,509.0
2026-09-17T15:53:34-03:00,Rendimiento,Portfolio Total: Primer ingreso a la carta de rendimiento Último año con método MWR,722.0
2026-09-17T15:53:34-03:00,Rendimiento,Portfolio Total: Primer ingreso a la carta de rendimiento Último año con método TWR,895.0
2026-09-17T15:53:34-03:00,Rendimiento,Portfolio Total: Primer ingreso a la carta de rendimiento Último mes con método MWR,664.0
2026-09-17T15:53:34-03:00,Rendimiento,Portfolio Total: Primer ingreso a la carta de rendimiento Último mes con método TWR,675.0
2026-09-17T15:53:34-03:00,Rendimiento,Portfolio Total: Primer ingreso a la carta de rendimiento Últimos 3 meses con método MWR,625.0
2026-09-17T15:53:34-03:00,Rendimiento,Portfolio Total: Primer ingreso a la carta de rendimiento Últimos 3 meses con método TWR,781.0
2026-09-17T15:53:34-03:00,Rendimiento,Portfolio Total: Segundo ingreso a la carta de rendimiento Desde el inicio con método MWR,744.0
2026-09-17T15:53:34-03:00,Rendimiento,Portfolio Total: Segundo ingreso a la carta de rendimiento Desde el inicio con método TWR,715.0
2026-09-17T15:53:34-03:00,Rendimiento,Portfolio Total: Segundo ingreso a la carta de rendimiento Desde principio de año con método MWR,784.0
2026-09-17T15:53:34-03:00,Rendimiento,Portfolio Total: Segundo ingreso a la carta de rendimiento Desde principio de año con método TWR,718.0
2026-09-17T15:53:34-03:00,Rendimiento,Portfolio Total: Segundo ingreso a la carta de rendimiento Desde principio de mes con método MWR,609.0
2026-09-17T15:53:34-03:00,Rendimiento,Portfolio Total: Segundo ingreso a la carta de rendimiento Desde principio de mes con método TWR,592.0
2026-09-17T15:53:34-03:00,Rendimiento,Portfolio Total: Segundo ingreso a la carta de rendimiento Última semana con método MWR,553.0
2026-09-17T15:53:34-03:00,Rendimiento,Portfolio Total: Segundo ingreso a la carta de rendimiento Última semana con método TWR,540.0
2026-09-17T15:53:34-03:00,Rendimiento,Portfolio Total: Segundo ingreso a la carta de rendimiento Último año con método MWR,725.0
2026-09-17T15:53:34-03:00,Rendimiento,Portfolio Total: Segundo ingreso a la carta de rendimiento Último año con método TWR,750.0
2026-09-17T15:53:34-03:00,Rendimiento,Portfolio Total: Segundo ingreso a la carta de rendimiento Último mes con método MWR,770.0
2026-09-17T15:53:34-03:00,Rendimiento,Portfolio Total: Segundo ingreso a la carta de rendimiento Último mes con método TWR,728.0
2026-09-17T15:53:34-03:00,Rendimiento,Portfolio Total: Segundo ingreso a la carta de rendimiento Últimos 3 meses con método MWR,719.0
2026-09-17T15:53:34-03:00,Rendimiento,Portfolio Total: Segundo ingreso a la carta de rendimiento Últimos 3 meses con método TWR,729.0
2026-09-17T15:53:34-03:00,Rendimiento,Primer ingreso al menú Rendimiento,3600.0
2026-09-17T15:53:34-03:00,Rendimiento,Primer ingreso al portfolio Oldelval SA,1883.0
2026-09-17T15:53:34-03:00,Rendimiento,Primer ingreso al portfolio Oldelval SDE,1817.0
2026-09-17T15:53:34-03:00,Rendimiento,Primer ingreso al portfolio Total,2106.0
2026-09-17T15:53:34-03:00,Rendimiento,Segundo ingreso al portfolio Oldelval SA,1218.0
2026-09-17T15:53:34-03:00,Rendimiento,Segundo ingreso al portfolio Oldelval SDE,1216.0
2026-09-17T15:53:34-03:00,Rendimiento,Segundo ingreso al portfolio Total,1262.0
2026-09-18T15:27:11-03:00,Agenda,Primer ingreso al menú Agenda,3193.0
2026-09-18T15:27:11-03:00,Agenda,"Primer ingreso: Tipo de instrumento Bonos, estado: Cobrado",736.0
2026-09-18T15:27:11-03:00,Agenda,"Primer ingreso: Tipo de instrumento Bonos, estado: Cobrado, fecha: 1 mes hacia atras",1132.0
2026-09-18T15:27:11-03:00,Agenda,"Primer ingreso: Tipo de instrumento Bonos, estado: Cobrado, fecha: 3 meses hacia atras",1143.0
2026-09-18T15:27:11-03:00,Agenda,"Primer ingreso: Tipo de instrumento Bonos, estado: Pendiente",754.0
2026-09-18T15:27:11-03:00,Agenda,"Primer ingreso: Tipo de instrumento Bonos, estado: Pendiente, fecha: 1 mes hacia atras",1376.0
2026-09-18T15:27:11-03:00,Agenda,"Primer ingreso: Tipo de instrumento Operaciones a descuento, estado: Cobrado, Concepto: Cancelación anticipada",791.0
2026-09-18T15:27:11-03:00,Agenda,"Primer ingreso: Tipo de instrumento Operaciones a descuento, estado: Cobrado, Concepto: Cancelación anticipada, fecha: 1 mes hacia atras",1000.0
2026-09-18T15:27:11-03:00,Agenda,"Primer ingreso: Tipo de instrumento Operaciones a descuento, estado: Cobrado, Concepto: Cancelación anticipada, fecha: 3 meses hacia atras",859.0
2026-09-18T15:27:11-03:00,Agenda,"Primer ingreso: Tipo de instrumento Operaciones a descuento, estado: Cobrado, Concepto: Vencimiento",740.0
2026-09-18T15:27:11-03:00,Agenda,"Primer ingreso: Tipo de instrumento Operaciones a descuento, estado: Cobrado, Concepto: Vencimiento, fecha: 1 mes hacia atras",874.0
2026-09-18T15:27:11-03:00,Agenda,"Primer ingreso: Tipo de instrumento Operaciones a descuento, estado: Cobrado, Concepto: Vencimiento, fecha: 3 meses hacia atras",849.0
2026-09-18T15:27:11-03:00,Agenda,"Primer ingreso: Tipo de instrumento Operaciones a descuento, estado: Cobrado, Concepto: Venta",698.0
2026-09-18T15:27:11-03:00,Agenda,"Primer ingreso: Tipo de instrumento Operaciones a descuento, estado: Cobrado, Concepto: Venta, fecha: 1 mes hacia atras",868.0
2026-09-18T15:27:11-03:00,Agenda,"Primer ingreso: Tipo de instrumento Operaciones a descuento, estado: Cobrado, Concepto: Venta, fecha: 3 meses hacia atras",861.0
2026-09-18T15:27:11-03:00,Agenda,"Primer ingreso: Tipo de instrumento Operaciones a descuento, estado: Pendiente",534.0
2026-09-18T15:27:11-03:00,Agenda,"Primer ingreso: Tipo de instrumento Operaciones a descuento, estado: Pendiente, fecha: 1 mes hacia atras",1106.0
2026-09-18T15:27:11-03:00,Agenda,"Primer ingreso: Tipo de instrumento Operaciones a plazo, estado: Cobrado, Concepto: Cancelación anticipada",950.0
2026-09-18T15:27:11-03:00,Agenda,"Primer ingreso: Tipo de instrumento Operaciones a plazo, estado: Cobrado, Concepto: Cancelación anticipada, fecha: 1 mes hacia atras",880.0
2026-09-18T15:27:11-03:00,Agenda,"Primer ingreso: Tipo de instrumento Operaciones a plazo, estado: Cobrado, Concepto: Cancelación anticipada, fecha: 3 meses hacia atras",888.0
2026-09-18T15:27:11-03:00,Agenda,"Primer ingreso: Tipo de instrumento Operaciones a plazo, estado: Cobrado, Concepto: Vencimiento",688.0
2026-09-18T15:27:11-03:00,Agenda,"Primer ingreso: Tipo de instrumento Operaciones a plazo, estado: Cobrado, Concepto: Vencimiento, fecha: 1 mes hacia atras",852.0
2026-09-18T15:27:11-03:00,Agenda,"Primer ingreso: Tipo de instrumento Operaciones a plazo, estado: Cobrado, Concepto: Vencimiento, fecha: 3 meses hacia atras",894.0
2026-09-18T15:27:11-03:00,Agenda,"Primer ingreso: Tipo de instrumento Operaciones a plazo, estado: Cobrado, Concepto: Venta",681.0
2026-09-18T15:27:11-03:00,Agenda,"Primer ingreso: Tipo de instrumento Operaciones a plazo, estado: Cobrado, Concepto: Venta, fecha: 1 mes hacia atras",862.0
2026-09-18T15:27:11-03:00,Agenda,"Primer ingreso: Tipo de instrumento Operaciones a plazo, estado: Cobrado, Concepto: Venta, fecha: 3 meses hacia atras",860.0
2026-09-18T15:27:11-03:00,Agenda,"Primer ingreso: Tipo de instrumento Operaciones a plazo, estado: Pendiente",575.0
2026-09-18T15:27:11-03:00,Agenda,"Primer ingreso: Tipo de instrumento Operaciones a plazo, estado: Pendiente, fecha: 1 mes hacia atras",1083.0
2026-09-18T15:27:11-03:00,Agenda,Segundo ingreso al menú Agenda,6278.0
2026-09-18T15:27:11-03:00,Agenda,"Segundo ingreso: Tipo de instrumento Bonos, estado: Cobrado",643.0
2026-09-18T15:27:11-03:00,Agenda,"Segundo ingreso: Tipo de instrumento Bonos, estado: Cobrado, fecha: 1 mes hacia atras",1136.0
2026-09-18T15:27:11-03:00,Agenda,"Segundo ingreso: Tipo de instrumento Bonos, estado: Cobrado, fecha: 3 meses hacia atras",1114.0
2026-09-18T15:27:11-03:00,Agenda,"Segundo ingreso: Tipo de instrumento Bonos, estado: Pendiente, fecha: 1 mes hacia atras",1470.0
2026-09-18T15:27:11-03:00,Agenda,"Segundo ingreso: Tipo de instrumento Bonos, estado: pendiente",746.0
2026-09-18T15:27:11-03:00,Agenda,"Segundo ingreso: Tipo de instrumento Operaciones a descuento, estado: Cobrado, Concepto: Cancelación anticipada",806.0
2026-09-18T15:27:11-03:00,Agenda,"Segundo ingreso: Tipo de instrumento Operaciones a descuento, estado: Cobrado, Concepto: Cancelación anticipada, fecha: 1 mes hacia atras",893.0
2026-09-18T15:27:11-03:00,Agenda,"Segundo ingreso: Tipo de instrumento Operaciones a descuento, estado: Cobrado, Concepto: Cancelación anticipada, fecha: 3 meses hacia atras",858.0
2026-09-18T15:27:11-03:00,Agenda,"Segundo ingreso: Tipo de instrumento Operaciones a descuento, estado: Cobrado, Concepto: Vencimiento",695.0
2026-09-18T15:27:11-03:00,Agenda,"Segundo ingreso: Tipo de instrumento Operaciones a descuento, estado: Cobrado, Concepto: Vencimiento, fecha: 1 mes hacia atras",853.0
2026-09-18T15:27:11-03:00,Agenda,"Segundo ingreso: Tipo de instrumento Operaciones a descuento, estado: Cobrado, Concepto: Vencimiento, fecha: 3 meses hacia atras",890.0
2026-09-18T15:27:11-03:00,Agenda,"Segundo ingreso: Tipo de instrumento Operaciones a descuento, estado: Cobrado, Concepto: Venta",719.0
2026-09-18T15:27:11-03:00,Agenda,"Segundo ingreso: Tipo de instrumento Operaciones a descuento, estado: Cobrado, Concepto: Venta, fecha: 1 mes hacia atras",860.0
2026-09-18T15:27:11-03:00,Agenda,"Segundo ingreso: Tipo de instrumento Operaciones a descuento, estado: Cobrado, Concepto: Venta, fecha: 3 meses hacia atras",877.0
2026-09-18T15:27:11-03:00,Agenda,"Segundo ingreso: Tipo de instrumento Operaciones a descuento, estado: Pendiente, fecha: 1 mes hacia atras",1074.0
2026-09-18T15:27:11-03:00,Agenda,"Segundo ingreso: Tipo de instrumento Operaciones a descuento, estado: pendiente",558.0
2026-09-18T15:27:11-03:00,Agenda,"Segundo ingreso: Tipo de instrumento Operaciones a plazo, estado: Cobrado, Concepto: Cancelación anticipada",795.0
2026-09-18T15:27:11-03:00,Agenda,"Segundo ingreso: Tipo de instrumento Operaciones a plazo, estado: Cobrado, Concepto: Cancelación anticipada, fecha: 1 mes hacia atras",860.0
2026-09-18T15:27:11-03:00,Agenda,"Segundo ingreso: Tipo de instrumento Operaciones a plazo, estado: Cobrado, Concepto: Cancelación anticipada, fecha: 3 meses hacia atras",848.0
2026-09-18T15:27:11-03:00,Agenda,"Segundo ingreso: Tipo de instrumento Operaciones a plazo, estado: Cobrado, Concepto: Vencimiento",678.0
2026-09-18T15:27:11-03:00,Agenda,"Segundo ingreso: Tipo de instrumento Operaciones a plazo, estado: Cobrado, Concepto: Vencimiento, fecha: 1 mes hacia atras",1074.0
2026-09-18T15:27:11-03:00,Agenda,"Segundo ingreso: Tipo de instrumento Operaciones a plazo, estado: Cobrado, Concepto: Vencimiento, fecha: 3 meses hacia atras",904.0
2026-09-18T15:27:11-03:00,Agenda,"Segundo ingreso: Tipo de instrumento Operaciones a plazo, estado: Cobrado, Concepto: Venta",878.0
2026-09-18T15:27:11-03:00,Agenda,"Segundo ingreso: Tipo de instrumento Operaciones a plazo, estado: Cobrado, Concepto: Venta, fecha: 1 mes hacia atras",843.0
2026-09-18T15:27:11-03:00,Agenda,"Segundo ingreso: Tipo de instrumento Operaciones a plazo, estado: Cobrado, Concepto: Venta, fecha: 3 meses hacia atras",872.0
2026-09-18T15:27:11-03:00,Agenda,"Segundo ingreso: Tipo de instrumento Operaciones a plazo, estado: Pendiente, fecha: 1 mes hacia atras",1049.0
2026-09-18T15:27:11-03:00,Agenda,"Segundo ingreso: Tipo de instrumento Operaciones a plazo, estado: pendiente",540.0
2026-09-18T15:27:11-03:00,Home,Ingreso a MPC,3729.0
2026-09-18T15:27:11-03:00,Home,Primer ingreso al menú Home,5198.0
2026-09-18T15:27:11-03:00,Home,Primer ingreso al portfolio Oldelval SA desde el Home,9867.0
2026-09-18T15:27:11-03:00,Home,Primer ingreso al portfolio Oldelval SDE desde el Home,6581.0
2026-09-18T15:27:11-03:00,Home,Primer ingreso al portfolio Total Compañia desde el Home,7301.0
2026-09-18T15:27:11-03:00,Home,Segundo ingreso al menú Home,2893.0
2026-09-18T15:27:11-03:00,Home,Segundo ingreso al portfolio Oldelval SA desde el Home,8023.0
2026-09-18T15:27:11-03:00,Home,Segundo ingreso al portfolio Oldelval SDE desde el Home,5876.0
2026-09-18T15:27:11-03:00,Home,Segundo ingreso al portfolio Total Compañia desde el Home,7362.0
2026-09-18T15:27:11-03:00,Mis depositarios,Agrupar por especie todas las cuentas disponibles,1185.0
2026-09-18T15:27:11-03:00,Mis depositarios,Deseleccionar la cuenta Adcap (ADCAP),5592.0
2026-09-18T15:27:11-03:00,Mis depositarios,Deseleccionar la cuenta Allaria (ALLARIA),5228.0
2026-09-18T15:27:11-03:00,Mis depositarios,Deseleccionar la cuenta BBVA (Banco BBVA),5543.0
2026-09-18T15:27:11-03:00,Mis depositarios,Deseleccionar la cuenta Balanz (BALANZ CAPITAL VALORES SA),5439.0
2026-09-18T15:27:11-03:00,Mis depositarios,Deseleccionar la cuenta Banco Comafi (Banco Comafi),4888.0
2026-09-18T15:27:11-03:00,Mis depositarios,Deseleccionar la cuenta Banco Macro (BANCO MACRO),4238.0
2026-09-18T15:27:11-03:00,Mis depositarios,Deseleccionar la cuenta Banco Macro (Banco Maco B),5017.0
2026-09-18T15:27:11-03:00,Mis depositarios,Deseleccionar la cuenta Banco Macro (Banco Macro USD),5413.0
2026-09-18T15:27:11-03:00,Mis depositarios,Deseleccionar la cuenta Banco Nación (Banco Nacion),5059.0
2026-09-18T15:27:11-03:00,Mis depositarios,Deseleccionar la cuenta Banco Patagonia (BANCO PATAGONIA),5308.0
2026-09-18T15:27:11-03:00,Mis depositarios,Deseleccionar la cuenta Banco Patagonia (Banco Patagonia USD),5785.0
2026-09-18T15:27:11-03:00,Mis depositarios,Deseleccionar la cuenta Citi (Banco Citi),5301.0
2026-09-18T15:27:11-03:00,Mis depositarios,Deseleccionar la cuenta Facimex (FACIMEX),4998.0
2026-09-18T15:27:11-03:00,Mis depositarios,Deseleccionar la cuenta Galicia (BANCO GALICIA),5134.0
2026-09-18T15:27:11-03:00,Mis depositarios,Deseleccionar la cuenta Galicia (Galicia SDE),5655.0
2026-09-18T15:27:11-03:00,Mis depositarios,Deseleccionar la cuenta Galicia (Galicia USD),5645.0
2026-09-18T15:27:11-03:00,Mis depositarios,Deseleccionar la cuenta ICBC (BANCO ICBC),5878.0
2026-09-18T15:27:11-03:00,Mis depositarios,Deseleccionar la cuenta ICBC (Banco ICBC (B)),4701.0
2026-09-18T15:27:11-03:00,Mis depositarios,Deseleccionar la cuenta ICBC (Banco ICBC USD),5219.0
2026-09-18T15:27:11-03:00,Mis depositarios,Deseleccionar la cuenta Invertir En Bolsa (INVERTIR EN BOLSA),5248.0
2026-09-18T15:27:11-03:00,Mis depositarios,Deseleccionar la cuenta Macro Securities (MACRO SECURITIES),5517.0
2026-09-18T15:27:11-03:00,Mis depositarios,Deseleccionar la cuenta Max Capital (MAX CAPITAL SA),5068.0
2026-09-18T15:27:11-03:00,Mis depositarios,Deseleccionar la cuenta One618 (ONE 618),5621.0
2026-09-18T15:27:11-03:00,Mis depositarios,Deseleccionar la cuenta Portfolio Personal Inversiones (Prueba),4997.0
2026-09-18T15:27:11-03:00,Mis depositarios,Deseleccionar la cuenta Puente Hermanos (PUENTE HNOS),4784.0
2026-09-18T15:27:11-03:00,Mis depositarios,Deseleccionar la cuenta SBS (SBS),5042.0
2026-09-18T15:27:11-03:00,Mis depositarios,Deseleccionar la cuenta Santander (Banco Santander),5250.0
2026-09-18T15:27:11-03:00,Mis depositarios,Deseleccionar la cuenta Schroders (Schroders USD),5500.0
2026-09-18T15:27:11-03:00,Mis depositarios,Deseleccionar todas las cuentas del depositario Adcap,4997.0
2026-09-18T15:27:11-03:00,Mis depositarios,Deseleccionar todas las cuentas del depositario Allaria,4978.0
2026-09-18T15:27:11-03:00,Mis depositarios,Deseleccionar todas las cuentas del depositario BBVA,5062.0
2026-09-18T15:27:11-03:00,Mis depositarios,Deseleccionar todas las cuentas del depositario Balanz,4635.0
2026-09-18T15:27:11-03:00,Mis depositarios,Deseleccionar todas las cuentas del depositario Banco Comafi,5247.0
2026-09-18T15:27:11-03:00,Mis depositarios,Deseleccionar todas las cuentas del depositario Banco Macro,4811.0
2026-09-18T15:27:11-03:00,Mis depositarios,Deseleccionar todas las cuentas del depositario Banco Nación,5072.0
2026-09-18T15:27:11-03:00,Mis depositarios,Deseleccionar todas las cuentas del depositario Banco Patagonia,5244.0
2026-09-18T15:27:11-03:00,Mis depositarios,Deseleccionar todas las cuentas del depositario Citi,5100.0
2026-09-18T15:27:11-03:00,Mis depositarios,Deseleccionar todas las cuentas del depositario Facimex,5122.0
2026-09-18T15:27:11-03:00,Mis depositarios,Deseleccionar todas las cuentas del depositario Galicia,5028.0
2026-09-18T15:27:11-03:00,Mis depositarios,Deseleccionar todas las cuentas del depositario ICBC,5401.0
2026-09-18T15:27:11-03:00,Mis depositarios,Deseleccionar todas las cuentas del depositario Invertir En Bolsa,5459.0
2026-09-18T15:27:11-03:00,Mis depositarios,Deseleccionar todas las cuentas del depositario Macro Securities,5224.0
2026-09-18T15:27:11-03:00,Mis depositarios,Deseleccionar todas las cuentas del depositario Max Capital,4915.0
2026-09-18T15:27:11-03:00,Mis depositarios,Deseleccionar todas las cuentas del depositario One618,5167.0
2026-09-18T15:27:11-03:00,Mis depositarios,Deseleccionar todas las cuentas del depositario Portfolio Personal Inversiones,5414.0
2026-09-18T15:27:11-03:00,Mis depositarios,Deseleccionar todas las cuentas del depositario Puente Hermanos,5592.0
2026-09-18T15:27:11-03:00,Mis depositarios,Deseleccionar todas las cuentas del depositario SBS,5043.0
2026-09-18T15:27:11-03:00,Mis depositarios,Deseleccionar todas las cuentas del depositario Santander,5117.0
2026-09-18T15:27:11-03:00,Mis depositarios,Deseleccionar todas las cuentas del depositario Schroders,5263.0
2026-09-18T15:27:11-03:00,Mis depositarios,Deseleccionar todas las cuentas disponibles,4536.0
2026-09-18T15:27:11-03:00,Mis depositarios,Primer ingreso al menú Mis depositarios,4891.0
2026-09-18T15:27:11-03:00,Mis depositarios,Seleccionar la cuenta Adcap (ADCAP),4563.0
2026-09-18T15:27:11-03:00,Mis depositarios,Seleccionar la cuenta Allaria (ALLARIA),4827.0
2026-09-18T15:27:11-03:00,Mis depositarios,Seleccionar la cuenta BBVA (Banco BBVA),5212.0
2026-09-18T15:27:11-03:00,Mis depositarios,Seleccionar la cuenta Balanz (BALANZ CAPITAL VALORES SA),5157.0
2026-09-18T15:27:11-03:00,Mis depositarios,Seleccionar la cuenta Banco Comafi (Banco Comafi),5244.0
2026-09-18T15:27:11-03:00,Mis depositarios,Seleccionar la cuenta Banco Macro (BANCO MACRO),5633.0
2026-09-18T15:27:11-03:00,Mis depositarios,Seleccionar la cuenta Banco Macro (Banco Maco B),5235.0
2026-09-18T15:27:11-03:00,Mis depositarios,Seleccionar la cuenta Banco Macro (Banco Macro USD),5228.0
2026-09-18T15:27:11-03:00,Mis depositarios,Seleccionar la cuenta Banco Nación (Banco Nacion),5904.0
2026-09-18T15:27:11-03:00,Mis depositarios,Seleccionar la cuenta Banco Patagonia (BANCO PATAGONIA),6462.0
2026-09-18T15:27:11-03:00,Mis depositarios,Seleccionar la cuenta Banco Patagonia (Banco Patagonia USD),5117.0
2026-09-18T15:27:11-03:00,Mis depositarios,Seleccionar la cuenta Citi (Banco Citi),5361.0
2026-09-18T15:27:11-03:00,Mis depositarios,Seleccionar la cuenta Facimex (FACIMEX),5406.0
2026-09-18T15:27:11-03:00,Mis depositarios,Seleccionar la cuenta Galicia (BANCO GALICIA),5052.0
2026-09-18T15:27:11-03:00,Mis depositarios,Seleccionar la cuenta Galicia (Galicia SDE),5204.0
2026-09-18T15:27:11-03:00,Mis depositarios,Seleccionar la cuenta Galicia (Galicia USD),5224.0
2026-09-18T15:27:11-03:00,Mis depositarios,Seleccionar la cuenta ICBC (BANCO ICBC),5166.0
2026-09-18T15:27:11-03:00,Mis depositarios,Seleccionar la cuenta ICBC (Banco ICBC (B)),4870.0
2026-09-18T15:27:11-03:00,Mis depositarios,Seleccionar la cuenta ICBC (Banco ICBC USD),5482.0
2026-09-18T15:27:11-03:00,Mis depositarios,Seleccionar la cuenta Invertir En Bolsa (INVERTIR EN BOLSA),4990.0
2026-09-18T15:27:11-03:00,Mis depositarios,Seleccionar la cuenta Macro Securities (MACRO SECURITIES),5772.0
2026-09-18T15:27:11-03:00,Mis depositarios,Seleccionar la cuenta Max Capital (MAX CAPITAL SA),5131.0
2026-09-18T15:27:11-03:00,Mis depositarios,Seleccionar la cuenta One618 (ONE 618),4728.0
2026-09-18T15:27:11-03:00,Mis depositarios,Seleccionar la cuenta Portfolio Personal Inversiones (Prueba),4996.0
2026-09-18T15:27:11-03:00,Mis depositarios,Seleccionar la cuenta Puente Hermanos (PUENTE HNOS),5427.0
2026-09-18T15:27:11-03:00,Mis depositarios,Seleccionar la cuenta SBS (SBS),4978.0
2026-09-18T15:27:11-03:00,Mis depositarios,Seleccionar la cuenta Santander (Banco Santander),4960.0
2026-09-18T15:27:11-03:00,Mis depositarios,Seleccionar la cuenta Schroders (Schroders USD),5317.0
2026-09-18T15:27:11-03:00,Mis depositarios,Seleccionar todas las cuentas del depositario Adcap,5417.0
2026-09-18T15:27:11-03:00,Mis depositarios,Seleccionar todas las cuentas del depositario Allaria,5461.0
2026-09-18T15:27:11-03:00,Mis depositarios,Seleccionar todas las cuentas del depositario BBVA,5525.0
2026-09-18T15:27:11-03:00,Mis depositarios,Seleccionar todas las cuentas del depositario Balanz,5144.0
2026-09-18T15:27:11-03:00,Mis depositarios,Seleccionar todas las cuentas del depositario Banco Comafi,4373.0
2026-09-18T15:27:11-03:00,Mis depositarios,Seleccionar todas las cuentas del depositario Banco Macro,5395.0
2026-09-18T15:27:11-03:00,Mis depositarios,Seleccionar todas las cuentas del depositario Banco Nación,5511.0
2026-09-18T15:27:11-03:00,Mis depositarios,Seleccionar todas las cuentas del depositario Banco Patagonia,5144.0
2026-09-18T15:27:11-03:00,Mis depositarios,Seleccionar todas las cuentas del depositario Citi,5450.0
2026-09-18T15:27:11-03:00,Mis depositarios,Seleccionar todas las cuentas del depositario Facimex,5841.0
2026-09-18T15:27:11-03:00,Mis depositarios,Seleccionar todas las cuentas del depositario Galicia,5868.0
2026-09-18T15:27:11-03:00,Mis depositarios,Seleccionar todas las cuentas del depositario ICBC,5628.0
2026-09-18T15:27:11-03:00,Mis depositarios,Seleccionar todas las cuentas del depositario Invertir En Bolsa,5391.0
2026-09-18T15:27:11-03:00,Mis depositarios,Seleccionar todas las cuentas del depositario Macro Securities,5560.0
2026-09-18T15:27:11-03:00,Mis depositarios,Seleccionar todas las cuentas del depositario Max Capital,5121.0
2026-09-18T15:27:11-03:00,Mis depositarios,Seleccionar todas las cuentas del depositario One618,4932.0
2026-09-18T15:27:11-03:00,Mis depositarios,Seleccionar todas las cuentas del depositario Portfolio Personal Inversiones,5378.0
2026-09-18T15:27:11-03:00,Mis depositarios,Seleccionar todas las cuentas del depositario Puente Hermanos,5379.0
2026-09-18T15:27:11-03:00,Mis depositarios,Seleccionar todas las cuentas del depositario SBS,5379.0
2026-09-18T15:27:11-03:00,Mis depositarios,Seleccionar todas las cuentas del depositario Santander,5128.0
2026-09-18T15:27:11-03:00,Mis depositarios,Seleccionar todas las cuentas del depositario Schroders,5866.0
2026-09-18T15:27:11-03:00,Mis depositarios,Seleccionar todas las cuentas disponibles,5672.0
2026-09-18T15:27:11-03:00,Mis operaciones,Primer ingreso al depositario Adcap,866.0
2026-09-18T15:27:11-03:00,Mis operaciones,Primer ingreso al menú Mis operaciones,4910.0
2026-09-18T15:27:11-03:00,Mis operaciones,Primer ingreso: Depositario Adcap filtro de 1 mes de operaciones,755.0
2026-09-18T15:27:11-03:00,Mis operaciones,Primer ingreso: Filtro de 1 mes de operaciones,4772.0
2026-09-18T15:27:11-03:00,Mis operaciones,Segundo ingreso al depositario Adcap,597.0
2026-09-18T15:27:11-03:00,Mis operaciones,Segundo ingreso al menú Mis operaciones,3513.0
2026-09-18T15:27:11-03:00,Mis operaciones,Segundo ingreso: Depositario Adcap filtro de 1 mes de operaciones,746.0
2026-09-18T15:27:11-03:00,Mis operaciones,Segundo ingreso: Filtro de 1 mes de operaciones,4539.0
2026-09-18T15:27:11-03:00,Mis portfolios,Primer ingreso al menú Mis portfolios,5422.0
2026-09-18T15:27:11-03:00,Mis portfolios,Primer ingreso al portfolio Oldelval SA desde Mis portfolios,7875.0
2026-09-18T15:27:11-03:00,Mis portfolios,Primer ingreso al portfolio Oldelval SDE desde Mis portfolios,5273.0
2026-09-18T15:27:11-03:00,Mis portfolios,Primer ingreso al portfolio Total Compañia desde Mis portfolios,7407.0
2026-09-18T15:27:11-03:00,Mis portfolios,Segundo ingreso al menú Mis portfolios,1724.0
2026-09-18T15:27:11-03:00,Mis portfolios,Segundo ingreso al portfolio Oldelval SA desde Mis portfolios,6419.0
2026-09-18T15:27:11-03:00,Mis portfolios,Segundo ingreso al portfolio Oldelval SDE desde Mis portfolios,4919.0
2026-09-18T15:27:11-03:00,Mis portfolios,Segundo ingreso al portfolio Total Compañia desde Mis portfolios,6372.0
2026-09-18T15:27:11-03:00,Rendimiento,Cambio de método de rentabilidad a TWR,1488.0
2026-09-18T15:27:11-03:00,Rendimiento,Portfolio Oldelval SA: Primer ingreso a la carta de rendimiento Desde el inicio con método MWR,590.0
2026-09-18T15:27:11-03:00,Rendimiento,Portfolio Oldelval SA: Primer ingreso a la carta de rendimiento Desde el inicio con método TWR,509.0
2026-09-18T15:27:11-03:00,Rendimiento,Portfolio Oldelval SA: Primer ingreso a la carta de rendimiento Desde principio de año con método MWR,522.0
2026-09-18T15:27:11-03:00,Rendimiento,Portfolio Oldelval SA: Primer ingreso a la carta de rendimiento Desde principio de año con método TWR,644.0
2026-09-18T15:27:11-03:00,Rendimiento,Portfolio Oldelval SA: Primer ingreso a la carta de rendimiento Desde principio de mes con método MWR,422.0
2026-09-18T15:27:11-03:00,Rendimiento,Portfolio Oldelval SA: Primer ingreso a la carta de rendimiento Desde principio de mes con método TWR,1014.0
2026-09-18T15:27:11-03:00,Rendimiento,Portfolio Oldelval SA: Primer ingreso a la carta de rendimiento Última semana con método MWR,408.0
2026-09-18T15:27:11-03:00,Rendimiento,Portfolio Oldelval SA: Primer ingreso a la carta de rendimiento Última semana con método TWR,379.0
2026-09-18T15:27:11-03:00,Rendimiento,Portfolio Oldelval SA: Primer ingreso a la carta de rendimiento Último año con método MWR,529.0
2026-09-18T15:27:11-03:00,Rendimiento,Portfolio Oldelval SA: Primer ingreso a la carta de rendimiento Último año con método TWR,624.0
2026-09-18T15:27:11-03:00,Rendimiento,Portfolio Oldelval SA: Primer ingreso a la carta de rendimiento Último mes con método MWR,452.0
2026-09-18T15:27:11-03:00,Rendimiento,Portfolio Oldelval SA: Primer ingreso a la carta de rendimiento Último mes con método TWR,468.0
2026-09-18T15:27:11-03:00,Rendimiento,Portfolio Oldelval SA: Primer ingreso a la carta de rendimiento Últimos 3 meses con método MWR,482.0
2026-09-18T15:27:11-03:00,Rendimiento,Portfolio Oldelval SA: Primer ingreso a la carta de rendimiento Últimos 3 meses con método TWR,616.0
2026-09-18T15:27:11-03:00,Rendimiento,Portfolio Oldelval SA: Segundo ingreso a la carta de rendimiento Desde el inicio con método MWR,527.0
2026-09-18T15:27:11-03:00,Rendimiento,Portfolio Oldelval SA: Segundo ingreso a la carta de rendimiento Desde el inicio con método TWR,629.0
2026-09-18T15:27:11-03:00,Rendimiento,Portfolio Oldelval SA: Segundo ingreso a la carta de rendimiento Desde principio de año con método MWR,527.0
2026-09-18T15:27:11-03:00,Rendimiento,Portfolio Oldelval SA: Segundo ingreso a la carta de rendimiento Desde principio de año con método TWR,659.0
2026-09-18T15:27:11-03:00,Rendimiento,Portfolio Oldelval SA: Segundo ingreso a la carta de rendimiento Desde principio de mes con método MWR,447.0
2026-09-18T15:27:11-03:00,Rendimiento,Portfolio Oldelval SA: Segundo ingreso a la carta de rendimiento Desde principio de mes con método TWR,419.0
2026-09-18T15:27:11-03:00,Rendimiento,Portfolio Oldelval SA: Segundo ingreso a la carta de rendimiento Última semana con método MWR,448.0
2026-09-18T15:27:11-03:00,Rendimiento,Portfolio Oldelval SA: Segundo ingreso a la carta de rendimiento Última semana con método TWR,412.0
2026-09-18T15:27:11-03:00,Rendimiento,Portfolio Oldelval SA: Segundo ingreso a la carta de rendimiento Último año con método MWR,538.0
2026-09-18T15:27:11-03:00,Rendimiento,Portfolio Oldelval SA: Segundo ingreso a la carta de rendimiento Último año con método TWR,643.0
2026-09-18T15:27:11-03:00,Rendimiento,Portfolio Oldelval SA: Segundo ingreso a la carta de rendimiento Último mes con método MWR,489.0
2026-09-18T15:27:11-03:00,Rendimiento,Portfolio Oldelval SA: Segundo ingreso a la carta de rendimiento Último mes con método TWR,493.0
2026-09-18T15:27:11-03:00,Rendimiento,Portfolio Oldelval SA: Segundo ingreso a la carta de rendimiento Últimos 3 meses con método MWR,553.0
2026-09-18T15:27:11-03:00,Rendimiento,Portfolio Oldelval SA: Segundo ingreso a la carta de rendimiento Últimos 3 meses con método TWR,558.0
2026-09-18T15:27:11-03:00,Rendimiento,Portfolio Oldelval SDE: Primer ingreso a la carta de rendimiento Desde el inicio con método MWR,531.0
2026-09-18T15:27:11-03:00,Rendimiento,Portfolio Oldelval SDE: Primer ingreso a la carta de rendimiento Desde el inicio con método TWR,507.0
2026-09-18T15:27:11-03:00,Rendimiento,Portfolio Oldelval SDE: Primer ingreso a la carta de rendimiento Desde principio de año con método MWR,434.0
2026-09-18T15:27:11-03:00,Rendimiento,Portfolio Oldelval SDE: Primer ingreso a la carta de rendimiento Desde principio de año con método TWR,532.0
2026-09-18T15:27:11-03:00,Rendimiento,Portfolio Oldelval SDE: Primer ingreso a la carta de rendimiento Desde principio de mes con método MWR,361.0
2026-09-18T15:27:11-03:00,Rendimiento,Portfolio Oldelval SDE: Primer ingreso a la carta de rendimiento Desde principio de mes con método TWR,371.0
2026-09-18T15:27:11-03:00,Rendimiento,Portfolio Oldelval SDE: Primer ingreso a la carta de rendimiento Última semana con método MWR,324.0
2026-09-18T15:27:11-03:00,Rendimiento,Portfolio Oldelval SDE: Primer ingreso a la carta de rendimiento Última semana con método TWR,724.0
2026-09-18T15:27:11-03:00,Rendimiento,Portfolio Oldelval SDE: Primer ingreso a la carta de rendimiento Último año con método MWR,593.0
2026-09-18T15:27:11-03:00,Rendimiento,Portfolio Oldelval SDE: Primer ingreso a la carta de rendimiento Último año con método TWR,550.0
2026-09-18T15:27:11-03:00,Rendimiento,Portfolio Oldelval SDE: Primer ingreso a la carta de rendimiento Último mes con método MWR,429.0
2026-09-18T15:27:11-03:00,Rendimiento,Portfolio Oldelval SDE: Primer ingreso a la carta de rendimiento Último mes con método TWR,459.0
2026-09-18T15:27:11-03:00,Rendimiento,Portfolio Oldelval SDE: Primer ingreso a la carta de rendimiento Últimos 3 meses con método MWR,459.0
2026-09-18T15:27:11-03:00,Rendimiento,Portfolio Oldelval SDE: Primer ingreso a la carta de rendimiento Últimos 3 meses con método TWR,476.0
2026-09-18T15:27:11-03:00,Rendimiento,Portfolio Oldelval SDE: Segundo ingreso a la carta de rendimiento Desde el inicio con método MWR,497.0
2026-09-18T15:27:11-03:00,Rendimiento,Portfolio Oldelval SDE: Segundo ingreso a la carta de rendimiento Desde el inicio con método TWR,543.0
2026-09-18T15:27:11-03:00,Rendimiento,Portfolio Oldelval SDE: Segundo ingreso a la carta de rendimiento Desde principio de año con método MWR,498.0
2026-09-18T15:27:11-03:00,Rendimiento,Portfolio Oldelval SDE: Segundo ingreso a la carta de rendimiento Desde principio de año con método TWR,484.0
2026-09-18T15:27:11-03:00,Rendimiento,Portfolio Oldelval SDE: Segundo ingreso a la carta de rendimiento Desde principio de mes con método MWR,404.0
2026-09-18T15:27:11-03:00,Rendimiento,Portfolio Oldelval SDE: Segundo ingreso a la carta de rendimiento Desde principio de mes con método TWR,398.0
2026-09-18T15:27:11-03:00,Rendimiento,Portfolio Oldelval SDE: Segundo ingreso a la carta de rendimiento Última semana con método MWR,349.0
2026-09-18T15:27:11-03:00,Rendimiento,Portfolio Oldelval SDE: Segundo ingreso a la carta de rendimiento Última semana con método TWR,401.0
2026-09-18T15:27:11-03:00,Rendimiento,Portfolio Oldelval SDE: Segundo ingreso a la carta de rendimiento Último año con método MWR,1271.0
2026-09-18T15:27:11-03:00,Rendimiento,Portfolio Oldelval SDE: Segundo ingreso a la carta de rendimiento Último año con método TWR,522.0
2026-09-18T15:27:11-03:00,Rendimiento,Portfolio Oldelval SDE: Segundo ingreso a la carta de rendimiento Último mes con método MWR,436.0
2026-09-18T15:27:11-03:00,Rendimiento,Portfolio Oldelval SDE: Segundo ingreso a la carta de rendimiento Último mes con método TWR,432.0
2026-09-18T15:27:11-03:00,Rendimiento,Portfolio Oldelval SDE: Segundo ingreso a la carta de rendimiento Últimos 3 meses con método MWR,515.0
2026-09-18T15:27:11-03:00,Rendimiento,Portfolio Oldelval SDE: Segundo ingreso a la carta de rendimiento Últimos 3 meses con método TWR,484.0
2026-09-18T15:27:11-03:00,Rendimiento,Portfolio Total: Primer ingreso a la carta de rendimiento Desde el inicio con método MWR,540.0
2026-09-18T15:27:11-03:00,Rendimiento,Portfolio Total: Primer ingreso a la carta de rendimiento Desde el inicio con método TWR,589.0
2026-09-18T15:27:11-03:00,Rendimiento,Portfolio Total: Primer ingreso a la carta de rendimiento Desde principio de año con método MWR,511.0
2026-09-18T15:27:11-03:00,Rendimiento,Portfolio Total: Primer ingreso a la carta de rendimiento Desde principio de año con método TWR,524.0
2026-09-18T15:27:11-03:00,Rendimiento,Portfolio Total: Primer ingreso a la carta de rendimiento Desde principio de mes con método MWR,411.0
2026-09-18T15:27:11-03:00,Rendimiento,Portfolio Total: Primer ingreso a la carta de rendimiento Desde principio de mes con método TWR,444.0
2026-09-18T15:27:11-03:00,Rendimiento,Portfolio Total: Primer ingreso a la carta de rendimiento Última semana con método MWR,365.0
2026-09-18T15:27:11-03:00,Rendimiento,Portfolio Total: Primer ingreso a la carta de rendimiento Última semana con método TWR,362.0
2026-09-18T15:27:11-03:00,Rendimiento,Portfolio Total: Primer ingreso a la carta de rendimiento Último año con método MWR,565.0
2026-09-18T15:27:11-03:00,Rendimiento,Portfolio Total: Primer ingreso a la carta de rendimiento Último año con método TWR,703.0
2026-09-18T15:27:11-03:00,Rendimiento,Portfolio Total: Primer ingreso a la carta de rendimiento Último mes con método MWR,481.0
2026-09-18T15:27:11-03:00,Rendimiento,Portfolio Total: Primer ingreso a la carta de rendimiento Último mes con método TWR,438.0
2026-09-18T15:27:11-03:00,Rendimiento,Portfolio Total: Primer ingreso a la carta de rendimiento Últimos 3 meses con método MWR,486.0
2026-09-18T15:27:11-03:00,Rendimiento,Portfolio Total: Primer ingreso a la carta de rendimiento Últimos 3 meses con método TWR,501.0
2026-09-18T15:27:11-03:00,Rendimiento,Portfolio Total: Segundo ingreso a la carta de rendimiento Desde el inicio con método MWR,528.0
2026-09-18T15:27:11-03:00,Rendimiento,Portfolio Total: Segundo ingreso a la carta de rendimiento Desde el inicio con método TWR,530.0
2026-09-18T15:27:11-03:00,Rendimiento,Portfolio Total: Segundo ingreso a la carta de rendimiento Desde principio de año con método MWR,522.0
2026-09-18T15:27:11-03:00,Rendimiento,Portfolio Total: Segundo ingreso a la carta de rendimiento Desde principio de año con método TWR,553.0
2026-09-18T15:27:11-03:00,Rendimiento,Portfolio Total: Segundo ingreso a la carta de rendimiento Desde principio de mes con método MWR,453.0
2026-09-18T15:27:11-03:00,Rendimiento,Portfolio Total: Segundo ingreso a la carta de rendimiento Desde principio de mes con método TWR,458.0
2026-09-18T15:27:11-03:00,Rendimiento,Portfolio Total: Segundo ingreso a la carta de rendimiento Última semana con método MWR,383.0
2026-09-18T15:27:11-03:00,Rendimiento,Portfolio Total: Segundo ingreso a la carta de rendimiento Última semana con método TWR,389.0
2026-09-18T15:27:11-03:00,Rendimiento,Portfolio Total: Segundo ingreso a la carta de rendimiento Último año con método MWR,511.0
2026-09-18T15:27:11-03:00,Rendimiento,Portfolio Total: Segundo ingreso a la carta de rendimiento Último año con método TWR,559.0
2026-09-18T15:27:11-03:00,Rendimiento,Portfolio Total: Segundo ingreso a la carta de rendimiento Último mes con método MWR,512.0
2026-09-18T15:27:11-03:00,Rendimiento,Portfolio Total: Segundo ingreso a la carta de rendimiento Último mes con método TWR,446.0
2026-09-18T15:27:11-03:00,Rendimiento,Portfolio Total: Segundo ingreso a la carta de rendimiento Últimos 3 meses con método MWR,577.0
2026-09-18T15:27:11-03:00,Rendimiento,Portfolio Total: Segundo ingreso a la carta de rendimiento Últimos 3 meses con método TWR,501.0
2026-09-18T15:27:11-03:00,Rendimiento,Primer ingreso al menú Rendimiento,3305.0
2026-09-18T15:27:11-03:00,Rendimiento,Primer ingreso al portfolio Oldelval SA,1515.0
2026-09-18T15:27:11-03:00,Rendimiento,Primer ingreso al portfolio Oldelval SDE,1628.0
2026-09-18T15:27:11-03:00,Rendimiento,Primer ingreso al portfolio Total,1846.0
2026-09-18T15:27:11-03:00,Rendimiento,Segundo ingreso al portfolio Oldelval SA,1103.0
2026-09-18T15:27:11-03:00,Rendimiento,Segundo ingreso al portfolio Oldelval SDE,930.0
2026-09-18T15:27:11-03:00,Rendimiento,Segundo ingreso al portfolio Total,917.0
2026-09-21T15:28:28-03:00,Agenda,Primer ingreso al menú Agenda,4080.0
2026-09-21T15:28:28-03:00,Agenda,"Primer ingreso: Tipo de instrumento Bonos, estado: Cobrado",781.0
2026-09-21T15:28:28-03:00,Agenda,"Primer ingreso: Tipo de instrumento Bonos, estado: Cobrado, fecha: 1 mes hacia atras",1297.0
2026-09-21T15:28:28-03:00,Agenda,"Primer ingreso: Tipo de instrumento Bonos, estado: Cobrado, fecha: 3 meses hacia atras",1278.0
2026-09-21T15:28:28-03:00,Agenda,"Primer ingreso: Tipo de instrumento Bonos, estado: Pendiente",891.0
2026-09-21T15:28:28-03:00,Agenda,"Primer ingreso: Tipo de instrumento Bonos, estado: Pendiente, fecha: 1 mes hacia atras",1405.0
2026-09-21T15:28:28-03:00,Agenda,"Primer ingreso: Tipo de instrumento Operaciones a descuento, estado: Cobrado, Concepto: Cancelación anticipada",898.0
2026-09-21T15:28:28-03:00,Agenda,"Primer ingreso: Tipo de instrumento Operaciones a descuento, estado: Cobrado, Concepto: Cancelación anticipada, fecha: 1 mes hacia atras",1011.0
2026-09-21T15:28:28-03:00,Agenda,"Primer ingreso: Tipo de instrumento Operaciones a descuento, estado: Cobrado, Concepto: Cancelación anticipada, fecha: 3 meses hacia atras",1044.0
2026-09-21T15:28:28-03:00,Agenda,"Primer ingreso: Tipo de instrumento Operaciones a descuento, estado: Cobrado, Concepto: Vencimiento",774.0
2026-09-21T15:28:28-03:00,Agenda,"Primer ingreso: Tipo de instrumento Operaciones a descuento, estado: Cobrado, Concepto: Vencimiento, fecha: 1 mes hacia atras",1026.0
2026-09-21T15:28:28-03:00,Agenda,"Primer ingreso: Tipo de instrumento Operaciones a descuento, estado: Cobrado, Concepto: Vencimiento, fecha: 3 meses hacia atras",979.0
2026-09-21T15:28:28-03:00,Agenda,"Primer ingreso: Tipo de instrumento Operaciones a descuento, estado: Cobrado, Concepto: Venta",761.0
2026-09-21T15:28:28-03:00,Agenda,"Primer ingreso: Tipo de instrumento Operaciones a descuento, estado: Cobrado, Concepto: Venta, fecha: 1 mes hacia atras",1044.0
2026-09-21T15:28:28-03:00,Agenda,"Primer ingreso: Tipo de instrumento Operaciones a descuento, estado: Cobrado, Concepto: Venta, fecha: 3 meses hacia atras",990.0
2026-09-21T15:28:28-03:00,Agenda,"Primer ingreso: Tipo de instrumento Operaciones a descuento, estado: Pendiente",614.0
2026-09-21T15:28:28-03:00,Agenda,"Primer ingreso: Tipo de instrumento Operaciones a descuento, estado: Pendiente, fecha: 1 mes hacia atras",1305.0
2026-09-21T15:28:28-03:00,Agenda,"Primer ingreso: Tipo de instrumento Operaciones a plazo, estado: Cobrado, Concepto: Cancelación anticipada",938.0
2026-09-21T15:28:28-03:00,Agenda,"Primer ingreso: Tipo de instrumento Operaciones a plazo, estado: Cobrado, Concepto: Cancelación anticipada, fecha: 1 mes hacia atras",1084.0
2026-09-21T15:28:28-03:00,Agenda,"Primer ingreso: Tipo de instrumento Operaciones a plazo, estado: Cobrado, Concepto: Cancelación anticipada, fecha: 3 meses hacia atras",1004.0
2026-09-21T15:28:28-03:00,Agenda,"Primer ingreso: Tipo de instrumento Operaciones a plazo, estado: Cobrado, Concepto: Vencimiento",763.0
2026-09-21T15:28:28-03:00,Agenda,"Primer ingreso: Tipo de instrumento Operaciones a plazo, estado: Cobrado, Concepto: Vencimiento, fecha: 1 mes hacia atras",1002.0
2026-09-21T15:28:28-03:00,Agenda,"Primer ingreso: Tipo de instrumento Operaciones a plazo, estado: Cobrado, Concepto: Vencimiento, fecha: 3 meses hacia atras",982.0
2026-09-21T15:28:28-03:00,Agenda,"Primer ingreso: Tipo de instrumento Operaciones a plazo, estado: Cobrado, Concepto: Venta",848.0
2026-09-21T15:28:28-03:00,Agenda,"Primer ingreso: Tipo de instrumento Operaciones a plazo, estado: Cobrado, Concepto: Venta, fecha: 1 mes hacia atras",1024.0
2026-09-21T15:28:28-03:00,Agenda,"Primer ingreso: Tipo de instrumento Operaciones a plazo, estado: Cobrado, Concepto: Venta, fecha: 3 meses hacia atras",972.0
2026-09-21T15:28:28-03:00,Agenda,"Primer ingreso: Tipo de instrumento Operaciones a plazo, estado: Pendiente",611.0
2026-09-21T15:28:28-03:00,Agenda,"Primer ingreso: Tipo de instrumento Operaciones a plazo, estado: Pendiente, fecha: 1 mes hacia atras",1269.0
2026-09-21T15:28:28-03:00,Agenda,Segundo ingreso al menú Agenda,2778.0
2026-09-21T15:28:28-03:00,Agenda,"Segundo ingreso: Tipo de instrumento Bonos, estado: Cobrado",781.0
2026-09-21T15:28:28-03:00,Agenda,"Segundo ingreso: Tipo de instrumento Bonos, estado: Cobrado, fecha: 1 mes hacia atras",1330.0
2026-09-21T15:28:28-03:00,Agenda,"Segundo ingreso: Tipo de instrumento Bonos, estado: Cobrado, fecha: 3 meses hacia atras",1263.0
2026-09-21T15:28:28-03:00,Agenda,"Segundo ingreso: Tipo de instrumento Bonos, estado: Pendiente, fecha: 1 mes hacia atras",1328.0
2026-09-21T15:28:28-03:00,Agenda,"Segundo ingreso: Tipo de instrumento Bonos, estado: pendiente",708.0
2026-09-21T15:28:28-03:00,Agenda,"Segundo ingreso: Tipo de instrumento Operaciones a descuento, estado: Cobrado, Concepto: Cancelación anticipada",876.0
2026-09-21T15:28:28-03:00,Agenda,"Segundo ingreso: Tipo de instrumento Operaciones a descuento, estado: Cobrado, Concepto: Cancelación anticipada, fecha: 1 mes hacia atras",1005.0
2026-09-21T15:28:28-03:00,Agenda,"Segundo ingreso: Tipo de instrumento Operaciones a descuento, estado: Cobrado, Concepto: Cancelación anticipada, fecha: 3 meses hacia atras",979.0
2026-09-21T15:28:28-03:00,Agenda,"Segundo ingreso: Tipo de instrumento Operaciones a descuento, estado: Cobrado, Concepto: Vencimiento",748.0
2026-09-21T15:28:28-03:00,Agenda,"Segundo ingreso: Tipo de instrumento Operaciones a descuento, estado: Cobrado, Concepto: Vencimiento, fecha: 1 mes hacia atras",948.0
2026-09-21T15:28:28-03:00,Agenda,"Segundo ingreso: Tipo de instrumento Operaciones a descuento, estado: Cobrado, Concepto: Vencimiento, fecha: 3 meses hacia atras",943.0
2026-09-21T15:28:28-03:00,Agenda,"Segundo ingreso: Tipo de instrumento Operaciones a descuento, estado: Cobrado, Concepto: Venta",842.0
2026-09-21T15:28:28-03:00,Agenda,"Segundo ingreso: Tipo de instrumento Operaciones a descuento, estado: Cobrado, Concepto: Venta, fecha: 1 mes hacia atras",977.0
2026-09-21T15:28:28-03:00,Agenda,"Segundo ingreso: Tipo de instrumento Operaciones a descuento, estado: Cobrado, Concepto: Venta, fecha: 3 meses hacia atras",976.0
2026-09-21T15:28:28-03:00,Agenda,"Segundo ingreso: Tipo de instrumento Operaciones a descuento, estado: Pendiente, fecha: 1 mes hacia atras",1225.0
2026-09-21T15:28:28-03:00,Agenda,"Segundo ingreso: Tipo de instrumento Operaciones a descuento, estado: pendiente",585.0
2026-09-21T15:28:28-03:00,Agenda,"Segundo ingreso: Tipo de instrumento Operaciones a plazo, estado: Cobrado, Concepto: Cancelación anticipada",973.0
2026-09-21T15:28:28-03:00,Agenda,"Segundo ingreso: Tipo de instrumento Operaciones a plazo, estado: Cobrado, Concepto: Cancelación anticipada, fecha: 1 mes hacia atras",1028.0
2026-09-21T15:28:28-03:00,Agenda,"Segundo ingreso: Tipo de instrumento Operaciones a plazo, estado: Cobrado, Concepto: Cancelación anticipada, fecha: 3 meses hacia atras",945.0
2026-09-21T15:28:28-03:00,Agenda,"Segundo ingreso: Tipo de instrumento Operaciones a plazo, estado: Cobrado, Concepto: Vencimiento",761.0
2026-09-21T15:28:28-03:00,Agenda,"Segundo ingreso: Tipo de instrumento Operaciones a plazo, estado: Cobrado, Concepto: Vencimiento, fecha: 1 mes hacia atras",1069.0
2026-09-21T15:28:28-03:00,Agenda,"Segundo ingreso: Tipo de instrumento Operaciones a plazo, estado: Cobrado, Concepto: Vencimiento, fecha: 3 meses hacia atras",1044.0
2026-09-21T15:28:28-03:00,Agenda,"Segundo ingreso: Tipo de instrumento Operaciones a plazo, estado: Cobrado, Concepto: Venta",807.0
2026-09-21T15:28:28-03:00,Agenda,"Segundo ingreso: Tipo de instrumento Operaciones a plazo, estado: Cobrado, Concepto: Venta, fecha: 1 mes hacia atras",970.0
2026-09-21T15:28:28-03:00,Agenda,"Segundo ingreso: Tipo de instrumento Operaciones a plazo, estado: Cobrado, Concepto: Venta, fecha: 3 meses hacia atras",986.0
2026-09-21T15:28:28-03:00,Agenda,"Segundo ingreso: Tipo de instrumento Operaciones a plazo, estado: Pendiente, fecha: 1 mes hacia atras",1199.0
2026-09-21T15:28:28-03:00,Agenda,"Segundo ingreso: Tipo de instrumento Operaciones a plazo, estado: pendiente",621.0
2026-09-21T15:28:28-03:00,Home,Ingreso a MPC,4207.0
2026-09-21T15:28:28-03:00,Home,Primer ingreso al menú Home,5905.0
2026-09-21T15:28:28-03:00,Home,Primer ingreso al portfolio Oldelval SA desde el Home,10774.0
2026-09-21T15:28:28-03:00,Home,Primer ingreso al portfolio Oldelval SDE desde el Home,6219.0
2026-09-21T15:28:28-03:00,Home,Primer ingreso al portfolio Total Compañia desde el Home,9979.0
2026-09-21T15:28:28-03:00,Home,Segundo ingreso al menú Home,3094.0
2026-09-21T15:28:28-03:00,Home,Segundo ingreso al portfolio Oldelval SA desde el Home,8563.0
2026-09-21T15:28:28-03:00,Home,Segundo ingreso al portfolio Oldelval SDE desde el Home,6908.0
2026-09-21T15:28:28-03:00,Home,Segundo ingreso al portfolio Total Compañia desde el Home,8873.0
2026-09-21T15:28:28-03:00,Mis depositarios,Agrupar por especie todas las cuentas disponibles,1316.0
2026-09-21T15:28:28-03:00,Mis depositarios,Deseleccionar la cuenta Adcap (ADCAP),5164.0
2026-09-21T15:28:28-03:00,Mis depositarios,Deseleccionar la cuenta Allaria (ALLARIA),5355.0
2026-09-21T15:28:28-03:00,Mis depositarios,Deseleccionar la cuenta BBVA (Banco BBVA),5613.0
2026-09-21T15:28:28-03:00,Mis depositarios,Deseleccionar la cuenta Balanz (BALANZ CAPITAL VALORES SA),5445.0
2026-09-21T15:28:28-03:00,Mis depositarios,Deseleccionar la cuenta Banco Comafi (Banco Comafi),5174.0
2026-09-21T15:28:28-03:00,Mis depositarios,Deseleccionar la cuenta Banco Macro (BANCO MACRO),5101.0
2026-09-21T15:28:28-03:00,Mis depositarios,Deseleccionar la cuenta Banco Macro (Banco Maco B),5450.0
2026-09-21T15:28:28-03:00,Mis depositarios,Deseleccionar la cuenta Banco Macro (Banco Macro USD),5052.0
2026-09-21T15:28:28-03:00,Mis depositarios,Deseleccionar la cuenta Banco Nación (Banco Nacion),5709.0
2026-09-21T15:28:28-03:00,Mis depositarios,Deseleccionar la cuenta Banco Patagonia (BANCO PATAGONIA),5666.0
2026-09-21T15:28:28-03:00,Mis depositarios,Deseleccionar la cuenta Banco Patagonia (Banco Patagonia USD),5106.0
2026-09-21T15:28:28-03:00,Mis depositarios,Deseleccionar la cuenta Citi (Banco Citi),4799.0
2026-09-21T15:28:28-03:00,Mis depositarios,Deseleccionar la cuenta Facimex (FACIMEX),4964.0
2026-09-21T15:28:28-03:00,Mis depositarios,Deseleccionar la cuenta Galicia (BANCO GALICIA),5477.0
2026-09-21T15:28:28-03:00,Mis depositarios,Deseleccionar la cuenta Galicia (Galicia SDE),5617.0
2026-09-21T15:28:28-03:00,Mis depositarios,Deseleccionar la cuenta Galicia (Galicia USD),5590.0
2026-09-21T15:28:28-03:00,Mis depositarios,Deseleccionar la cuenta ICBC (BANCO ICBC),5096.0
2026-09-21T15:28:28-03:00,Mis depositarios,Deseleccionar la cuenta ICBC (Banco ICBC (B)),5102.0
2026-09-21T15:28:28-03:00,Mis depositarios,Deseleccionar la cuenta ICBC (Banco ICBC USD),5563.0
2026-09-21T15:28:28-03:00,Mis depositarios,Deseleccionar la cuenta Invertir En Bolsa (INVERTIR EN BOLSA),5476.0
2026-09-21T15:28:28-03:00,Mis depositarios,Deseleccionar la cuenta Macro Securities (MACRO SECURITIES),5123.0
2026-09-21T15:28:28-03:00,Mis depositarios,Deseleccionar la cuenta Max Capital (MAX CAPITAL SA),5281.0
2026-09-21T15:28:28-03:00,Mis depositarios,Deseleccionar la cuenta One618 (ONE 618),5396.0
2026-09-21T15:28:28-03:00,Mis depositarios,Deseleccionar la cuenta Portfolio Personal Inversiones (Prueba),5015.0
2026-09-21T15:28:28-03:00,Mis depositarios,Deseleccionar la cuenta Puente Hermanos (PUENTE HNOS),5202.0
2026-09-21T15:28:28-03:00,Mis depositarios,Deseleccionar la cuenta SBS (SBS),4944.0
2026-09-21T15:28:28-03:00,Mis depositarios,Deseleccionar la cuenta Santander (Banco Santander),5314.0
2026-09-21T15:28:28-03:00,Mis depositarios,Deseleccionar la cuenta Schroders (Schroders USD),5047.0
2026-09-21T15:28:28-03:00,Mis depositarios,Deseleccionar todas las cuentas del depositario Adcap,5184.0
2026-09-21T15:28:28-03:00,Mis depositarios,Deseleccionar todas las cuentas del depositario Allaria,5189.0
2026-09-21T15:28:28-03:00,Mis depositarios,Deseleccionar todas las cuentas del depositario BBVA,4586.0
2026-09-21T15:28:28-03:00,Mis depositarios,Deseleccionar todas las cuentas del depositario Balanz,4927.0
2026-09-21T15:28:28-03:00,Mis depositarios,Deseleccionar todas las cuentas del depositario Banco Comafi,5399.0
2026-09-21T15:28:28-03:00,Mis depositarios,Deseleccionar todas las cuentas del depositario Banco Macro,5480.0
2026-09-21T15:28:28-03:00,Mis depositarios,Deseleccionar todas las cuentas del depositario Banco Nación,5042.0
2026-09-21T15:28:28-03:00,Mis depositarios,Deseleccionar todas las cuentas del depositario Banco Patagonia,5046.0
2026-09-21T15:28:28-03:00,Mis depositarios,Deseleccionar todas las cuentas del depositario Citi,5489.0
2026-09-21T15:28:28-03:00,Mis depositarios,Deseleccionar todas las cuentas del depositario Facimex,5265.0
2026-09-21T15:28:28-03:00,Mis depositarios,Deseleccionar todas las cuentas del depositario Galicia,4834.0
2026-09-21T15:28:28-03:00,Mis depositarios,Deseleccionar todas las cuentas del depositario ICBC,5392.0
2026-09-21T15:28:28-03:00,Mis depositarios,Deseleccionar todas las cuentas del depositario Invertir En Bolsa,5130.0
2026-09-21T15:28:28-03:00,Mis depositarios,Deseleccionar todas las cuentas del depositario Macro Securities,4923.0
2026-09-21T15:28:28-03:00,Mis depositarios,Deseleccionar todas las cuentas del depositario Max Capital,5137.0
2026-09-21T15:28:28-03:00,Mis depositarios,Deseleccionar todas las cuentas del depositario One618,5666.0
2026-09-21T15:28:28-03:00,Mis depositarios,Deseleccionar todas las cuentas del depositario Portfolio Personal Inversiones,4737.0
2026-09-21T15:28:28-03:00,Mis depositarios,Deseleccionar todas las cuentas del depositario Puente Hermanos,5274.0
2026-09-21T15:28:28-03:00,Mis depositarios,Deseleccionar todas las cuentas del depositario SBS,4778.0
2026-09-21T15:28:28-03:00,Mis depositarios,Deseleccionar todas las cuentas del depositario Santander,5909.0
2026-09-21T15:28:28-03:00,Mis depositarios,Deseleccionar todas las cuentas del depositario Schroders,4846.0
2026-09-21T15:28:28-03:00,Mis depositarios,Deseleccionar todas las cuentas disponibles,4167.0
2026-09-21T15:28:28-03:00,Mis depositarios,Primer ingreso al menú Mis depositarios,3309.0
2026-09-21T15:28:28-03:00,Mis depositarios,Seleccionar la cuenta Adcap (ADCAP),5539.0
2026-09-21T15:28:28-03:00,Mis depositarios,Seleccionar la cuenta Allaria (ALLARIA),5089.0
2026-09-21T15:28:28-03:00,Mis depositarios,Seleccionar la cuenta BBVA (Banco BBVA),5475.0
2026-09-21T15:28:28-03:00,Mis depositarios,Seleccionar la cuenta Balanz (BALANZ CAPITAL VALORES SA),5785.0
2026-09-21T15:28:28-03:00,Mis depositarios,Seleccionar la cuenta Banco Comafi (Banco Comafi),5107.0
2026-09-21T15:28:28-03:00,Mis depositarios,Seleccionar la cuenta Banco Macro (BANCO MACRO),5194.0
2026-09-21T15:28:28-03:00,Mis depositarios,Seleccionar la cuenta Banco Macro (Banco Maco B),5433.0
2026-09-21T15:28:28-03:00,Mis depositarios,Seleccionar la cuenta Banco Macro (Banco Macro USD),5049.0
2026-09-21T15:28:28-03:00,Mis depositarios,Seleccionar la cuenta Banco Nación (Banco Nacion),5074.0
2026-09-21T15:28:28-03:00,Mis depositarios,Seleccionar la cuenta Banco Patagonia (BANCO PATAGONIA),5362.0
2026-09-21T15:28:28-03:00,Mis depositarios,Seleccionar la cuenta Banco Patagonia (Banco Patagonia USD),4879.0
2026-09-21T15:28:28-03:00,Mis depositarios,Seleccionar la cuenta Citi (Banco Citi),5360.0
2026-09-21T15:28:28-03:00,Mis depositarios,Seleccionar la cuenta Facimex (FACIMEX),6250.0
2026-09-21T15:28:28-03:00,Mis depositarios,Seleccionar la cuenta Galicia (BANCO GALICIA),5554.0
2026-09-21T15:28:28-03:00,Mis depositarios,Seleccionar la cuenta Galicia (Galicia SDE),5083.0
2026-09-21T15:28:28-03:00,Mis depositarios,Seleccionar la cuenta Galicia (Galicia USD),4906.0
2026-09-21T15:28:28-03:00,Mis depositarios,Seleccionar la cuenta ICBC (BANCO ICBC),5410.0
2026-09-21T15:28:28-03:00,Mis depositarios,Seleccionar la cuenta ICBC (Banco ICBC (B)),4949.0
2026-09-21T15:28:28-03:00,Mis depositarios,Seleccionar la cuenta ICBC (Banco ICBC USD),5301.0
2026-09-21T15:28:28-03:00,Mis depositarios,Seleccionar la cuenta Invertir En Bolsa (INVERTIR EN BOLSA),5615.0
2026-09-21T15:28:28-03:00,Mis depositarios,Seleccionar la cuenta Macro Securities (MACRO SECURITIES),5684.0
2026-09-21T15:28:28-03:00,Mis depositarios,Seleccionar la cuenta Max Capital (MAX CAPITAL SA),5289.0
2026-09-21T15:28:28-03:00,Mis depositarios,Seleccionar la cuenta One618 (ONE 618),4952.0
2026-09-21T15:28:28-03:00,Mis depositarios,Seleccionar la cuenta Portfolio Personal Inversiones (Prueba),4927.0
2026-09-21T15:28:28-03:00,Mis depositarios,Seleccionar la cuenta Puente Hermanos (PUENTE HNOS),5713.0
2026-09-21T15:28:28-03:00,Mis depositarios,Seleccionar la cuenta SBS (SBS),5203.0
2026-09-21T15:28:28-03:00,Mis depositarios,Seleccionar la cuenta Santander (Banco Santander),5363.0
2026-09-21T15:28:28-03:00,Mis depositarios,Seleccionar la cuenta Schroders (Schroders USD),5502.0
2026-09-21T15:28:28-03:00,Mis depositarios,Seleccionar todas las cuentas del depositario Adcap,5313.0
2026-09-21T15:28:28-03:00,Mis depositarios,Seleccionar todas las cuentas del depositario Allaria,5743.0
2026-09-21T15:28:28-03:00,Mis depositarios,Seleccionar todas las cuentas del depositario BBVA,6962.0
2026-09-21T15:28:28-03:00,Mis depositarios,Seleccionar todas las cuentas del depositario Balanz,4873.0
2026-09-21T15:28:28-03:00,Mis depositarios,Seleccionar todas las cuentas del depositario Banco Comafi,4764.0
2026-09-21T15:28:28-03:00,Mis depositarios,Seleccionar todas las cuentas del depositario Banco Macro,6244.0
2026-09-21T15:28:28-03:00,Mis depositarios,Seleccionar todas las cuentas del depositario Banco Nación,5402.0
2026-09-21T15:28:28-03:00,Mis depositarios,Seleccionar todas las cuentas del depositario Banco Patagonia,5383.0
2026-09-21T15:28:28-03:00,Mis depositarios,Seleccionar todas las cuentas del depositario Citi,5440.0
2026-09-21T15:28:28-03:00,Mis depositarios,Seleccionar todas las cuentas del depositario Facimex,5103.0
2026-09-21T15:28:28-03:00,Mis depositarios,Seleccionar todas las cuentas del depositario Galicia,5119.0
2026-09-21T15:28:28-03:00,Mis depositarios,Seleccionar todas las cuentas del depositario ICBC,5781.0
2026-09-21T15:28:28-03:00,Mis depositarios,Seleccionar todas las cuentas del depositario Invertir En Bolsa,5126.0
2026-09-21T15:28:28-03:00,Mis depositarios,Seleccionar todas las cuentas del depositario Macro Securities,5477.0
2026-09-21T15:28:28-03:00,Mis depositarios,Seleccionar todas las cuentas del depositario Max Capital,5136.0
2026-09-21T15:28:28-03:00,Mis depositarios,Seleccionar todas las cuentas del depositario One618,5407.0
2026-09-21T15:28:28-03:00,Mis depositarios,Seleccionar todas las cuentas del depositario Portfolio Personal Inversiones,4631.0
2026-09-21T15:28:28-03:00,Mis depositarios,Seleccionar todas las cuentas del depositario Puente Hermanos,4996.0
2026-09-21T15:28:28-03:00,Mis depositarios,Seleccionar todas las cuentas del depositario SBS,5369.0
2026-09-21T15:28:28-03:00,Mis depositarios,Seleccionar todas las cuentas del depositario Santander,4906.0
2026-09-21T15:28:28-03:00,Mis depositarios,Seleccionar todas las cuentas del depositario Schroders,5583.0
2026-09-21T15:28:28-03:00,Mis depositarios,Seleccionar todas las cuentas disponibles,5507.0
2026-09-21T15:28:28-03:00,Mis operaciones,Primer ingreso al depositario Adcap,800.0
2026-09-21T15:28:28-03:00,Mis operaciones,Primer ingreso al menú Mis operaciones,6059.0
2026-09-21T15:28:28-03:00,Mis operaciones,Primer ingreso: Depositario Adcap filtro de 1 mes de operaciones,847.0
2026-09-21T15:28:28-03:00,Mis operaciones,Primer ingreso: Filtro de 1 mes de operaciones,4568.0
2026-09-21T15:28:28-03:00,Mis operaciones,Segundo ingreso al depositario Adcap,755.0
2026-09-21T15:28:28-03:00,Mis operaciones,Segundo ingreso al menú Mis operaciones,4719.0
2026-09-21T15:28:28-03:00,Mis operaciones,Segundo ingreso: Depositario Adcap filtro de 1 mes de operaciones,873.0
2026-09-21T15:28:28-03:00,Mis operaciones,Segundo ingreso: Filtro de 1 mes de operaciones,4636.0
2026-09-21T15:28:28-03:00,Mis portfolios,Primer ingreso al menú Mis portfolios,4243.0
2026-09-21T15:28:28-03:00,Mis portfolios,Primer ingreso al portfolio Oldelval SA desde Mis portfolios,7350.0
2026-09-21T15:28:28-03:00,Mis portfolios,Primer ingreso al portfolio Oldelval SDE desde Mis portfolios,5686.0
2026-09-21T15:28:28-03:00,Mis portfolios,Primer ingreso al portfolio Total Compañia desde Mis portfolios,9462.0
2026-09-21T15:28:28-03:00,Mis portfolios,Segundo ingreso al menú Mis portfolios,1711.0
2026-09-21T15:28:28-03:00,Mis portfolios,Segundo ingreso al portfolio Oldelval SA desde Mis portfolios,8565.0
2026-09-21T15:28:28-03:00,Mis portfolios,Segundo ingreso al portfolio Oldelval SDE desde Mis portfolios,6175.0
2026-09-21T15:28:28-03:00,Mis portfolios,Segundo ingreso al portfolio Total Compañia desde Mis portfolios,8156.0
2026-09-21T15:28:28-03:00,Rendimiento,Cambio de método de rentabilidad a TWR,2377.0
2026-09-21T15:28:28-03:00,Rendimiento,Portfolio Oldelval SA: Primer ingreso a la carta de rendimiento Desde el inicio con método MWR,596.0
2026-09-21T15:28:28-03:00,Rendimiento,Portfolio Oldelval SA: Primer ingreso a la carta de rendimiento Desde el inicio con método TWR,604.0
2026-09-21T15:28:28-03:00,Rendimiento,Portfolio Oldelval SA: Primer ingreso a la carta de rendimiento Desde principio de año con método MWR,658.0
2026-09-21T15:28:28-03:00,Rendimiento,Portfolio Oldelval SA: Primer ingreso a la carta de rendimiento Desde principio de año con método TWR,603.0
2026-09-21T15:28:28-03:00,Rendimiento,Portfolio Oldelval SA: Primer ingreso a la carta de rendimiento Desde principio de mes con método MWR,560.0
2026-09-21T15:28:28-03:00,Rendimiento,Portfolio Oldelval SA: Primer ingreso a la carta de rendimiento Desde principio de mes con método TWR,545.0
2026-09-21T15:28:28-03:00,Rendimiento,Portfolio Oldelval SA: Primer ingreso a la carta de rendimiento Última semana con método MWR,481.0
2026-09-21T15:28:28-03:00,Rendimiento,Portfolio Oldelval SA: Primer ingreso a la carta de rendimiento Última semana con método TWR,501.0
2026-09-21T15:28:28-03:00,Rendimiento,Portfolio Oldelval SA: Primer ingreso a la carta de rendimiento Último año con método MWR,729.0
2026-09-21T15:28:28-03:00,Rendimiento,Portfolio Oldelval SA: Primer ingreso a la carta de rendimiento Último año con método TWR,742.0
2026-09-21T15:28:28-03:00,Rendimiento,Portfolio Oldelval SA: Primer ingreso a la carta de rendimiento Último mes con método MWR,618.0
2026-09-21T15:28:28-03:00,Rendimiento,Portfolio Oldelval SA: Primer ingreso a la carta de rendimiento Último mes con método TWR,588.0
2026-09-21T15:28:28-03:00,Rendimiento,Portfolio Oldelval SA: Primer ingreso a la carta de rendimiento Últimos 3 meses con método MWR,1103.0
2026-09-21T15:28:28-03:00,Rendimiento,Portfolio Oldelval SA: Primer ingreso a la carta de rendimiento Últimos 3 meses con método TWR,652.0
2026-09-21T15:28:28-03:00,Rendimiento,Portfolio Oldelval SA: Segundo ingreso a la carta de rendimiento Desde el inicio con método MWR,642.0
2026-09-21T15:28:28-03:00,Rendimiento,Portfolio Oldelval SA: Segundo ingreso a la carta de rendimiento Desde el inicio con método TWR,620.0
2026-09-21T15:28:28-03:00,Rendimiento,Portfolio Oldelval SA: Segundo ingreso a la carta de rendimiento Desde principio de año con método MWR,670.0
2026-09-21T15:28:28-03:00,Rendimiento,Portfolio Oldelval SA: Segundo ingreso a la carta de rendimiento Desde principio de año con método TWR,684.0
2026-09-21T15:28:28-03:00,Rendimiento,Portfolio Oldelval SA: Segundo ingreso a la carta de rendimiento Desde principio de mes con método MWR,571.0
2026-09-21T15:28:28-03:00,Rendimiento,Portfolio Oldelval SA: Segundo ingreso a la carta de rendimiento Desde principio de mes con método TWR,601.0
2026-09-21T15:28:28-03:00,Rendimiento,Portfolio Oldelval SA: Segundo ingreso a la carta de rendimiento Última semana con método MWR,497.0
2026-09-21T15:28:28-03:00,Rendimiento,Portfolio Oldelval SA: Segundo ingreso a la carta de rendimiento Última semana con método TWR,533.0
2026-09-21T15:28:28-03:00,Rendimiento,Portfolio Oldelval SA: Segundo ingreso a la carta de rendimiento Último año con método MWR,676.0
2026-09-21T15:28:28-03:00,Rendimiento,Portfolio Oldelval SA: Segundo ingreso a la carta de rendimiento Último año con método TWR,752.0
2026-09-21T15:28:28-03:00,Rendimiento,Portfolio Oldelval SA: Segundo ingreso a la carta de rendimiento Último mes con método MWR,592.0
2026-09-21T15:28:28-03:00,Rendimiento,Portfolio Oldelval SA: Segundo ingreso a la carta de rendimiento Último mes con método TWR,616.0
2026-09-21T15:28:28-03:00,Rendimiento,Portfolio Oldelval SA: Segundo ingreso a la carta de rendimiento Últimos 3 meses con método MWR,699.0
2026-09-21T15:28:28-03:00,Rendimiento,Portfolio Oldelval SA: Segundo ingreso a la carta de rendimiento Últimos 3 meses con método TWR,664.0
2026-09-21T15:28:28-03:00,Rendimiento,Portfolio Oldelval SDE: Primer ingreso a la carta de rendimiento Desde el inicio con método MWR,583.0
2026-09-21T15:28:28-03:00,Rendimiento,Portfolio Oldelval SDE: Primer ingreso a la carta de rendimiento Desde el inicio con método TWR,615.0
2026-09-21T15:28:28-03:00,Rendimiento,Portfolio Oldelval SDE: Primer ingreso a la carta de rendimiento Desde principio de año con método MWR,648.0
2026-09-21T15:28:28-03:00,Rendimiento,Portfolio Oldelval SDE: Primer ingreso a la carta de rendimiento Desde principio de año con método TWR,599.0
2026-09-21T15:28:28-03:00,Rendimiento,Portfolio Oldelval SDE: Primer ingreso a la carta de rendimiento Desde principio de mes con método MWR,548.0
2026-09-21T15:28:28-03:00,Rendimiento,Portfolio Oldelval SDE: Primer ingreso a la carta de rendimiento Desde principio de mes con método TWR,464.0
2026-09-21T15:28:28-03:00,Rendimiento,Portfolio Oldelval SDE: Primer ingreso a la carta de rendimiento Última semana con método MWR,477.0
2026-09-21T15:28:28-03:00,Rendimiento,Portfolio Oldelval SDE: Primer ingreso a la carta de rendimiento Última semana con método TWR,449.0
2026-09-21T15:28:28-03:00,Rendimiento,Portfolio Oldelval SDE: Primer ingreso a la carta de rendimiento Último año con método MWR,635.0
2026-09-21T15:28:28-03:00,Rendimiento,Portfolio Oldelval SDE: Primer ingreso a la carta de rendimiento Último año con método TWR,619.0
2026-09-21T15:28:28-03:00,Rendimiento,Portfolio Oldelval SDE: Primer ingreso a la carta de rendimiento Último mes con método MWR,547.0
2026-09-21T15:28:28-03:00,Rendimiento,Portfolio Oldelval SDE: Primer ingreso a la carta de rendimiento Último mes con método TWR,742.0
2026-09-21T15:28:28-03:00,Rendimiento,Portfolio Oldelval SDE: Primer ingreso a la carta de rendimiento Últimos 3 meses con método MWR,637.0
2026-09-21T15:28:28-03:00,Rendimiento,Portfolio Oldelval SDE: Primer ingreso a la carta de rendimiento Últimos 3 meses con método TWR,619.0
2026-09-21T15:28:28-03:00,Rendimiento,Portfolio Oldelval SDE: Segundo ingreso a la carta de rendimiento Desde el inicio con método MWR,650.0
2026-09-21T15:28:28-03:00,Rendimiento,Portfolio Oldelval SDE: Segundo ingreso a la carta de rendimiento Desde el inicio con método TWR,790.0
2026-09-21T15:28:28-03:00,Rendimiento,Portfolio Oldelval SDE: Segundo ingreso a la carta de rendimiento Desde principio de año con método MWR,747.0
2026-09-21T15:28:28-03:00,Rendimiento,Portfolio Oldelval SDE: Segundo ingreso a la carta de rendimiento Desde principio de año con método TWR,710.0
2026-09-21T15:28:28-03:00,Rendimiento,Portfolio Oldelval SDE: Segundo ingreso a la carta de rendimiento Desde principio de mes con método MWR,610.0
2026-09-21T15:28:28-03:00,Rendimiento,Portfolio Oldelval SDE: Segundo ingreso a la carta de rendimiento Desde principio de mes con método TWR,564.0
2026-09-21T15:28:28-03:00,Rendimiento,Portfolio Oldelval SDE: Segundo ingreso a la carta de rendimiento Última semana con método MWR,502.0
2026-09-21T15:28:28-03:00,Rendimiento,Portfolio Oldelval SDE: Segundo ingreso a la carta de rendimiento Última semana con método TWR,588.0
2026-09-21T15:28:28-03:00,Rendimiento,Portfolio Oldelval SDE: Segundo ingreso a la carta de rendimiento Último año con método MWR,643.0
2026-09-21T15:28:28-03:00,Rendimiento,Portfolio Oldelval SDE: Segundo ingreso a la carta de rendimiento Último año con método TWR,705.0
2026-09-21T15:28:28-03:00,Rendimiento,Portfolio Oldelval SDE: Segundo ingreso a la carta de rendimiento Último mes con método MWR,639.0
2026-09-21T15:28:28-03:00,Rendimiento,Portfolio Oldelval SDE: Segundo ingreso a la carta de rendimiento Último mes con método TWR,609.0
2026-09-21T15:28:28-03:00,Rendimiento,Portfolio Oldelval SDE: Segundo ingreso a la carta de rendimiento Últimos 3 meses con método MWR,718.0
2026-09-21T15:28:28-03:00,Rendimiento,Portfolio Oldelval SDE: Segundo ingreso a la carta de rendimiento Últimos 3 meses con método TWR,644.0
2026-09-21T15:28:28-03:00,Rendimiento,Portfolio Total: Primer ingreso a la carta de rendimiento Desde el inicio con método MWR,654.0
2026-09-21T15:28:28-03:00,Rendimiento,Portfolio Total: Primer ingreso a la carta de rendimiento Desde el inicio con método TWR,741.0
2026-09-21T15:28:28-03:00,Rendimiento,Portfolio Total: Primer ingreso a la carta de rendimiento Desde principio de año con método MWR,726.0
2026-09-21T15:28:28-03:00,Rendimiento,Portfolio Total: Primer ingreso a la carta de rendimiento Desde principio de año con método TWR,818.0
2026-09-21T15:28:28-03:00,Rendimiento,Portfolio Total: Primer ingreso a la carta de rendimiento Desde principio de mes con método MWR,545.0
2026-09-21T15:28:28-03:00,Rendimiento,Portfolio Total: Primer ingreso a la carta de rendimiento Desde principio de mes con método TWR,555.0
2026-09-21T15:28:28-03:00,Rendimiento,Portfolio Total: Primer ingreso a la carta de rendimiento Última semana con método MWR,501.0
2026-09-21T15:28:28-03:00,Rendimiento,Portfolio Total: Primer ingreso a la carta de rendimiento Última semana con método TWR,526.0
2026-09-21T15:28:28-03:00,Rendimiento,Portfolio Total: Primer ingreso a la carta de rendimiento Último año con método MWR,749.0
2026-09-21T15:28:28-03:00,Rendimiento,Portfolio Total: Primer ingreso a la carta de rendimiento Último año con método TWR,831.0
2026-09-21T15:28:28-03:00,Rendimiento,Portfolio Total: Primer ingreso a la carta de rendimiento Último mes con método MWR,613.0
2026-09-21T15:28:28-03:00,Rendimiento,Portfolio Total: Primer ingreso a la carta de rendimiento Último mes con método TWR,628.0
2026-09-21T15:28:28-03:00,Rendimiento,Portfolio Total: Primer ingreso a la carta de rendimiento Últimos 3 meses con método MWR,627.0
2026-09-21T15:28:28-03:00,Rendimiento,Portfolio Total: Primer ingreso a la carta de rendimiento Últimos 3 meses con método TWR,695.0
2026-09-21T15:28:28-03:00,Rendimiento,Portfolio Total: Segundo ingreso a la carta de rendimiento Desde el inicio con método MWR,668.0
2026-09-21T15:28:28-03:00,Rendimiento,Portfolio Total: Segundo ingreso a la carta de rendimiento Desde el inicio con método TWR,714.0
2026-09-21T15:28:28-03:00,Rendimiento,Portfolio Total: Segundo ingreso a la carta de rendimiento Desde principio de año con método MWR,668.0
2026-09-21T15:28:28-03:00,Rendimiento,Portfolio Total: Segundo ingreso a la carta de rendimiento Desde principio de año con método TWR,674.0
2026-09-21T15:28:28-03:00,Rendimiento,Portfolio Total: Segundo ingreso a la carta de rendimiento Desde principio de mes con método MWR,615.0
2026-09-21T15:28:28-03:00,Rendimiento,Portfolio Total: Segundo ingreso a la carta de rendimiento Desde principio de mes con método TWR,570.0
2026-09-21T15:28:28-03:00,Rendimiento,Portfolio Total: Segundo ingreso a la carta de rendimiento Última semana con método MWR,477.0
2026-09-21T15:28:28-03:00,Rendimiento,Portfolio Total: Segundo ingreso a la carta de rendimiento Última semana con método TWR,513.0
2026-09-21T15:28:28-03:00,Rendimiento,Portfolio Total: Segundo ingreso a la carta de rendimiento Último año con método MWR,764.0
2026-09-21T15:28:28-03:00,Rendimiento,Portfolio Total: Segundo ingreso a la carta de rendimiento Último año con método TWR,694.0
2026-09-21T15:28:28-03:00,Rendimiento,Portfolio Total: Segundo ingreso a la carta de rendimiento Último mes con método MWR,663.0
2026-09-21T15:28:28-03:00,Rendimiento,Portfolio Total: Segundo ingreso a la carta de rendimiento Último mes con método TWR,628.0
2026-09-21T15:28:28-03:00,Rendimiento,Portfolio Total: Segundo ingreso a la carta de rendimiento Últimos 3 meses con método MWR,712.0
2026-09-21T15:28:28-03:00,Rendimiento,Portfolio Total: Segundo ingreso a la carta de rendimiento Últimos 3 meses con método TWR,629.0
2026-09-21T15:28:28-03:00,Rendimiento,Primer ingreso al menú Rendimiento,2815.0
2026-09-21T15:28:28-03:00,Rendimiento,Primer ingreso al portfolio Oldelval SA,1914.0
2026-09-21T15:28:28-03:00,Rendimiento,Primer ingreso al portfolio Oldelval SDE,2095.0
2026-09-21T15:28:28-03:00,Rendimiento,Primer ingreso al portfolio Total,2052.0
2026-09-21T15:28:28-03:00,Rendimiento,Segundo ingreso al portfolio Oldelval SA,1588.0
2026-09-21T15:28:28-03:00,Rendimiento,Segundo ingreso al portfolio Oldelval SDE,1174.0
2026-09-21T15:28:28-03:00,Rendimiento,Segundo ingreso al portfolio Total,1170.0
2026-09-24T15:30:41-03:00,Agenda,Primer ingreso al menú Agenda,4181.0
2026-09-24T15:30:41-03:00,Agenda,"Primer ingreso: Tipo de instrumento Bonos, estado: Cobrado",951.0
2026-09-24T15:30:41-03:00,Agenda,"Primer ingreso: Tipo de instrumento Bonos, estado: Cobrado, fecha: 1 mes hacia atras",1270.0
2026-09-24T15:30:41-03:00,Agenda,"Primer ingreso: Tipo de instrumento Bonos, estado: Cobrado, fecha: 3 meses hacia atras",1301.0
2026-09-24T15:30:41-03:00,Agenda,"Primer ingreso: Tipo de instrumento Bonos, estado: Pendiente",1054.0
2026-09-24T15:30:41-03:00,Agenda,"Primer ingreso: Tipo de instrumento Bonos, estado: Pendiente, fecha: 1 mes hacia atras",1363.0
2026-09-24T15:30:41-03:00,Agenda,"Primer ingreso: Tipo de instrumento Operaciones a descuento, estado: Cobrado, Concepto: Cancelación anticipada",875.0
2026-09-24T15:30:41-03:00,Agenda,"Primer ingreso: Tipo de instrumento Operaciones a descuento, estado: Cobrado, Concepto: Cancelación anticipada, fecha: 1 mes hacia atras",1002.0
2026-09-24T15:30:41-03:00,Agenda,"Primer ingreso: Tipo de instrumento Operaciones a descuento, estado: Cobrado, Concepto: Cancelación anticipada, fecha: 3 meses hacia atras",998.0
2026-09-24T15:30:41-03:00,Agenda,"Primer ingreso: Tipo de instrumento Operaciones a descuento, estado: Cobrado, Concepto: Vencimiento",780.0
2026-09-24T15:30:41-03:00,Agenda,"Primer ingreso: Tipo de instrumento Operaciones a descuento, estado: Cobrado, Concepto: Vencimiento, fecha: 1 mes hacia atras",1052.0
2026-09-24T15:30:41-03:00,Agenda,"Primer ingreso: Tipo de instrumento Operaciones a descuento, estado: Cobrado, Concepto: Vencimiento, fecha: 3 meses hacia atras",996.0
2026-09-24T15:30:41-03:00,Agenda,"Primer ingreso: Tipo de instrumento Operaciones a descuento, estado: Cobrado, Concepto: Venta",783.0
2026-09-24T15:30:41-03:00,Agenda,"Primer ingreso: Tipo de instrumento Operaciones a descuento, estado: Cobrado, Concepto: Venta, fecha: 1 mes hacia atras",974.0
2026-09-24T15:30:41-03:00,Agenda,"Primer ingreso: Tipo de instrumento Operaciones a descuento, estado: Cobrado, Concepto: Venta, fecha: 3 meses hacia atras",1033.0
2026-09-24T15:30:41-03:00,Agenda,"Primer ingreso: Tipo de instrumento Operaciones a descuento, estado: Pendiente",599.0
2026-09-24T15:30:41-03:00,Agenda,"Primer ingreso: Tipo de instrumento Operaciones a descuento, estado: Pendiente, fecha: 1 mes hacia atras",1269.0
2026-09-24T15:30:41-03:00,Agenda,"Primer ingreso: Tipo de instrumento Operaciones a plazo, estado: Cobrado, Concepto: Cancelación anticipada",978.0
2026-09-24T15:30:41-03:00,Agenda,"Primer ingreso: Tipo de instrumento Operaciones a plazo, estado: Cobrado, Concepto: Cancelación anticipada, fecha: 1 mes hacia atras",1014.0
2026-09-24T15:30:41-03:00,Agenda,"Primer ingreso: Tipo de instrumento Operaciones a plazo, estado: Cobrado, Concepto: Cancelación anticipada, fecha: 3 meses hacia atras",1006.0
2026-09-24T15:30:41-03:00,Agenda,"Primer ingreso: Tipo de instrumento Operaciones a plazo, estado: Cobrado, Concepto: Vencimiento",773.0
2026-09-24T15:30:41-03:00,Agenda,"Primer ingreso: Tipo de instrumento Operaciones a plazo, estado: Cobrado, Concepto: Vencimiento, fecha: 1 mes hacia atras",1015.0
2026-09-24T15:30:41-03:00,Agenda,"Primer ingreso: Tipo de instrumento Operaciones a plazo, estado: Cobrado, Concepto: Vencimiento, fecha: 3 meses hacia atras",992.0
2026-09-24T15:30:41-03:00,Agenda,"Primer ingreso: Tipo de instrumento Operaciones a plazo, estado: Cobrado, Concepto: Venta",823.0
2026-09-24T15:30:41-03:00,Agenda,"Primer ingreso: Tipo de instrumento Operaciones a plazo, estado: Cobrado, Concepto: Venta, fecha: 1 mes hacia atras",981.0
2026-09-24T15:30:41-03:00,Agenda,"Primer ingreso: Tipo de instrumento Operaciones a plazo, estado: Cobrado, Concepto: Venta, fecha: 3 meses hacia atras",1000.0
2026-09-24T15:30:41-03:00,Agenda,"Primer ingreso: Tipo de instrumento Operaciones a plazo, estado: Pendiente",655.0
2026-09-24T15:30:41-03:00,Agenda,"Primer ingreso: Tipo de instrumento Operaciones a plazo, estado: Pendiente, fecha: 1 mes hacia atras",1362.0
2026-09-24T15:30:41-03:00,Agenda,Segundo ingreso al menú Agenda,3337.0
2026-09-24T15:30:41-03:00,Agenda,"Segundo ingreso: Tipo de instrumento Bonos, estado: Cobrado",774.0
2026-09-24T15:30:41-03:00,Agenda,"Segundo ingreso: Tipo de instrumento Bonos, estado: Cobrado, fecha: 1 mes hacia atras",1263.0
2026-09-24T15:30:41-03:00,Agenda,"Segundo ingreso: Tipo de instrumento Bonos, estado: Cobrado, fecha: 3 meses hacia atras",1405.0
2026-09-24T15:30:41-03:00,Agenda,"Segundo ingreso: Tipo de instrumento Bonos, estado: Pendiente, fecha: 1 mes hacia atras",1272.0
2026-09-24T15:30:41-03:00,Agenda,"Segundo ingreso: Tipo de instrumento Bonos, estado: pendiente",946.0
2026-09-24T15:30:41-03:00,Agenda,"Segundo ingreso: Tipo de instrumento Operaciones a descuento, estado: Cobrado, Concepto: Cancelación anticipada",1032.0
2026-09-24T15:30:41-03:00,Agenda,"Segundo ingreso: Tipo de instrumento Operaciones a descuento, estado: Cobrado, Concepto: Cancelación anticipada, fecha: 1 mes hacia atras",985.0
2026-09-24T15:30:41-03:00,Agenda,"Segundo ingreso: Tipo de instrumento Operaciones a descuento, estado: Cobrado, Concepto: Cancelación anticipada, fecha: 3 meses hacia atras",1022.0
2026-09-24T15:30:41-03:00,Agenda,"Segundo ingreso: Tipo de instrumento Operaciones a descuento, estado: Cobrado, Concepto: Vencimiento",763.0
2026-09-24T15:30:41-03:00,Agenda,"Segundo ingreso: Tipo de instrumento Operaciones a descuento, estado: Cobrado, Concepto: Vencimiento, fecha: 1 mes hacia atras",969.0
2026-09-24T15:30:41-03:00,Agenda,"Segundo ingreso: Tipo de instrumento Operaciones a descuento, estado: Cobrado, Concepto: Vencimiento, fecha: 3 meses hacia atras",959.0
2026-09-24T15:30:41-03:00,Agenda,"Segundo ingreso: Tipo de instrumento Operaciones a descuento, estado: Cobrado, Concepto: Venta",785.0
2026-09-24T15:30:41-03:00,Agenda,"Segundo ingreso: Tipo de instrumento Operaciones a descuento, estado: Cobrado, Concepto: Venta, fecha: 1 mes hacia atras",990.0
2026-09-24T15:30:41-03:00,Agenda,"Segundo ingreso: Tipo de instrumento Operaciones a descuento, estado: Cobrado, Concepto: Venta, fecha: 3 meses hacia atras",979.0
2026-09-24T15:30:41-03:00,Agenda,"Segundo ingreso: Tipo de instrumento Operaciones a descuento, estado: Pendiente, fecha: 1 mes hacia atras",1205.0
2026-09-24T15:30:41-03:00,Agenda,"Segundo ingreso: Tipo de instrumento Operaciones a descuento, estado: pendiente",634.0
2026-09-24T15:30:41-03:00,Agenda,"Segundo ingreso: Tipo de instrumento Operaciones a plazo, estado: Cobrado, Concepto: Cancelación anticipada",943.0
2026-09-24T15:30:41-03:00,Agenda,"Segundo ingreso: Tipo de instrumento Operaciones a plazo, estado: Cobrado, Concepto: Cancelación anticipada, fecha: 1 mes hacia atras",1019.0
2026-09-24T15:30:41-03:00,Agenda,"Segundo ingreso: Tipo de instrumento Operaciones a plazo, estado: Cobrado, Concepto: Cancelación anticipada, fecha: 3 meses hacia atras",995.0
2026-09-24T15:30:41-03:00,Agenda,"Segundo ingreso: Tipo de instrumento Operaciones a plazo, estado: Cobrado, Concepto: Vencimiento",764.0
2026-09-24T15:30:41-03:00,Agenda,"Segundo ingreso: Tipo de instrumento Operaciones a plazo, estado: Cobrado, Concepto: Vencimiento, fecha: 1 mes hacia atras",982.0
2026-09-24T15:30:41-03:00,Agenda,"Segundo ingreso: Tipo de instrumento Operaciones a plazo, estado: Cobrado, Concepto: Vencimiento, fecha: 3 meses hacia atras",1048.0
2026-09-24T15:30:41-03:00,Agenda,"Segundo ingreso: Tipo de instrumento Operaciones a plazo, estado: Cobrado, Concepto: Venta",768.0
2026-09-24T15:30:41-03:00,Agenda,"Segundo ingreso: Tipo de instrumento Operaciones a plazo, estado: Cobrado, Concepto: Venta, fecha: 1 mes hacia atras",989.0
2026-09-24T15:30:41-03:00,Agenda,"Segundo ingreso: Tipo de instrumento Operaciones a plazo, estado: Cobrado, Concepto: Venta, fecha: 3 meses hacia atras",990.0
2026-09-24T15:30:41-03:00,Agenda,"Segundo ingreso: Tipo de instrumento Operaciones a plazo, estado: Pendiente, fecha: 1 mes hacia atras",1222.0
2026-09-24T15:30:41-03:00,Agenda,"Segundo ingreso: Tipo de instrumento Operaciones a plazo, estado: pendiente",653.0
2026-09-24T15:30:41-03:00,Home,Ingreso a MPC,4040.0
2026-09-24T15:30:41-03:00,Home,Primer ingreso al menú Home,6570.0
2026-09-24T15:30:41-03:00,Home,Primer ingreso al portfolio Oldelval SA desde el Home,9578.0
2026-09-24T15:30:41-03:00,Home,Primer ingreso al portfolio Oldelval SDE desde el Home,6518.0
2026-09-24T15:30:41-03:00,Home,Primer ingreso al portfolio Total Compañia desde el Home,10013.0
2026-09-24T15:30:41-03:00,Home,Segundo ingreso al menú Home,2944.0
2026-09-24T15:30:41-03:00,Home,Segundo ingreso al portfolio Oldelval SA desde el Home,9073.0
2026-09-24T15:30:41-03:00,Home,Segundo ingreso al portfolio Oldelval SDE desde el Home,6838.0
2026-09-24T15:30:41-03:00,Home,Segundo ingreso al portfolio Total Compañia desde el Home,9047.0
2026-09-24T15:30:41-03:00,Mis depositarios,Agrupar por especie todas las cuentas disponibles,1247.0
2026-09-24T15:30:41-03:00,Mis depositarios,Deseleccionar la cuenta Adcap (ADCAP),4748.0
2026-09-24T15:30:41-03:00,Mis depositarios,Deseleccionar la cuenta Allaria (ALLARIA),5257.0
2026-09-24T15:30:41-03:00,Mis depositarios,Deseleccionar la cuenta BBVA (Banco BBVA),5435.0
2026-09-24T15:30:41-03:00,Mis depositarios,Deseleccionar la cuenta Balanz (BALANZ CAPITAL VALORES SA),5542.0
2026-09-24T15:30:41-03:00,Mis depositarios,Deseleccionar la cuenta Banco Comafi (Banco Comafi),5575.0
2026-09-24T15:30:41-03:00,Mis depositarios,Deseleccionar la cuenta Banco Macro (BANCO MACRO),5053.0
2026-09-24T15:30:41-03:00,Mis depositarios,Deseleccionar la cuenta Banco Macro (Banco Maco B),5234.0
2026-09-24T15:30:41-03:00,Mis depositarios,Deseleccionar la cuenta Banco Macro (Banco Macro USD),5260.0
2026-09-24T15:30:41-03:00,Mis depositarios,Deseleccionar la cuenta Banco Nación (Banco Nacion),4761.0
2026-09-24T15:30:41-03:00,Mis depositarios,Deseleccionar la cuenta Banco Patagonia (BANCO PATAGONIA),5564.0
2026-09-24T15:30:41-03:00,Mis depositarios,Deseleccionar la cuenta Banco Patagonia (Banco Patagonia USD),5009.0
2026-09-24T15:30:41-03:00,Mis depositarios,Deseleccionar la cuenta Citi (Banco Citi),5182.0
2026-09-24T15:30:41-03:00,Mis depositarios,Deseleccionar la cuenta Facimex (FACIMEX),5070.0
2026-09-24T15:30:41-03:00,Mis depositarios,Deseleccionar la cuenta Galicia (BANCO GALICIA),5393.0
2026-09-24T15:30:41-03:00,Mis depositarios,Deseleccionar la cuenta Galicia (Galicia SDE),5270.0
2026-09-24T15:30:41-03:00,Mis depositarios,Deseleccionar la cuenta Galicia (Galicia USD),5455.0
2026-09-24T15:30:41-03:00,Mis depositarios,Deseleccionar la cuenta ICBC (BANCO ICBC),5248.0
2026-09-24T15:30:41-03:00,Mis depositarios,Deseleccionar la cuenta ICBC (Banco ICBC (B)),5130.0
2026-09-24T15:30:41-03:00,Mis depositarios,Deseleccionar la cuenta ICBC (Banco ICBC USD),5381.0
2026-09-24T15:30:41-03:00,Mis depositarios,Deseleccionar la cuenta Invertir En Bolsa (INVERTIR EN BOLSA),5221.0
2026-09-24T15:30:41-03:00,Mis depositarios,Deseleccionar la cuenta Macro Securities (MACRO SECURITIES),5475.0
2026-09-24T15:30:41-03:00,Mis depositarios,Deseleccionar la cuenta Max Capital (MAX CAPITAL SA),5197.0
2026-09-24T15:30:41-03:00,Mis depositarios,Deseleccionar la cuenta One618 (ONE 618),5933.0
2026-09-24T15:30:41-03:00,Mis depositarios,Deseleccionar la cuenta Portfolio Personal Inversiones (Prueba),5360.0
2026-09-24T15:30:41-03:00,Mis depositarios,Deseleccionar la cuenta Puente Hermanos (PUENTE HNOS),5358.0
2026-09-24T15:30:41-03:00,Mis depositarios,Deseleccionar la cuenta SBS (SBS),5443.0
2026-09-24T15:30:41-03:00,Mis depositarios,Deseleccionar la cuenta Santander (Banco Santander),5005.0
2026-09-24T15:30:41-03:00,Mis depositarios,Deseleccionar la cuenta Schroders (Schroders USD),5190.0
2026-09-24T15:30:41-03:00,Mis depositarios,Deseleccionar todas las cuentas del depositario Adcap,4985.0
2026-09-24T15:30:41-03:00,Mis depositarios,Deseleccionar todas las cuentas del depositario Allaria,4950.0
2026-09-24T15:30:41-03:00,Mis depositarios,Deseleccionar todas las cuentas del depositario BBVA,5276.0
2026-09-24T15:30:41-03:00,Mis depositarios,Deseleccionar todas las cuentas del depositario Balanz,5109.0
2026-09-24T15:30:41-03:00,Mis depositarios,Deseleccionar todas las cuentas del depositario Banco Comafi,5128.0
2026-09-24T15:30:41-03:00,Mis depositarios,Deseleccionar todas las cuentas del depositario Banco Macro,4441.0
2026-09-24T15:30:41-03:00,Mis depositarios,Deseleccionar todas las cuentas del depositario Banco Nación,4976.0
2026-09-24T15:30:41-03:00,Mis depositarios,Deseleccionar todas las cuentas del depositario Banco Patagonia,5782.0
2026-09-24T15:30:41-03:00,Mis depositarios,Deseleccionar todas las cuentas del depositario Citi,5477.0
2026-09-24T15:30:41-03:00,Mis depositarios,Deseleccionar todas las cuentas del depositario Facimex,6130.0
2026-09-24T15:30:41-03:00,Mis depositarios,Deseleccionar todas las cuentas del depositario Galicia,4442.0
2026-09-24T15:30:41-03:00,Mis depositarios,Deseleccionar todas las cuentas del depositario ICBC,5411.0
2026-09-24T15:30:41-03:00,Mis depositarios,Deseleccionar todas las cuentas del depositario Invertir En Bolsa,4698.0
2026-09-24T15:30:41-03:00,Mis depositarios,Deseleccionar todas las cuentas del depositario Macro Securities,5288.0
2026-09-24T15:30:41-03:00,Mis depositarios,Deseleccionar todas las cuentas del depositario Max Capital,5674.0
2026-09-24T15:30:41-03:00,Mis depositarios,Deseleccionar todas las cuentas del depositario One618,5454.0
2026-09-24T15:30:41-03:00,Mis depositarios,Deseleccionar todas las cuentas del depositario Portfolio Personal Inversiones,5272.0
2026-09-24T15:30:41-03:00,Mis depositarios,Deseleccionar todas las cuentas del depositario Puente Hermanos,5185.0
2026-09-24T15:30:41-03:00,Mis depositarios,Deseleccionar todas las cuentas del depositario SBS,5676.0
2026-09-24T15:30:41-03:00,Mis depositarios,Deseleccionar todas las cuentas del depositario Santander,4891.0
2026-09-24T15:30:41-03:00,Mis depositarios,Deseleccionar todas las cuentas del depositario Schroders,5672.0
2026-09-24T15:30:41-03:00,Mis depositarios,Deseleccionar todas las cuentas disponibles,4562.0
2026-09-24T15:30:41-03:00,Mis depositarios,Primer ingreso al menú Mis depositarios,3349.0
2026-09-24T15:30:41-03:00,Mis depositarios,Seleccionar la cuenta Adcap (ADCAP),5234.0
2026-09-24T15:30:41-03:00,Mis depositarios,Seleccionar la cuenta Allaria (ALLARIA),4320.0
2026-09-24T15:30:41-03:00,Mis depositarios,Seleccionar la cuenta BBVA (Banco BBVA),5665.0
2026-09-24T15:30:41-03:00,Mis depositarios,Seleccionar la cuenta Balanz (BALANZ CAPITAL VALORES SA),5281.0
2026-09-24T15:30:41-03:00,Mis depositarios,Seleccionar la cuenta Banco Comafi (Banco Comafi),5800.0
2026-09-24T15:30:41-03:00,Mis depositarios,Seleccionar la cuenta Banco Macro (BANCO MACRO),5542.0
2026-09-24T15:30:41-03:00,Mis depositarios,Seleccionar la cuenta Banco Macro (Banco Maco B),5823.0
2026-09-24T15:30:41-03:00,Mis depositarios,Seleccionar la cuenta Banco Macro (Banco Macro USD),5501.0
2026-09-24T15:30:41-03:00,Mis depositarios,Seleccionar la cuenta Banco Nación (Banco Nacion),6048.0
2026-09-24T15:30:41-03:00,Mis depositarios,Seleccionar la cuenta Banco Patagonia (BANCO PATAGONIA),4912.0
2026-09-24T15:30:41-03:00,Mis depositarios,Seleccionar la cuenta Banco Patagonia (Banco Patagonia USD),5044.0
2026-09-24T15:30:41-03:00,Mis depositarios,Seleccionar la cuenta Citi (Banco Citi),5066.0
2026-09-24T15:30:41-03:00,Mis depositarios,Seleccionar la cuenta Facimex (FACIMEX),5738.0
2026-09-24T15:30:41-03:00,Mis depositarios,Seleccionar la cuenta Galicia (BANCO GALICIA),4921.0
2026-09-24T15:30:41-03:00,Mis depositarios,Seleccionar la cuenta Galicia (Galicia SDE),4803.0
2026-09-24T15:30:41-03:00,Mis depositarios,Seleccionar la cuenta Galicia (Galicia USD),5024.0
2026-09-24T15:30:41-03:00,Mis depositarios,Seleccionar la cuenta ICBC (BANCO ICBC),5384.0
2026-09-24T15:30:41-03:00,Mis depositarios,Seleccionar la cuenta ICBC (Banco ICBC (B)),5339.0
2026-09-24T15:30:41-03:00,Mis depositarios,Seleccionar la cuenta ICBC (Banco ICBC USD),4964.0
2026-09-24T15:30:41-03:00,Mis depositarios,Seleccionar la cuenta Invertir En Bolsa (INVERTIR EN BOLSA),4721.0
2026-09-24T15:30:41-03:00,Mis depositarios,Seleccionar la cuenta Macro Securities (MACRO SECURITIES),5248.0
2026-09-24T15:30:41-03:00,Mis depositarios,Seleccionar la cuenta Max Capital (MAX CAPITAL SA),5539.0
2026-09-24T15:30:41-03:00,Mis depositarios,Seleccionar la cuenta One618 (ONE 618),4592.0
2026-09-24T15:30:41-03:00,Mis depositarios,Seleccionar la cuenta Portfolio Personal Inversiones (Prueba),4428.0
2026-09-24T15:30:41-03:00,Mis depositarios,Seleccionar la cuenta Puente Hermanos (PUENTE HNOS),5586.0
2026-09-24T15:30:41-03:00,Mis depositarios,Seleccionar la cuenta SBS (SBS),5100.0
2026-09-24T15:30:41-03:00,Mis depositarios,Seleccionar la cuenta Santander (Banco Santander),4708.0
2026-09-24T15:30:41-03:00,Mis depositarios,Seleccionar la cuenta Schroders (Schroders USD),5462.0
2026-09-24T15:30:41-03:00,Mis depositarios,Seleccionar todas las cuentas del depositario Adcap,5263.0
2026-09-24T15:30:41-03:00,Mis depositarios,Seleccionar todas las cuentas del depositario Allaria,5084.0
2026-09-24T15:30:41-03:00,Mis depositarios,Seleccionar todas las cuentas del depositario BBVA,4779.0
2026-09-24T15:30:41-03:00,Mis depositarios,Seleccionar todas las cuentas del depositario Balanz,5830.0
2026-09-24T15:30:41-03:00,Mis depositarios,Seleccionar todas las cuentas del depositario Banco Comafi,5371.0
2026-09-24T15:30:41-03:00,Mis depositarios,Seleccionar todas las cuentas del depositario Banco Macro,4335.0
2026-09-24T15:30:41-03:00,Mis depositarios,Seleccionar todas las cuentas del depositario Banco Nación,5447.0
2026-09-24T15:30:41-03:00,Mis depositarios,Seleccionar todas las cuentas del depositario Banco Patagonia,5341.0
2026-09-24T15:30:41-03:00,Mis depositarios,Seleccionar todas las cuentas del depositario Citi,5530.0
2026-09-24T15:30:41-03:00,Mis depositarios,Seleccionar todas las cuentas del depositario Facimex,4980.0
2026-09-24T15:30:41-03:00,Mis depositarios,Seleccionar todas las cuentas del depositario Galicia,5168.0
2026-09-24T15:30:41-03:00,Mis depositarios,Seleccionar todas las cuentas del depositario ICBC,4871.0
2026-09-24T15:30:41-03:00,Mis depositarios,Seleccionar todas las cuentas del depositario Invertir En Bolsa,5485.0
2026-09-24T15:30:41-03:00,Mis depositarios,Seleccionar todas las cuentas del depositario Macro Securities,5180.0
2026-09-24T15:30:41-03:00,Mis depositarios,Seleccionar todas las cuentas del depositario Max Capital,5135.0
2026-09-24T15:30:41-03:00,Mis depositarios,Seleccionar todas las cuentas del depositario One618,5377.0
2026-09-24T15:30:41-03:00,Mis depositarios,Seleccionar todas las cuentas del depositario Portfolio Personal Inversiones,4552.0
2026-09-24T15:30:41-03:00,Mis depositarios,Seleccionar todas las cuentas del depositario Puente Hermanos,5578.0
2026-09-24T15:30:41-03:00,Mis depositarios,Seleccionar todas las cuentas del depositario SBS,4730.0
2026-09-24T15:30:41-03:00,Mis depositarios,Seleccionar todas las cuentas del depositario Santander,5134.0
2026-09-24T15:30:41-03:00,Mis depositarios,Seleccionar todas las cuentas del depositario Schroders,5154.0
2026-09-24T15:30:41-03:00,Mis depositarios,Seleccionar todas las cuentas disponibles,5551.0
2026-09-24T15:30:41-03:00,Mis operaciones,Primer ingreso al depositario Adcap,862.0
2026-09-24T15:30:41-03:00,Mis operaciones,Primer ingreso al menú Mis operaciones,4913.0
2026-09-24T15:30:41-03:00,Mis operaciones,Primer ingreso: Depositario Adcap filtro de 1 mes de operaciones,894.0
2026-09-24T15:30:41-03:00,Mis operaciones,Primer ingreso: Filtro de 1 mes de operaciones,5131.0
2026-09-24T15:30:41-03:00,Mis operaciones,Segundo ingreso al depositario Adcap,757.0
2026-09-24T15:30:41-03:00,Mis operaciones,Segundo ingreso al menú Mis operaciones,5172.0
2026-09-24T15:30:41-03:00,Mis operaciones,Segundo ingreso: Depositario Adcap filtro de 1 mes de operaciones,907.0
2026-09-24T15:30:41-03:00,Mis operaciones,Segundo ingreso: Filtro de 1 mes de operaciones,4541.0
2026-09-24T15:30:41-03:00,Mis portfolios,Primer ingreso al menú Mis portfolios,8887.0
2026-09-24T15:30:41-03:00,Mis portfolios,Primer ingreso al portfolio Oldelval SA desde Mis portfolios,7964.0
2026-09-24T15:30:41-03:00,Mis portfolios,Primer ingreso al portfolio Oldelval SDE desde Mis portfolios,5742.0
2026-09-24T15:30:41-03:00,Mis portfolios,Primer ingreso al portfolio Total Compañia desde Mis portfolios,7768.0
2026-09-24T15:30:41-03:00,Mis portfolios,Segundo ingreso al menú Mis portfolios,1786.0
2026-09-24T15:30:41-03:00,Mis portfolios,Segundo ingreso al portfolio Oldelval SA desde Mis portfolios,7776.0
2026-09-24T15:30:41-03:00,Mis portfolios,Segundo ingreso al portfolio Oldelval SDE desde Mis portfolios,5419.0
2026-09-24T15:30:41-03:00,Mis portfolios,Segundo ingreso al portfolio Total Compañia desde Mis portfolios,8635.0
2026-09-24T15:30:41-03:00,Rendimiento,Cambio de método de rentabilidad a TWR,1999.0
2026-09-24T15:30:41-03:00,Rendimiento,Portfolio Oldelval SA: Primer ingreso a la carta de rendimiento Desde el inicio con método MWR,673.0
2026-09-24T15:30:41-03:00,Rendimiento,Portfolio Oldelval SA: Primer ingreso a la carta de rendimiento Desde el inicio con método TWR,664.0
2026-09-24T15:30:41-03:00,Rendimiento,Portfolio Oldelval SA: Primer ingreso a la carta de rendimiento Desde principio de año con método MWR,719.0
2026-09-24T15:30:41-03:00,Rendimiento,Portfolio Oldelval SA: Primer ingreso a la carta de rendimiento Desde principio de año con método TWR,702.0
2026-09-24T15:30:41-03:00,Rendimiento,Portfolio Oldelval SA: Primer ingreso a la carta de rendimiento Desde principio de mes con método MWR,570.0
2026-09-24T15:30:41-03:00,Rendimiento,Portfolio Oldelval SA: Primer ingreso a la carta de rendimiento Desde principio de mes con método TWR,552.0
2026-09-24T15:30:41-03:00,Rendimiento,Portfolio Oldelval SA: Primer ingreso a la carta de rendimiento Última semana con método MWR,504.0
2026-09-24T15:30:41-03:00,Rendimiento,Portfolio Oldelval SA: Primer ingreso a la carta de rendimiento Última semana con método TWR,479.0
2026-09-24T15:30:41-03:00,Rendimiento,Portfolio Oldelval SA: Primer ingreso a la carta de rendimiento Último año con método MWR,927.0
2026-09-24T15:30:41-03:00,Rendimiento,Portfolio Oldelval SA: Primer ingreso a la carta de rendimiento Último año con método TWR,741.0
2026-09-24T15:30:41-03:00,Rendimiento,Portfolio Oldelval SA: Primer ingreso a la carta de rendimiento Último mes con método MWR,617.0
2026-09-24T15:30:41-03:00,Rendimiento,Portfolio Oldelval SA: Primer ingreso a la carta de rendimiento Último mes con método TWR,595.0
2026-09-24T15:30:41-03:00,Rendimiento,Portfolio Oldelval SA: Primer ingreso a la carta de rendimiento Últimos 3 meses con método MWR,690.0
2026-09-24T15:30:41-03:00,Rendimiento,Portfolio Oldelval SA: Primer ingreso a la carta de rendimiento Últimos 3 meses con método TWR,667.0
2026-09-24T15:30:41-03:00,Rendimiento,Portfolio Oldelval SA: Segundo ingreso a la carta de rendimiento Desde el inicio con método MWR,676.0
2026-09-24T15:30:41-03:00,Rendimiento,Portfolio Oldelval SA: Segundo ingreso a la carta de rendimiento Desde el inicio con método TWR,710.0
2026-09-24T15:30:41-03:00,Rendimiento,Portfolio Oldelval SA: Segundo ingreso a la carta de rendimiento Desde principio de año con método MWR,718.0
2026-09-24T15:30:41-03:00,Rendimiento,Portfolio Oldelval SA: Segundo ingreso a la carta de rendimiento Desde principio de año con método TWR,709.0
2026-09-24T15:30:41-03:00,Rendimiento,Portfolio Oldelval SA: Segundo ingreso a la carta de rendimiento Desde principio de mes con método MWR,577.0
2026-09-24T15:30:41-03:00,Rendimiento,Portfolio Oldelval SA: Segundo ingreso a la carta de rendimiento Desde principio de mes con método TWR,547.0
2026-09-24T15:30:41-03:00,Rendimiento,Portfolio Oldelval SA: Segundo ingreso a la carta de rendimiento Última semana con método MWR,517.0
2026-09-24T15:30:41-03:00,Rendimiento,Portfolio Oldelval SA: Segundo ingreso a la carta de rendimiento Última semana con método TWR,534.0
2026-09-24T15:30:41-03:00,Rendimiento,Portfolio Oldelval SA: Segundo ingreso a la carta de rendimiento Último año con método MWR,1451.0
2026-09-24T15:30:41-03:00,Rendimiento,Portfolio Oldelval SA: Segundo ingreso a la carta de rendimiento Último año con método TWR,774.0
2026-09-24T15:30:41-03:00,Rendimiento,Portfolio Oldelval SA: Segundo ingreso a la carta de rendimiento Último mes con método MWR,562.0
2026-09-24T15:30:41-03:00,Rendimiento,Portfolio Oldelval SA: Segundo ingreso a la carta de rendimiento Último mes con método TWR,617.0
2026-09-24T15:30:41-03:00,Rendimiento,Portfolio Oldelval SA: Segundo ingreso a la carta de rendimiento Últimos 3 meses con método MWR,648.0
2026-09-24T15:30:41-03:00,Rendimiento,Portfolio Oldelval SA: Segundo ingreso a la carta de rendimiento Últimos 3 meses con método TWR,686.0
2026-09-24T15:30:41-03:00,Rendimiento,Portfolio Oldelval SDE: Primer ingreso a la carta de rendimiento Desde el inicio con método MWR,592.0
2026-09-24T15:30:41-03:00,Rendimiento,Portfolio Oldelval SDE: Primer ingreso a la carta de rendimiento Desde el inicio con método TWR,632.0
2026-09-24T15:30:41-03:00,Rendimiento,Portfolio Oldelval SDE: Primer ingreso a la carta de rendimiento Desde principio de año con método MWR,620.0
2026-09-24T15:30:41-03:00,Rendimiento,Portfolio Oldelval SDE: Primer ingreso a la carta de rendimiento Desde principio de año con método TWR,641.0
2026-09-24T15:30:41-03:00,Rendimiento,Portfolio Oldelval SDE: Primer ingreso a la carta de rendimiento Desde principio de mes con método MWR,552.0
2026-09-24T15:30:41-03:00,Rendimiento,Portfolio Oldelval SDE: Primer ingreso a la carta de rendimiento Desde principio de mes con método TWR,605.0
2026-09-24T15:30:41-03:00,Rendimiento,Portfolio Oldelval SDE: Primer ingreso a la carta de rendimiento Última semana con método MWR,483.0
2026-09-24T15:30:41-03:00,Rendimiento,Portfolio Oldelval SDE: Primer ingreso a la carta de rendimiento Última semana con método TWR,519.0
2026-09-24T15:30:41-03:00,Rendimiento,Portfolio Oldelval SDE: Primer ingreso a la carta de rendimiento Último año con método MWR,853.0
2026-09-24T15:30:41-03:00,Rendimiento,Portfolio Oldelval SDE: Primer ingreso a la carta de rendimiento Último año con método TWR,743.0
2026-09-24T15:30:41-03:00,Rendimiento,Portfolio Oldelval SDE: Primer ingreso a la carta de rendimiento Último mes con método MWR,563.0
2026-09-24T15:30:41-03:00,Rendimiento,Portfolio Oldelval SDE: Primer ingreso a la carta de rendimiento Último mes con método TWR,560.0
2026-09-24T15:30:41-03:00,Rendimiento,Portfolio Oldelval SDE: Primer ingreso a la carta de rendimiento Últimos 3 meses con método MWR,668.0
2026-09-24T15:30:41-03:00,Rendimiento,Portfolio Oldelval SDE: Primer ingreso a la carta de rendimiento Últimos 3 meses con método TWR,615.0
2026-09-24T15:30:41-03:00,Rendimiento,Portfolio Oldelval SDE: Segundo ingreso a la carta de rendimiento Desde el inicio con método MWR,703.0
2026-09-24T15:30:41-03:00,Rendimiento,Portfolio Oldelval SDE: Segundo ingreso a la carta de rendimiento Desde el inicio con método TWR,666.0
2026-09-24T15:30:41-03:00,Rendimiento,Portfolio Oldelval SDE: Segundo ingreso a la carta de rendimiento Desde principio de año con método MWR,663.0
2026-09-24T15:30:41-03:00,Rendimiento,Portfolio Oldelval SDE: Segundo ingreso a la carta de rendimiento Desde principio de año con método TWR,2241.0
2026-09-24T15:30:41-03:00,Rendimiento,Portfolio Oldelval SDE: Segundo ingreso a la carta de rendimiento Desde principio de mes con método MWR,859.0
2026-09-24T15:30:41-03:00,Rendimiento,Portfolio Oldelval SDE: Segundo ingreso a la carta de rendimiento Desde principio de mes con método TWR,598.0
2026-09-24T15:30:41-03:00,Rendimiento,Portfolio Oldelval SDE: Segundo ingreso a la carta de rendimiento Última semana con método MWR,515.0
2026-09-24T15:30:41-03:00,Rendimiento,Portfolio Oldelval SDE: Segundo ingreso a la carta de rendimiento Última semana con método TWR,516.0
2026-09-24T15:30:41-03:00,Rendimiento,Portfolio Oldelval SDE: Segundo ingreso a la carta de rendimiento Último año con método MWR,671.0
2026-09-24T15:30:41-03:00,Rendimiento,Portfolio Oldelval SDE: Segundo ingreso a la carta de rendimiento Último año con método TWR,786.0
2026-09-24T15:30:41-03:00,Rendimiento,Portfolio Oldelval SDE: Segundo ingreso a la carta de rendimiento Último mes con método MWR,574.0
2026-09-24T15:30:41-03:00,Rendimiento,Portfolio Oldelval SDE: Segundo ingreso a la carta de rendimiento Último mes con método TWR,605.0
2026-09-24T15:30:41-03:00,Rendimiento,Portfolio Oldelval SDE: Segundo ingreso a la carta de rendimiento Últimos 3 meses con método MWR,717.0
2026-09-24T15:30:41-03:00,Rendimiento,Portfolio Oldelval SDE: Segundo ingreso a la carta de rendimiento Últimos 3 meses con método TWR,692.0
2026-09-24T15:30:41-03:00,Rendimiento,Portfolio Total: Primer ingreso a la carta de rendimiento Desde el inicio con método MWR,717.0
2026-09-24T15:30:41-03:00,Rendimiento,Portfolio Total: Primer ingreso a la carta de rendimiento Desde el inicio con método TWR,664.0
2026-09-24T15:30:41-03:00,Rendimiento,Portfolio Total: Primer ingreso a la carta de rendimiento Desde principio de año con método MWR,663.0
2026-09-24T15:30:41-03:00,Rendimiento,Portfolio Total: Primer ingreso a la carta de rendimiento Desde principio de año con método TWR,688.0
2026-09-24T15:30:41-03:00,Rendimiento,Portfolio Total: Primer ingreso a la carta de rendimiento Desde principio de mes con método MWR,541.0
2026-09-24T15:30:41-03:00,Rendimiento,Portfolio Total: Primer ingreso a la carta de rendimiento Desde principio de mes con método TWR,571.0
2026-09-24T15:30:41-03:00,Rendimiento,Portfolio Total: Primer ingreso a la carta de rendimiento Última semana con método MWR,545.0
2026-09-24T15:30:41-03:00,Rendimiento,Portfolio Total: Primer ingreso a la carta de rendimiento Última semana con método TWR,540.0
2026-09-24T15:30:41-03:00,Rendimiento,Portfolio Total: Primer ingreso a la carta de rendimiento Último año con método MWR,744.0
2026-09-24T15:30:41-03:00,Rendimiento,Portfolio Total: Primer ingreso a la carta de rendimiento Último año con método TWR,654.0
2026-09-24T15:30:41-03:00,Rendimiento,Portfolio Total: Primer ingreso a la carta de rendimiento Último mes con método MWR,613.0
2026-09-24T15:30:41-03:00,Rendimiento,Portfolio Total: Primer ingreso a la carta de rendimiento Último mes con método TWR,596.0
2026-09-24T15:30:41-03:00,Rendimiento,Portfolio Total: Primer ingreso a la carta de rendimiento Últimos 3 meses con método MWR,767.0
2026-09-24T15:30:41-03:00,Rendimiento,Portfolio Total: Primer ingreso a la carta de rendimiento Últimos 3 meses con método TWR,643.0
2026-09-24T15:30:41-03:00,Rendimiento,Portfolio Total: Segundo ingreso a la carta de rendimiento Desde el inicio con método MWR,695.0
2026-09-24T15:30:41-03:00,Rendimiento,Portfolio Total: Segundo ingreso a la carta de rendimiento Desde el inicio con método TWR,789.0
2026-09-24T15:30:41-03:00,Rendimiento,Portfolio Total: Segundo ingreso a la carta de rendimiento Desde principio de año con método MWR,700.0
2026-09-24T15:30:41-03:00,Rendimiento,Portfolio Total: Segundo ingreso a la carta de rendimiento Desde principio de año con método TWR,692.0
2026-09-24T15:30:41-03:00,Rendimiento,Portfolio Total: Segundo ingreso a la carta de rendimiento Desde principio de mes con método MWR,597.0
2026-09-24T15:30:41-03:00,Rendimiento,Portfolio Total: Segundo ingreso a la carta de rendimiento Desde principio de mes con método TWR,590.0
2026-09-24T15:30:41-03:00,Rendimiento,Portfolio Total: Segundo ingreso a la carta de rendimiento Última semana con método MWR,552.0
2026-09-24T15:30:41-03:00,Rendimiento,Portfolio Total: Segundo ingreso a la carta de rendimiento Última semana con método TWR,575.0
2026-09-24T15:30:41-03:00,Rendimiento,Portfolio Total: Segundo ingreso a la carta de rendimiento Último año con método MWR,719.0
2026-09-24T15:30:41-03:00,Rendimiento,Portfolio Total: Segundo ingreso a la carta de rendimiento Último año con método TWR,749.0
2026-09-24T15:30:41-03:00,Rendimiento,Portfolio Total: Segundo ingreso a la carta de rendimiento Último mes con método MWR,675.0
2026-09-24T15:30:41-03:00,Rendimiento,Portfolio Total: Segundo ingreso a la carta de rendimiento Último mes con método TWR,669.0
2026-09-24T15:30:41-03:00,Rendimiento,Portfolio Total: Segundo ingreso a la carta de rendimiento Últimos 3 meses con método MWR,690.0
2026-09-24T15:30:41-03:00,Rendimiento,Portfolio Total: Segundo ingreso a la carta de rendimiento Últimos 3 meses con método TWR,748.0
2026-09-24T15:30:41-03:00,Rendimiento,Primer ingreso al menú Rendimiento,3872.0
2026-09-24T15:30:41-03:00,Rendimiento,Primer ingreso al portfolio Oldelval SA,2064.0
2026-09-24T15:30:41-03:00,Rendimiento,Primer ingreso al portfolio Oldelval SDE,1450.0
2026-09-24T15:30:41-03:00,Rendimiento,Primer ingreso al portfolio Total,2291.0
2026-09-24T15:30:41-03:00,Rendimiento,Segundo ingreso al portfolio Oldelval SA,1146.0
2026-09-24T15:30:41-03:00,Rendimiento,Segundo ingreso al portfolio Oldelval SDE,1134.0
2026-09-24T15:30:41-03:00,Rendimiento,Segundo ingreso al portfolio Total,1167.0
2026-09-25T15:30:39-03:00,Agenda,Primer ingreso al menú Agenda,3473.0
2026-09-25T15:30:39-03:00,Agenda,"Primer ingreso: Tipo de instrumento Bonos, estado: Cobrado",723.0
2026-09-25T15:30:39-03:00,Agenda,"Primer ingreso: Tipo de instrumento Bonos, estado: Cobrado, fecha: 1 mes hacia atras",1141.0
2026-09-25T15:30:39-03:00,Agenda,"Primer ingreso: Tipo de instrumento Bonos, estado: Cobrado, fecha: 3 meses hacia atras",1206.0
2026-09-25T15:30:39-03:00,Agenda,"Primer ingreso: Tipo de instrumento Bonos, estado: Pendiente",880.0
2026-09-25T15:30:39-03:00,Agenda,"Primer ingreso: Tipo de instrumento Bonos, estado: Pendiente, fecha: 1 mes hacia atras",1298.0
2026-09-25T15:30:39-03:00,Agenda,"Primer ingreso: Tipo de instrumento Operaciones a descuento, estado: Cobrado, Concepto: Cancelación anticipada",810.0
2026-09-25T15:30:39-03:00,Agenda,"Primer ingreso: Tipo de instrumento Operaciones a descuento, estado: Cobrado, Concepto: Cancelación anticipada, fecha: 1 mes hacia atras",946.0
2026-09-25T15:30:39-03:00,Agenda,"Primer ingreso: Tipo de instrumento Operaciones a descuento, estado: Cobrado, Concepto: Cancelación anticipada, fecha: 3 meses hacia atras",934.0
2026-09-25T15:30:39-03:00,Agenda,"Primer ingreso: Tipo de instrumento Operaciones a descuento, estado: Cobrado, Concepto: Vencimiento",779.0
2026-09-25T15:30:39-03:00,Agenda,"Primer ingreso: Tipo de instrumento Operaciones a descuento, estado: Cobrado, Concepto: Vencimiento, fecha: 1 mes hacia atras",1078.0
2026-09-25T15:30:39-03:00,Agenda,"Primer ingreso: Tipo de instrumento Operaciones a descuento, estado: Cobrado, Concepto: Vencimiento, fecha: 3 meses hacia atras",993.0
2026-09-25T15:30:39-03:00,Agenda,"Primer ingreso: Tipo de instrumento Operaciones a descuento, estado: Cobrado, Concepto: Venta",749.0
2026-09-25T15:30:39-03:00,Agenda,"Primer ingreso: Tipo de instrumento Operaciones a descuento, estado: Cobrado, Concepto: Venta, fecha: 1 mes hacia atras",964.0
2026-09-25T15:30:39-03:00,Agenda,"Primer ingreso: Tipo de instrumento Operaciones a descuento, estado: Cobrado, Concepto: Venta, fecha: 3 meses hacia atras",983.0
2026-09-25T15:30:39-03:00,Agenda,"Primer ingreso: Tipo de instrumento Operaciones a descuento, estado: Pendiente",571.0
2026-09-25T15:30:39-03:00,Agenda,"Primer ingreso: Tipo de instrumento Operaciones a descuento, estado: Pendiente, fecha: 1 mes hacia atras",1257.0
2026-09-25T15:30:39-03:00,Agenda,"Primer ingreso: Tipo de instrumento Operaciones a plazo, estado: Cobrado, Concepto: Cancelación anticipada",879.0
2026-09-25T15:30:39-03:00,Agenda,"Primer ingreso: Tipo de instrumento Operaciones a plazo, estado: Cobrado, Concepto: Cancelación anticipada, fecha: 1 mes hacia atras",980.0
2026-09-25T15:30:39-03:00,Agenda,"Primer ingreso: Tipo de instrumento Operaciones a plazo, estado: Cobrado, Concepto: Cancelación anticipada, fecha: 3 meses hacia atras",1000.0
2026-09-25T15:30:39-03:00,Agenda,"Primer ingreso: Tipo de instrumento Operaciones a plazo, estado: Cobrado, Concepto: Vencimiento",769.0
2026-09-25T15:30:39-03:00,Agenda,"Primer ingreso: Tipo de instrumento Operaciones a plazo, estado: Cobrado, Concepto: Vencimiento, fecha: 1 mes hacia atras",1012.0
2026-09-25T15:30:39-03:00,Agenda,"Primer ingreso: Tipo de instrumento Operaciones a plazo, estado: Cobrado, Concepto: Vencimiento, fecha: 3 meses hacia atras",934.0
2026-09-25T15:30:39-03:00,Agenda,"Primer ingreso: Tipo de instrumento Operaciones a plazo, estado: Cobrado, Concepto: Venta",744.0
2026-09-25T15:30:39-03:00,Agenda,"Primer ingreso: Tipo de instrumento Operaciones a plazo, estado: Cobrado, Concepto: Venta, fecha: 1 mes hacia atras",999.0
2026-09-25T15:30:39-03:00,Agenda,"Primer ingreso: Tipo de instrumento Operaciones a plazo, estado: Cobrado, Concepto: Venta, fecha: 3 meses hacia atras",922.0
2026-09-25T15:30:39-03:00,Agenda,"Primer ingreso: Tipo de instrumento Operaciones a plazo, estado: Pendiente",618.0
2026-09-25T15:30:39-03:00,Agenda,"Primer ingreso: Tipo de instrumento Operaciones a plazo, estado: Pendiente, fecha: 1 mes hacia atras",1179.0
2026-09-25T15:30:39-03:00,Agenda,Segundo ingreso al menú Agenda,3799.0
2026-09-25T15:30:39-03:00,Agenda,"Segundo ingreso: Tipo de instrumento Bonos, estado: Cobrado",626.0
2026-09-25T15:30:39-03:00,Agenda,"Segundo ingreso: Tipo de instrumento Bonos, estado: Cobrado, fecha: 1 mes hacia atras",1120.0
2026-09-25T15:30:39-03:00,Agenda,"Segundo ingreso: Tipo de instrumento Bonos, estado: Cobrado, fecha: 3 meses hacia atras",1198.0
2026-09-25T15:30:39-03:00,Agenda,"Segundo ingreso: Tipo de instrumento Bonos, estado: Pendiente, fecha: 1 mes hacia atras",1208.0
2026-09-25T15:30:39-03:00,Agenda,"Segundo ingreso: Tipo de instrumento Bonos, estado: pendiente",805.0
2026-09-25T15:30:39-03:00,Agenda,"Segundo ingreso: Tipo de instrumento Operaciones a descuento, estado: Cobrado, Concepto: Cancelación anticipada",897.0
2026-09-25T15:30:39-03:00,Agenda,"Segundo ingreso: Tipo de instrumento Operaciones a descuento, estado: Cobrado, Concepto: Cancelación anticipada, fecha: 1 mes hacia atras",932.0
2026-09-25T15:30:39-03:00,Agenda,"Segundo ingreso: Tipo de instrumento Operaciones a descuento, estado: Cobrado, Concepto: Cancelación anticipada, fecha: 3 meses hacia atras",952.0
2026-09-25T15:30:39-03:00,Agenda,"Segundo ingreso: Tipo de instrumento Operaciones a descuento, estado: Cobrado, Concepto: Vencimiento",754.0
2026-09-25T15:30:39-03:00,Agenda,"Segundo ingreso: Tipo de instrumento Operaciones a descuento, estado: Cobrado, Concepto: Vencimiento, fecha: 1 mes hacia atras",957.0
2026-09-25T15:30:39-03:00,Agenda,"Segundo ingreso: Tipo de instrumento Operaciones a descuento, estado: Cobrado, Concepto: Vencimiento, fecha: 3 meses hacia atras",936.0
2026-09-25T15:30:39-03:00,Agenda,"Segundo ingreso: Tipo de instrumento Operaciones a descuento, estado: Cobrado, Concepto: Venta",732.0
2026-09-25T15:30:39-03:00,Agenda,"Segundo ingreso: Tipo de instrumento Operaciones a descuento, estado: Cobrado, Concepto: Venta, fecha: 1 mes hacia atras",958.0
2026-09-25T15:30:39-03:00,Agenda,"Segundo ingreso: Tipo de instrumento Operaciones a descuento, estado: Cobrado, Concepto: Venta, fecha: 3 meses hacia atras",926.0
2026-09-25T15:30:39-03:00,Agenda,"Segundo ingreso: Tipo de instrumento Operaciones a descuento, estado: Pendiente, fecha: 1 mes hacia atras",1146.0
2026-09-25T15:30:39-03:00,Agenda,"Segundo ingreso: Tipo de instrumento Operaciones a descuento, estado: pendiente",561.0
2026-09-25T15:30:39-03:00,Agenda,"Segundo ingreso: Tipo de instrumento Operaciones a plazo, estado: Cobrado, Concepto: Cancelación anticipada",829.0
2026-09-25T15:30:39-03:00,Agenda,"Segundo ingreso: Tipo de instrumento Operaciones a plazo, estado: Cobrado, Concepto: Cancelación anticipada, fecha: 1 mes hacia atras",939.0
2026-09-25T15:30:39-03:00,Agenda,"Segundo ingreso: Tipo de instrumento Operaciones a plazo, estado: Cobrado, Concepto: Cancelación anticipada, fecha: 3 meses hacia atras",963.0
2026-09-25T15:30:39-03:00,Agenda,"Segundo ingreso: Tipo de instrumento Operaciones a plazo, estado: Cobrado, Concepto: Vencimiento",822.0
2026-09-25T15:30:39-03:00,Agenda,"Segundo ingreso: Tipo de instrumento Operaciones a plazo, estado: Cobrado, Concepto: Vencimiento, fecha: 1 mes hacia atras",947.0
2026-09-25T15:30:39-03:00,Agenda,"Segundo ingreso: Tipo de instrumento Operaciones a plazo, estado: Cobrado, Concepto: Vencimiento, fecha: 3 meses hacia atras",950.0
2026-09-25T15:30:39-03:00,Agenda,"Segundo ingreso: Tipo de instrumento Operaciones a plazo, estado: Cobrado, Concepto: Venta",743.0
2026-09-25T15:30:39-03:00,Agenda,"Segundo ingreso: Tipo de instrumento Operaciones a plazo, estado: Cobrado, Concepto: Venta, fecha: 1 mes hacia atras",930.0
2026-09-25T15:30:39-03:00,Agenda,"Segundo ingreso: Tipo de instrumento Operaciones a plazo, estado: Cobrado, Concepto: Venta, fecha: 3 meses hacia atras",953.0
2026-09-25T15:30:39-03:00,Agenda,"Segundo ingreso: Tipo de instrumento Operaciones a plazo, estado: Pendiente, fecha: 1 mes hacia atras",1146.0
2026-09-25T15:30:39-03:00,Agenda,"Segundo ingreso: Tipo de instrumento Operaciones a plazo, estado: pendiente",558.0
2026-09-25T15:30:39-03:00,Home,Ingreso a MPC,4302.0
2026-09-25T15:30:39-03:00,Home,Primer ingreso al menú Home,6392.0
2026-09-25T15:30:39-03:00,Home,Primer ingreso al portfolio Oldelval SA desde el Home,9439.0
2026-09-25T15:30:39-03:00,Home,Primer ingreso al portfolio Oldelval SDE desde el Home,7913.0
2026-09-25T15:30:39-03:00,Home,Primer ingreso al portfolio Total Compañia desde el Home,9224.0
2026-09-25T15:30:39-03:00,Home,Segundo ingreso al menú Home,3190.0
2026-09-25T15:30:39-03:00,Home,Segundo ingreso al portfolio Oldelval SA desde el Home,9667.0
2026-09-25T15:30:39-03:00,Home,Segundo ingreso al portfolio Oldelval SDE desde el Home,6540.0
2026-09-25T15:30:39-03:00,Home,Segundo ingreso al portfolio Total Compañia desde el Home,9516.0
2026-09-25T15:30:39-03:00,Mis depositarios,Agrupar por especie todas las cuentas disponibles,2118.0
2026-09-25T15:30:39-03:00,Mis depositarios,Deseleccionar la cuenta Adcap (ADCAP),5627.0
2026-09-25T15:30:39-03:00,Mis depositarios,Deseleccionar la cuenta Allaria (ALLARIA),5734.0
2026-09-25T15:30:39-03:00,Mis depositarios,Deseleccionar la cuenta BBVA (Banco BBVA),5545.0
2026-09-25T15:30:39-03:00,Mis depositarios,Deseleccionar la cuenta Balanz (BALANZ CAPITAL VALORES SA),5342.0
2026-09-25T15:30:39-03:00,Mis depositarios,Deseleccionar la cuenta Banco Comafi (Banco Comafi),5907.0
2026-09-25T15:30:39-03:00,Mis depositarios,Deseleccionar la cuenta Banco Macro (BANCO MACRO),5835.0
2026-09-25T15:30:39-03:00,Mis depositarios,Deseleccionar la cuenta Banco Macro (Banco Maco B),5357.0
2026-09-25T15:30:39-03:00,Mis depositarios,Deseleccionar la cuenta Banco Macro (Banco Macro USD),4964.0
2026-09-25T15:30:39-03:00,Mis depositarios,Deseleccionar la cuenta Banco Nación (Banco Nacion),5281.0
2026-09-25T15:30:39-03:00,Mis depositarios,Deseleccionar la cuenta Banco Patagonia (BANCO PATAGONIA),5140.0
2026-09-25T15:30:39-03:00,Mis depositarios,Deseleccionar la cuenta Banco Patagonia (Banco Patagonia USD),5488.0
2026-09-25T15:30:39-03:00,Mis depositarios,Deseleccionar la cuenta Citi (Banco Citi),5115.0
2026-09-25T15:30:39-03:00,Mis depositarios,Deseleccionar la cuenta Cocos Capital (Cocos Capital SA),5006.0
2026-09-25T15:30:39-03:00,Mis depositarios,Deseleccionar la cuenta Facimex (FACIMEX),5153.0
2026-09-25T15:30:39-03:00,Mis depositarios,Deseleccionar la cuenta Galicia (BANCO GALICIA),6137.0
2026-09-25T15:30:39-03:00,Mis depositarios,Deseleccionar la cuenta Galicia (Galicia SDE),5934.0
2026-09-25T15:30:39-03:00,Mis depositarios,Deseleccionar la cuenta Galicia (Galicia USD),5148.0
2026-09-25T15:30:39-03:00,Mis depositarios,Deseleccionar la cuenta ICBC (BANCO ICBC),5313.0
2026-09-25T15:30:39-03:00,Mis depositarios,Deseleccionar la cuenta ICBC (Banco ICBC (B)),5522.0
2026-09-25T15:30:39-03:00,Mis depositarios,Deseleccionar la cuenta ICBC (Banco ICBC USD),4904.0
2026-09-25T15:30:39-03:00,Mis depositarios,Deseleccionar la cuenta Invertir En Bolsa (INVERTIR EN BOLSA),5186.0
2026-09-25T15:30:39-03:00,Mis depositarios,Deseleccionar la cuenta Macro Securities (MACRO SECURITIES),5261.0
2026-09-25T15:30:39-03:00,Mis depositarios,Deseleccionar la cuenta Max Capital (MAX CAPITAL SA),4765.0
2026-09-25T15:30:39-03:00,Mis depositarios,Deseleccionar la cuenta One618 (ONE 618),6239.0
2026-09-25T15:30:39-03:00,Mis depositarios,Deseleccionar la cuenta Portfolio Personal Inversiones (Prueba),6063.0
2026-09-25T15:30:39-03:00,Mis depositarios,Deseleccionar la cuenta Puente Hermanos (PUENTE HNOS),5520.0
2026-09-25T15:30:39-03:00,Mis depositarios,Deseleccionar la cuenta SBS (SBS),5226.0
2026-09-25T15:30:39-03:00,Mis depositarios,Deseleccionar la cuenta Santander (Banco Santander),5742.0
2026-09-25T15:30:39-03:00,Mis depositarios,Deseleccionar la cuenta Schroders (Schroders USD),5380.0
2026-09-25T15:30:39-03:00,Mis depositarios,Deseleccionar todas las cuentas del depositario Adcap,5221.0
2026-09-25T15:30:39-03:00,Mis depositarios,Deseleccionar todas las cuentas del depositario Allaria,5199.0
2026-09-25T15:30:39-03:00,Mis depositarios,Deseleccionar todas las cuentas del depositario BBVA,5296.0
2026-09-25T15:30:39-03:00,Mis depositarios,Deseleccionar todas las cuentas del depositario Balanz,5325.0
2026-09-25T15:30:39-03:00,Mis depositarios,Deseleccionar todas las cuentas del depositario Banco Comafi,4361.0
2026-09-25T15:30:39-03:00,Mis depositarios,Deseleccionar todas las cuentas del depositario Banco Macro,5167.0
2026-09-25T15:30:39-03:00,Mis depositarios,Deseleccionar todas las cuentas del depositario Banco Nación,5306.0
2026-09-25T15:30:39-03:00,Mis depositarios,Deseleccionar todas las cuentas del depositario Banco Patagonia,5377.0
2026-09-25T15:30:39-03:00,Mis depositarios,Deseleccionar todas las cuentas del depositario Citi,5253.0
2026-09-25T15:30:39-03:00,Mis depositarios,Deseleccionar todas las cuentas del depositario Cocos Capital,5253.0
2026-09-25T15:30:39-03:00,Mis depositarios,Deseleccionar todas las cuentas del depositario Facimex,5612.0
2026-09-25T15:30:39-03:00,Mis depositarios,Deseleccionar todas las cuentas del depositario Galicia,5343.0
2026-09-25T15:30:39-03:00,Mis depositarios,Deseleccionar todas las cuentas del depositario ICBC,5058.0
2026-09-25T15:30:39-03:00,Mis depositarios,Deseleccionar todas las cuentas del depositario Invertir En Bolsa,5292.0
2026-09-25T15:30:39-03:00,Mis depositarios,Deseleccionar todas las cuentas del depositario Macro Securities,5688.0
2026-09-25T15:30:39-03:00,Mis depositarios,Deseleccionar todas las cuentas del depositario Max Capital,5556.0
2026-09-25T15:30:39-03:00,Mis depositarios,Deseleccionar todas las cuentas del depositario One618,5308.0
2026-09-25T15:30:39-03:00,Mis depositarios,Deseleccionar todas las cuentas del depositario Portfolio Personal Inversiones,4852.0
2026-09-25T15:30:39-03:00,Mis depositarios,Deseleccionar todas las cuentas del depositario Puente Hermanos,5600.0
2026-09-25T15:30:39-03:00,Mis depositarios,Deseleccionar todas las cuentas del depositario SBS,6325.0
2026-09-25T15:30:39-03:00,Mis depositarios,Deseleccionar todas las cuentas del depositario Santander,5303.0
2026-09-25T15:30:39-03:00,Mis depositarios,Deseleccionar todas las cuentas del depositario Schroders,5729.0
2026-09-25T15:30:39-03:00,Mis depositarios,Deseleccionar todas las cuentas disponibles,5065.0
2026-09-25T15:30:39-03:00,Mis depositarios,Primer ingreso al menú Mis depositarios,4581.0
2026-09-25T15:30:39-03:00,Mis depositarios,Seleccionar la cuenta Adcap (ADCAP),5642.0
2026-09-25T15:30:39-03:00,Mis depositarios,Seleccionar la cuenta Allaria (ALLARIA),4931.0
2026-09-25T15:30:39-03:00,Mis depositarios,Seleccionar la cuenta BBVA (Banco BBVA),5513.0
2026-09-25T15:30:39-03:00,Mis depositarios,Seleccionar la cuenta Balanz (BALANZ CAPITAL VALORES SA),5446.0
2026-09-25T15:30:39-03:00,Mis depositarios,Seleccionar la cuenta Banco Comafi (Banco Comafi),5233.0
2026-09-25T15:30:39-03:00,Mis depositarios,Seleccionar la cuenta Banco Macro (BANCO MACRO),5350.0
2026-09-25T15:30:39-03:00,Mis depositarios,Seleccionar la cuenta Banco Macro (Banco Maco B),5823.0
2026-09-25T15:30:39-03:00,Mis depositarios,Seleccionar la cuenta Banco Macro (Banco Macro USD),5547.0
2026-09-25T15:30:39-03:00,Mis depositarios,Seleccionar la cuenta Banco Nación (Banco Nacion),5986.0
2026-09-25T15:30:39-03:00,Mis depositarios,Seleccionar la cuenta Banco Patagonia (BANCO PATAGONIA),5718.0
2026-09-25T15:30:39-03:00,Mis depositarios,Seleccionar la cuenta Banco Patagonia (Banco Patagonia USD),5021.0
2026-09-25T15:30:39-03:00,Mis depositarios,Seleccionar la cuenta Citi (Banco Citi),5678.0
2026-09-25T15:30:39-03:00,Mis depositarios,Seleccionar la cuenta Cocos Capital (Cocos Capital SA),6025.0
2026-09-25T15:30:39-03:00,Mis depositarios,Seleccionar la cuenta Facimex (FACIMEX),5514.0
2026-09-25T15:30:39-03:00,Mis depositarios,Seleccionar la cuenta Galicia (BANCO GALICIA),4921.0
2026-09-25T15:30:39-03:00,Mis depositarios,Seleccionar la cuenta Galicia (Galicia SDE),5670.0
2026-09-25T15:30:39-03:00,Mis depositarios,Seleccionar la cuenta Galicia (Galicia USD),5271.0
2026-09-25T15:30:39-03:00,Mis depositarios,Seleccionar la cuenta ICBC (BANCO ICBC),5039.0
2026-09-25T15:30:39-03:00,Mis depositarios,Seleccionar la cuenta ICBC (Banco ICBC (B)),5126.0
2026-09-25T15:30:39-03:00,Mis depositarios,Seleccionar la cuenta ICBC (Banco ICBC USD),5701.0
2026-09-25T15:30:39-03:00,Mis depositarios,Seleccionar la cuenta Invertir En Bolsa (INVERTIR EN BOLSA),5611.0
2026-09-25T15:30:39-03:00,Mis depositarios,Seleccionar la cuenta Macro Securities (MACRO SECURITIES),6437.0
2026-09-25T15:30:39-03:00,Mis depositarios,Seleccionar la cuenta Max Capital (MAX CAPITAL SA),5983.0
2026-09-25T15:30:39-03:00,Mis depositarios,Seleccionar la cuenta One618 (ONE 618),5197.0
2026-09-25T15:30:39-03:00,Mis depositarios,Seleccionar la cuenta Portfolio Personal Inversiones (Prueba),5273.0
2026-09-25T15:30:39-03:00,Mis depositarios,Seleccionar la cuenta Puente Hermanos (PUENTE HNOS),4891.0
2026-09-25T15:30:39-03:00,Mis depositarios,Seleccionar la cuenta SBS (SBS),5392.0
2026-09-25T15:30:39-03:00,Mis depositarios,Seleccionar la cuenta Santander (Banco Santander),4954.0
2026-09-25T15:30:39-03:00,Mis depositarios,Seleccionar la cuenta Schroders (Schroders USD),5552.0
2026-09-25T15:30:39-03:00,Mis depositarios,Seleccionar todas las cuentas del depositario Adcap,5259.0
2026-09-25T15:30:39-03:00,Mis depositarios,Seleccionar todas las cuentas del depositario Allaria,5454.0
2026-09-25T15:30:39-03:00,Mis depositarios,Seleccionar todas las cuentas del depositario BBVA,5261.0
2026-09-25T15:30:39-03:00,Mis depositarios,Seleccionar todas las cuentas del depositario Balanz,5357.0
2026-09-25T15:30:39-03:00,Mis depositarios,Seleccionar todas las cuentas del depositario Banco Comafi,5755.0
2026-09-25T15:30:39-03:00,Mis depositarios,Seleccionar todas las cuentas del depositario Banco Macro,5523.0
2026-09-25T15:30:39-03:00,Mis depositarios,Seleccionar todas las cuentas del depositario Banco Nación,5430.0
2026-09-25T15:30:39-03:00,Mis depositarios,Seleccionar todas las cuentas del depositario Banco Patagonia,5020.0
2026-09-25T15:30:39-03:00,Mis depositarios,Seleccionar todas las cuentas del depositario Citi,5276.0
2026-09-25T15:30:39-03:00,Mis depositarios,Seleccionar todas las cuentas del depositario Cocos Capital,5270.0
2026-09-25T15:30:39-03:00,Mis depositarios,Seleccionar todas las cuentas del depositario Facimex,5414.0
2026-09-25T15:30:39-03:00,Mis depositarios,Seleccionar todas las cuentas del depositario Galicia,5644.0
2026-09-25T15:30:39-03:00,Mis depositarios,Seleccionar todas las cuentas del depositario ICBC,5856.0
2026-09-25T15:30:39-03:00,Mis depositarios,Seleccionar todas las cuentas del depositario Invertir En Bolsa,4841.0
2026-09-25T15:30:39-03:00,Mis depositarios,Seleccionar todas las cuentas del depositario Macro Securities,5383.0
2026-09-25T15:30:39-03:00,Mis depositarios,Seleccionar todas las cuentas del depositario Max Capital,6496.0
2026-09-25T15:30:39-03:00,Mis depositarios,Seleccionar todas las cuentas del depositario One618,5064.0
2026-09-25T15:30:39-03:00,Mis depositarios,Seleccionar todas las cuentas del depositario Portfolio Personal Inversiones,4853.0
2026-09-25T15:30:39-03:00,Mis depositarios,Seleccionar todas las cuentas del depositario Puente Hermanos,5253.0
2026-09-25T15:30:39-03:00,Mis depositarios,Seleccionar todas las cuentas del depositario SBS,5398.0
2026-09-25T15:30:39-03:00,Mis depositarios,Seleccionar todas las cuentas del depositario Santander,5104.0
2026-09-25T15:30:39-03:00,Mis depositarios,Seleccionar todas las cuentas del depositario Schroders,5457.0
2026-09-25T15:30:39-03:00,Mis depositarios,Seleccionar todas las cuentas disponibles,5624.0
2026-09-25T15:30:39-03:00,Mis operaciones,Primer ingreso al depositario Adcap,1136.0
2026-09-25T15:30:39-03:00,Mis operaciones,Primer ingreso al menú Mis operaciones,4036.0
2026-09-25T15:30:39-03:00,Mis operaciones,Primer ingreso: Depositario Adcap filtro de 1 mes de operaciones,846.0
2026-09-25T15:30:39-03:00,Mis operaciones,Primer ingreso: Filtro de 1 mes de operaciones,5354.0
2026-09-25T15:30:39-03:00,Mis operaciones,Segundo ingreso al depositario Adcap,689.0
2026-09-25T15:30:39-03:00,Mis operaciones,Segundo ingreso al menú Mis operaciones,4143.0
2026-09-25T15:30:39-03:00,Mis operaciones,Segundo ingreso: Depositario Adcap filtro de 1 mes de operaciones,823.0
2026-09-25T15:30:39-03:00,Mis operaciones,Segundo ingreso: Filtro de 1 mes de operaciones,4468.0
2026-09-25T15:30:39-03:00,Mis portfolios,Primer ingreso al menú Mis portfolios,4467.0
2026-09-25T15:30:39-03:00,Mis portfolios,Primer ingreso al portfolio Oldelval SA desde Mis portfolios,7861.0
2026-09-25T15:30:39-03:00,Mis portfolios,Primer ingreso al portfolio Oldelval SDE desde Mis portfolios,5586.0
2026-09-25T15:30:39-03:00,Mis portfolios,Primer ingreso al portfolio Total Compañia desde Mis portfolios,7994.0
2026-09-25T15:30:39-03:00,Mis portfolios,Segundo ingreso al menú Mis portfolios,2204.0
2026-09-25T15:30:39-03:00,Mis portfolios,Segundo ingreso al portfolio Oldelval SA desde Mis portfolios,8482.0
2026-09-25T15:30:39-03:00,Mis portfolios,Segundo ingreso al portfolio Oldelval SDE desde Mis portfolios,5035.0
2026-09-25T15:30:39-03:00,Mis portfolios,Segundo ingreso al portfolio Total Compañia desde Mis portfolios,7734.0
2026-09-25T15:30:39-03:00,Rendimiento,Cambio de método de rentabilidad a TWR,1848.0
2026-09-25T15:30:39-03:00,Rendimiento,Portfolio Oldelval SA: Primer ingreso a la carta de rendimiento Desde el inicio con método MWR,628.0
2026-09-25T15:30:39-03:00,Rendimiento,Portfolio Oldelval SA: Primer ingreso a la carta de rendimiento Desde el inicio con método TWR,683.0
2026-09-25T15:30:39-03:00,Rendimiento,Portfolio Oldelval SA: Primer ingreso a la carta de rendimiento Desde principio de año con método MWR,714.0
2026-09-25T15:30:39-03:00,Rendimiento,Portfolio Oldelval SA: Primer ingreso a la carta de rendimiento Desde principio de año con método TWR,808.0
2026-09-25T15:30:39-03:00,Rendimiento,Portfolio Oldelval SA: Primer ingreso a la carta de rendimiento Desde principio de mes con método MWR,521.0
2026-09-25T15:30:39-03:00,Rendimiento,Portfolio Oldelval SA: Primer ingreso a la carta de rendimiento Desde principio de mes con método TWR,604.0
2026-09-25T15:30:39-03:00,Rendimiento,Portfolio Oldelval SA: Primer ingreso a la carta de rendimiento Última semana con método MWR,506.0
2026-09-25T15:30:39-03:00,Rendimiento,Portfolio Oldelval SA: Primer ingreso a la carta de rendimiento Última semana con método TWR,505.0
2026-09-25T15:30:39-03:00,Rendimiento,Portfolio Oldelval SA: Primer ingreso a la carta de rendimiento Último año con método MWR,602.0
2026-09-25T15:30:39-03:00,Rendimiento,Portfolio Oldelval SA: Primer ingreso a la carta de rendimiento Último año con método TWR,719.0
2026-09-25T15:30:39-03:00,Rendimiento,Portfolio Oldelval SA: Primer ingreso a la carta de rendimiento Último mes con método MWR,540.0
2026-09-25T15:30:39-03:00,Rendimiento,Portfolio Oldelval SA: Primer ingreso a la carta de rendimiento Último mes con método TWR,663.0
2026-09-25T15:30:39-03:00,Rendimiento,Portfolio Oldelval SA: Primer ingreso a la carta de rendimiento Últimos 3 meses con método MWR,655.0
2026-09-25T15:30:39-03:00,Rendimiento,Portfolio Oldelval SA: Primer ingreso a la carta de rendimiento Últimos 3 meses con método TWR,707.0
2026-09-25T15:30:39-03:00,Rendimiento,Portfolio Oldelval SA: Segundo ingreso a la carta de rendimiento Desde el inicio con método MWR,750.0
2026-09-25T15:30:39-03:00,Rendimiento,Portfolio Oldelval SA: Segundo ingreso a la carta de rendimiento Desde el inicio con método TWR,779.0
2026-09-25T15:30:39-03:00,Rendimiento,Portfolio Oldelval SA: Segundo ingreso a la carta de rendimiento Desde principio de año con método MWR,677.0
2026-09-25T15:30:39-03:00,Rendimiento,Portfolio Oldelval SA: Segundo ingreso a la carta de rendimiento Desde principio de año con método TWR,666.0
2026-09-25T15:30:39-03:00,Rendimiento,Portfolio Oldelval SA: Segundo ingreso a la carta de rendimiento Desde principio de mes con método MWR,562.0
2026-09-25T15:30:39-03:00,Rendimiento,Portfolio Oldelval SA: Segundo ingreso a la carta de rendimiento Desde principio de mes con método TWR,570.0
2026-09-25T15:30:39-03:00,Rendimiento,Portfolio Oldelval SA: Segundo ingreso a la carta de rendimiento Última semana con método MWR,541.0
2026-09-25T15:30:39-03:00,Rendimiento,Portfolio Oldelval SA: Segundo ingreso a la carta de rendimiento Última semana con método TWR,570.0
2026-09-25T15:30:39-03:00,Rendimiento,Portfolio Oldelval SA: Segundo ingreso a la carta de rendimiento Último año con método MWR,1299.0
2026-09-25T15:30:39-03:00,Rendimiento,Portfolio Oldelval SA: Segundo ingreso a la carta de rendimiento Último año con método TWR,719.0
2026-09-25T15:30:39-03:00,Rendimiento,Portfolio Oldelval SA: Segundo ingreso a la carta de rendimiento Último mes con método MWR,625.0
2026-09-25T15:30:39-03:00,Rendimiento,Portfolio Oldelval SA: Segundo ingreso a la carta de rendimiento Último mes con método TWR,574.0
2026-09-25T15:30:39-03:00,Rendimiento,Portfolio Oldelval SA: Segundo ingreso a la carta de rendimiento Últimos 3 meses con método MWR,696.0
2026-09-25T15:30:39-03:00,Rendimiento,Portfolio Oldelval SA: Segundo ingreso a la carta de rendimiento Últimos 3 meses con método TWR,679.0
2026-09-25T15:30:39-03:00,Rendimiento,Portfolio Oldelval SDE: Primer ingreso a la carta de rendimiento Desde el inicio con método MWR,609.0
2026-09-25T15:30:39-03:00,Rendimiento,Portfolio Oldelval SDE: Primer ingreso a la carta de rendimiento Desde el inicio con método TWR,610.0
2026-09-25T15:30:39-03:00,Rendimiento,Portfolio Oldelval SDE: Primer ingreso a la carta de rendimiento Desde principio de año con método MWR,634.0
2026-09-25T15:30:39-03:00,Rendimiento,Portfolio Oldelval SDE: Primer ingreso a la carta de rendimiento Desde principio de año con método TWR,627.0
2026-09-25T15:30:39-03:00,Rendimiento,Portfolio Oldelval SDE: Primer ingreso a la carta de rendimiento Desde principio de mes con método MWR,512.0
2026-09-25T15:30:39-03:00,Rendimiento,Portfolio Oldelval SDE: Primer ingreso a la carta de rendimiento Desde principio de mes con método TWR,593.0
2026-09-25T15:30:39-03:00,Rendimiento,Portfolio Oldelval SDE: Primer ingreso a la carta de rendimiento Última semana con método MWR,460.0
2026-09-25T15:30:39-03:00,Rendimiento,Portfolio Oldelval SDE: Primer ingreso a la carta de rendimiento Última semana con método TWR,458.0
2026-09-25T15:30:39-03:00,Rendimiento,Portfolio Oldelval SDE: Primer ingreso a la carta de rendimiento Último año con método MWR,612.0
2026-09-25T15:30:39-03:00,Rendimiento,Portfolio Oldelval SDE: Primer ingreso a la carta de rendimiento Último año con método TWR,689.0
2026-09-25T15:30:39-03:00,Rendimiento,Portfolio Oldelval SDE: Primer ingreso a la carta de rendimiento Último mes con método MWR,517.0
2026-09-25T15:30:39-03:00,Rendimiento,Portfolio Oldelval SDE: Primer ingreso a la carta de rendimiento Último mes con método TWR,479.0
2026-09-25T15:30:39-03:00,Rendimiento,Portfolio Oldelval SDE: Primer ingreso a la carta de rendimiento Últimos 3 meses con método MWR,627.0
2026-09-25T15:30:39-03:00,Rendimiento,Portfolio Oldelval SDE: Primer ingreso a la carta de rendimiento Últimos 3 meses con método TWR,657.0
2026-09-25T15:30:39-03:00,Rendimiento,Portfolio Oldelval SDE: Segundo ingreso a la carta de rendimiento Desde el inicio con método MWR,614.0
2026-09-25T15:30:39-03:00,Rendimiento,Portfolio Oldelval SDE: Segundo ingreso a la carta de rendimiento Desde el inicio con método TWR,658.0
2026-09-25T15:30:39-03:00,Rendimiento,Portfolio Oldelval SDE: Segundo ingreso a la carta de rendimiento Desde principio de año con método MWR,637.0
2026-09-25T15:30:39-03:00,Rendimiento,Portfolio Oldelval SDE: Segundo ingreso a la carta de rendimiento Desde principio de año con método TWR,663.0
2026-09-25T15:30:39-03:00,Rendimiento,Portfolio Oldelval SDE: Segundo ingreso a la carta de rendimiento Desde principio de mes con método MWR,618.0
2026-09-25T15:30:39-03:00,Rendimiento,Portfolio Oldelval SDE: Segundo ingreso a la carta de rendimiento Desde principio de mes con método TWR,537.0
2026-09-25T15:30:39-03:00,Rendimiento,Portfolio Oldelval SDE: Segundo ingreso a la carta de rendimiento Última semana con método MWR,480.0
2026-09-25T15:30:39-03:00,Rendimiento,Portfolio Oldelval SDE: Segundo ingreso a la carta de rendimiento Última semana con método TWR,484.0
2026-09-25T15:30:39-03:00,Rendimiento,Portfolio Oldelval SDE: Segundo ingreso a la carta de rendimiento Último año con método MWR,672.0
2026-09-25T15:30:39-03:00,Rendimiento,Portfolio Oldelval SDE: Segundo ingreso a la carta de rendimiento Último año con método TWR,660.0
2026-09-25T15:30:39-03:00,Rendimiento,Portfolio Oldelval SDE: Segundo ingreso a la carta de rendimiento Último mes con método MWR,523.0
2026-09-25T15:30:39-03:00,Rendimiento,Portfolio Oldelval SDE: Segundo ingreso a la carta de rendimiento Último mes con método TWR,565.0
2026-09-25T15:30:39-03:00,Rendimiento,Portfolio Oldelval SDE: Segundo ingreso a la carta de rendimiento Últimos 3 meses con método MWR,601.0
2026-09-25T15:30:39-03:00,Rendimiento,Portfolio Oldelval SDE: Segundo ingreso a la carta de rendimiento Últimos 3 meses con método TWR,649.0
2026-09-25T15:30:39-03:00,Rendimiento,Portfolio Total: Primer ingreso a la carta de rendimiento Desde el inicio con método MWR,686.0
2026-09-25T15:30:39-03:00,Rendimiento,Portfolio Total: Primer ingreso a la carta de rendimiento Desde el inicio con método TWR,662.0
2026-09-25T15:30:39-03:00,Rendimiento,Portfolio Total: Primer ingreso a la carta de rendimiento Desde principio de año con método MWR,695.0
2026-09-25T15:30:39-03:00,Rendimiento,Portfolio Total: Primer ingreso a la carta de rendimiento Desde principio de año con método TWR,637.0
2026-09-25T15:30:39-03:00,Rendimiento,Portfolio Total: Primer ingreso a la carta de rendimiento Desde principio de mes con método MWR,639.0
2026-09-25T15:30:39-03:00,Rendimiento,Portfolio Total: Primer ingreso a la carta de rendimiento Desde principio de mes con método TWR,560.0
2026-09-25T15:30:39-03:00,Rendimiento,Portfolio Total: Primer ingreso a la carta de rendimiento Última semana con método MWR,476.0
2026-09-25T15:30:39-03:00,Rendimiento,Portfolio Total: Primer ingreso a la carta de rendimiento Última semana con método TWR,446.0
2026-09-25T15:30:39-03:00,Rendimiento,Portfolio Total: Primer ingreso a la carta de rendimiento Último año con método MWR,795.0
2026-09-25T15:30:39-03:00,Rendimiento,Portfolio Total: Primer ingreso a la carta de rendimiento Último año con método TWR,673.0
2026-09-25T15:30:39-03:00,Rendimiento,Portfolio Total: Primer ingreso a la carta de rendimiento Último mes con método MWR,585.0
2026-09-25T15:30:39-03:00,Rendimiento,Portfolio Total: Primer ingreso a la carta de rendimiento Último mes con método TWR,641.0
2026-09-25T15:30:39-03:00,Rendimiento,Portfolio Total: Primer ingreso a la carta de rendimiento Últimos 3 meses con método MWR,647.0
2026-09-25T15:30:39-03:00,Rendimiento,Portfolio Total: Primer ingreso a la carta de rendimiento Últimos 3 meses con método TWR,662.0
2026-09-25T15:30:39-03:00,Rendimiento,Portfolio Total: Segundo ingreso a la carta de rendimiento Desde el inicio con método MWR,819.0
2026-09-25T15:30:39-03:00,Rendimiento,Portfolio Total: Segundo ingreso a la carta de rendimiento Desde el inicio con método TWR,722.0
2026-09-25T15:30:39-03:00,Rendimiento,Portfolio Total: Segundo ingreso a la carta de rendimiento Desde principio de año con método MWR,660.0
2026-09-25T15:30:39-03:00,Rendimiento,Portfolio Total: Segundo ingreso a la carta de rendimiento Desde principio de año con método TWR,666.0
2026-09-25T15:30:39-03:00,Rendimiento,Portfolio Total: Segundo ingreso a la carta de rendimiento Desde principio de mes con método MWR,579.0
2026-09-25T15:30:39-03:00,Rendimiento,Portfolio Total: Segundo ingreso a la carta de rendimiento Desde principio de mes con método TWR,628.0
2026-09-25T15:30:39-03:00,Rendimiento,Portfolio Total: Segundo ingreso a la carta de rendimiento Última semana con método MWR,590.0
2026-09-25T15:30:39-03:00,Rendimiento,Portfolio Total: Segundo ingreso a la carta de rendimiento Última semana con método TWR,560.0
2026-09-25T15:30:39-03:00,Rendimiento,Portfolio Total: Segundo ingreso a la carta de rendimiento Último año con método MWR,730.0
2026-09-25T15:30:39-03:00,Rendimiento,Portfolio Total: Segundo ingreso a la carta de rendimiento Último año con método TWR,746.0
2026-09-25T15:30:39-03:00,Rendimiento,Portfolio Total: Segundo ingreso a la carta de rendimiento Último mes con método MWR,631.0
2026-09-25T15:30:39-03:00,Rendimiento,Portfolio Total: Segundo ingreso a la carta de rendimiento Último mes con método TWR,672.0
2026-09-25T15:30:39-03:00,Rendimiento,Portfolio Total: Segundo ingreso a la carta de rendimiento Últimos 3 meses con método MWR,682.0
2026-09-25T15:30:39-03:00,Rendimiento,Portfolio Total: Segundo ingreso a la carta de rendimiento Últimos 3 meses con método TWR,765.0
2026-09-25T15:30:39-03:00,Rendimiento,Primer ingreso al menú Rendimiento,3191.0
2026-09-25T15:30:39-03:00,Rendimiento,Primer ingreso al portfolio Oldelval SA,1962.0
2026-09-25T15:30:39-03:00,Rendimiento,Primer ingreso al portfolio Oldelval SDE,1582.0
2026-09-25T15:30:39-03:00,Rendimiento,Primer ingreso al portfolio Total,2031.0
2026-09-25T15:30:39-03:00,Rendimiento,Segundo ingreso al portfolio Oldelval SA,1204.0
2026-09-25T15:30:39-03:00,Rendimiento,Segundo ingreso al portfolio Oldelval SDE,1138.0
2026-09-25T15:30:39-03:00,Rendimiento,Segundo ingreso al portfolio Total,1067.0
2026-09-28T15:30:48-03:00,Agenda,Primer ingreso al menú Agenda,4212.0
2026-09-28T15:30:48-03:00,Agenda,"Primer ingreso: Tipo de instrumento Bonos, estado: Cobrado",758.0
2026-09-28T15:30:48-03:00,Agenda,"Primer ingreso: Tipo de instrumento Bonos, estado: Cobrado, fecha: 1 mes hacia atras",1188.0
2026-09-28T15:30:48-03:00,Agenda,"Primer ingreso: Tipo de instrumento Bonos, estado: Cobrado, fecha: 3 meses hacia atras",1247.0
2026-09-28T15:30:48-03:00,Agenda,"Primer ingreso: Tipo de instrumento Bonos, estado: Pendiente",1009.0
2026-09-28T15:30:48-03:00,Agenda,"Primer ingreso: Tipo de instrumento Bonos, estado: Pendiente, fecha: 1 mes hacia atras",1411.0
2026-09-28T15:30:48-03:00,Agenda,"Primer ingreso: Tipo de instrumento Operaciones a descuento, estado: Cobrado, Concepto: Cancelación anticipada",896.0
2026-09-28T15:30:48-03:00,Agenda,"Primer ingreso: Tipo de instrumento Operaciones a descuento, estado: Cobrado, Concepto: Cancelación anticipada, fecha: 1 mes hacia atras",1054.0
2026-09-28T15:30:48-03:00,Agenda,"Primer ingreso: Tipo de instrumento Operaciones a descuento, estado: Cobrado, Concepto: Cancelación anticipada, fecha: 3 meses hacia atras",982.0
2026-09-28T15:30:48-03:00,Agenda,"Primer ingreso: Tipo de instrumento Operaciones a descuento, estado: Cobrado, Concepto: Vencimiento",757.0
2026-09-28T15:30:48-03:00,Agenda,"Primer ingreso: Tipo de instrumento Operaciones a descuento, estado: Cobrado, Concepto: Vencimiento, fecha: 1 mes hacia atras",1029.0
2026-09-28T15:30:48-03:00,Agenda,"Primer ingreso: Tipo de instrumento Operaciones a descuento, estado: Cobrado, Concepto: Vencimiento, fecha: 3 meses hacia atras",976.0
2026-09-28T15:30:48-03:00,Agenda,"Primer ingreso: Tipo de instrumento Operaciones a descuento, estado: Cobrado, Concepto: Venta",768.0
2026-09-28T15:30:48-03:00,Agenda,"Primer ingreso: Tipo de instrumento Operaciones a descuento, estado: Cobrado, Concepto: Venta, fecha: 1 mes hacia atras",990.0
2026-09-28T15:30:48-03:00,Agenda,"Primer ingreso: Tipo de instrumento Operaciones a descuento, estado: Cobrado, Concepto: Venta, fecha: 3 meses hacia atras",945.0
2026-09-28T15:30:48-03:00,Agenda,"Primer ingreso: Tipo de instrumento Operaciones a descuento, estado: Pendiente",609.0
2026-09-28T15:30:48-03:00,Agenda,"Primer ingreso: Tipo de instrumento Operaciones a descuento, estado: Pendiente, fecha: 1 mes hacia atras",1258.0
2026-09-28T15:30:48-03:00,Agenda,"Primer ingreso: Tipo de instrumento Operaciones a plazo, estado: Cobrado, Concepto: Cancelación anticipada",932.0
2026-09-28T15:30:48-03:00,Agenda,"Primer ingreso: Tipo de instrumento Operaciones a plazo, estado: Cobrado, Concepto: Cancelación anticipada, fecha: 1 mes hacia atras",987.0
2026-09-28T15:30:48-03:00,Agenda,"Primer ingreso: Tipo de instrumento Operaciones a plazo, estado: Cobrado, Concepto: Cancelación anticipada, fecha: 3 meses hacia atras",993.0
2026-09-28T15:30:48-03:00,Agenda,"Primer ingreso: Tipo de instrumento Operaciones a plazo, estado: Cobrado, Concepto: Vencimiento",775.0
2026-09-28T15:30:48-03:00,Agenda,"Primer ingreso: Tipo de instrumento Operaciones a plazo, estado: Cobrado, Concepto: Vencimiento, fecha: 1 mes hacia atras",1031.0
2026-09-28T15:30:48-03:00,Agenda,"Primer ingreso: Tipo de instrumento Operaciones a plazo, estado: Cobrado, Concepto: Vencimiento, fecha: 3 meses hacia atras",981.0
2026-09-28T15:30:48-03:00,Agenda,"Primer ingreso: Tipo de instrumento Operaciones a plazo, estado: Cobrado, Concepto: Venta",790.0
2026-09-28T15:30:48-03:00,Agenda,"Primer ingreso: Tipo de instrumento Operaciones a plazo, estado: Cobrado, Concepto: Venta, fecha: 1 mes hacia atras",989.0
2026-09-28T15:30:48-03:00,Agenda,"Primer ingreso: Tipo de instrumento Operaciones a plazo, estado: Cobrado, Concepto: Venta, fecha: 3 meses hacia atras",1031.0
2026-09-28T15:30:48-03:00,Agenda,"Primer ingreso: Tipo de instrumento Operaciones a plazo, estado: Pendiente",709.0
2026-09-28T15:30:48-03:00,Agenda,"Primer ingreso: Tipo de instrumento Operaciones a plazo, estado: Pendiente, fecha: 1 mes hacia atras",1380.0
2026-09-28T15:30:48-03:00,Agenda,Segundo ingreso al menú Agenda,4570.0
2026-09-28T15:30:48-03:00,Agenda,"Segundo ingreso: Tipo de instrumento Bonos, estado: Cobrado",761.0
2026-09-28T15:30:48-03:00,Agenda,"Segundo ingreso: Tipo de instrumento Bonos, estado: Cobrado, fecha: 1 mes hacia atras",1248.0
2026-09-28T15:30:48-03:00,Agenda,"Segundo ingreso: Tipo de instrumento Bonos, estado: Cobrado, fecha: 3 meses hacia atras",1250.0
2026-09-28T15:30:48-03:00,Agenda,"Segundo ingreso: Tipo de instrumento Bonos, estado: Pendiente, fecha: 1 mes hacia atras",1273.0
2026-09-28T15:30:48-03:00,Agenda,"Segundo ingreso: Tipo de instrumento Bonos, estado: pendiente",723.0
2026-09-28T15:30:48-03:00,Agenda,"Segundo ingreso: Tipo de instrumento Operaciones a descuento, estado: Cobrado, Concepto: Cancelación anticipada",874.0
2026-09-28T15:30:48-03:00,Agenda,"Segundo ingreso: Tipo de instrumento Operaciones a descuento, estado: Cobrado, Concepto: Cancelación anticipada, fecha: 1 mes hacia atras",976.0
2026-09-28T15:30:48-03:00,Agenda,"Segundo ingreso: Tipo de instrumento Operaciones a descuento, estado: Cobrado, Concepto: Cancelación anticipada, fecha: 3 meses hacia atras",966.0
2026-09-28T15:30:48-03:00,Agenda,"Segundo ingreso: Tipo de instrumento Operaciones a descuento, estado: Cobrado, Concepto: Vencimiento",828.0
2026-09-28T15:30:48-03:00,Agenda,"Segundo ingreso: Tipo de instrumento Operaciones a descuento, estado: Cobrado, Concepto: Vencimiento, fecha: 1 mes hacia atras",981.0
2026-09-28T15:30:48-03:00,Agenda,"Segundo ingreso: Tipo de instrumento Operaciones a descuento, estado: Cobrado, Concepto: Vencimiento, fecha: 3 meses hacia atras",998.0
2026-09-28T15:30:48-03:00,Agenda,"Segundo ingreso: Tipo de instrumento Operaciones a descuento, estado: Cobrado, Concepto: Venta",772.0
2026-09-28T15:30:48-03:00,Agenda,"Segundo ingreso: Tipo de instrumento Operaciones a descuento, estado: Cobrado, Concepto: Venta, fecha: 1 mes hacia atras",994.0
2026-09-28T15:30:48-03:00,Agenda,"Segundo ingreso: Tipo de instrumento Operaciones a descuento, estado: Cobrado, Concepto: Venta, fecha: 3 meses hacia atras",996.0
2026-09-28T15:30:48-03:00,Agenda,"Segundo ingreso: Tipo de instrumento Operaciones a descuento, estado: Pendiente, fecha: 1 mes hacia atras",1254.0
2026-09-28T15:30:48-03:00,Agenda,"Segundo ingreso: Tipo de instrumento Operaciones a descuento, estado: pendiente",597.0
2026-09-28T15:30:48-03:00,Agenda,"Segundo ingreso: Tipo de instrumento Operaciones a plazo, estado: Cobrado, Concepto: Cancelación anticipada",914.0
2026-09-28T15:30:48-03:00,Agenda,"Segundo ingreso: Tipo de instrumento Operaciones a plazo, estado: Cobrado, Concepto: Cancelación anticipada, fecha: 1 mes hacia atras",979.0
2026-09-28T15:30:48-03:00,Agenda,"Segundo ingreso: Tipo de instrumento Operaciones a plazo, estado: Cobrado, Concepto: Cancelación anticipada, fecha: 3 meses hacia atras",986.0
2026-09-28T15:30:48-03:00,Agenda,"Segundo ingreso: Tipo de instrumento Operaciones a plazo, estado: Cobrado, Concepto: Vencimiento",796.0
2026-09-28T15:30:48-03:00,Agenda,"Segundo ingreso: Tipo de instrumento Operaciones a plazo, estado: Cobrado, Concepto: Vencimiento, fecha: 1 mes hacia atras",993.0
2026-09-28T15:30:48-03:00,Agenda,"Segundo ingreso: Tipo de instrumento Operaciones a plazo, estado: Cobrado, Concepto: Vencimiento, fecha: 3 meses hacia atras",982.0
2026-09-28T15:30:48-03:00,Agenda,"Segundo ingreso: Tipo de instrumento Operaciones a plazo, estado: Cobrado, Concepto: Venta",745.0
2026-09-28T15:30:48-03:00,Agenda,"Segundo ingreso: Tipo de instrumento Operaciones a plazo, estado: Cobrado, Concepto: Venta, fecha: 1 mes hacia atras",996.0
2026-09-28T15:30:48-03:00,Agenda,"Segundo ingreso: Tipo de instrumento Operaciones a plazo, estado: Cobrado, Concepto: Venta, fecha: 3 meses hacia atras",1007.0
2026-09-28T15:30:48-03:00,Agenda,"Segundo ingreso: Tipo de instrumento Operaciones a plazo, estado: Pendiente, fecha: 1 mes hacia atras",1231.0
2026-09-28T15:30:48-03:00,Agenda,"Segundo ingreso: Tipo de instrumento Operaciones a plazo, estado: pendiente",617.0
2026-09-28T15:30:48-03:00,Home,Ingreso a MPC,4521.0
2026-09-28T15:30:48-03:00,Home,Primer ingreso al menú Home,5145.0
2026-09-28T15:30:48-03:00,Home,Primer ingreso al portfolio Oldelval SA desde el Home,10084.0
2026-09-28T15:30:48-03:00,Home,Primer ingreso al portfolio Oldelval SDE desde el Home,10010.0
2026-09-28T15:30:48-03:00,Home,Primer ingreso al portfolio Total Compañia desde el Home,9722.0
2026-09-28T15:30:48-03:00,Home,Segundo ingreso al menú Home,3159.0
2026-09-28T15:30:48-03:00,Home,Segundo ingreso al portfolio Oldelval SA desde el Home,9571.0
2026-09-28T15:30:48-03:00,Home,Segundo ingreso al portfolio Oldelval SDE desde el Home,6803.0
2026-09-28T15:30:48-03:00,Home,Segundo ingreso al portfolio Total Compañia desde el Home,10754.0
2026-09-28T15:30:48-03:00,Mis depositarios,Agrupar por especie todas las cuentas disponibles,1239.0
2026-09-28T15:30:48-03:00,Mis depositarios,Deseleccionar la cuenta Adcap (ADCAP),6050.0
2026-09-28T15:30:48-03:00,Mis depositarios,Deseleccionar la cuenta Allaria (ALLARIA),5535.0
2026-09-28T15:30:48-03:00,Mis depositarios,Deseleccionar la cuenta BBVA (Banco BBVA),5299.0
2026-09-28T15:30:48-03:00,Mis depositarios,Deseleccionar la cuenta Balanz (BALANZ CAPITAL VALORES SA),5773.0
2026-09-28T15:30:48-03:00,Mis depositarios,Deseleccionar la cuenta Banco Comafi (Banco Comafi),6278.0
2026-09-28T15:30:48-03:00,Mis depositarios,Deseleccionar la cuenta Banco Macro (BANCO MACRO),5788.0
2026-09-28T15:30:48-03:00,Mis depositarios,Deseleccionar la cuenta Banco Macro (Banco Maco B),5403.0
2026-09-28T15:30:48-03:00,Mis depositarios,Deseleccionar la cuenta Banco Macro (Banco Macro USD),5447.0
2026-09-28T15:30:48-03:00,Mis depositarios,Deseleccionar la cuenta Banco Nación (Banco Nacion),4963.0
2026-09-28T15:30:48-03:00,Mis depositarios,Deseleccionar la cuenta Banco Patagonia (BANCO PATAGONIA),5953.0
2026-09-28T15:30:48-03:00,Mis depositarios,Deseleccionar la cuenta Banco Patagonia (Banco Patagonia USD),5269.0
2026-09-28T15:30:48-03:00,Mis depositarios,Deseleccionar la cuenta Citi (Banco Citi),6221.0
2026-09-28T15:30:48-03:00,Mis depositarios,Deseleccionar la cuenta Cocos Capital (Cocos Capital SA),5032.0
2026-09-28T15:30:48-03:00,Mis depositarios,Deseleccionar la cuenta Facimex (FACIMEX),5904.0
2026-09-28T15:30:48-03:00,Mis depositarios,Deseleccionar la cuenta Galicia (BANCO GALICIA),5462.0
2026-09-28T15:30:48-03:00,Mis depositarios,Deseleccionar la cuenta Galicia (Galicia SDE),5756.0
2026-09-28T15:30:48-03:00,Mis depositarios,Deseleccionar la cuenta Galicia (Galicia USD),5281.0
2026-09-28T15:30:48-03:00,Mis depositarios,Deseleccionar la cuenta ICBC (BANCO ICBC),5454.0
2026-09-28T15:30:48-03:00,Mis depositarios,Deseleccionar la cuenta ICBC (Banco ICBC (B)),6112.0
2026-09-28T15:30:48-03:00,Mis depositarios,Deseleccionar la cuenta ICBC (Banco ICBC USD),5213.0
2026-09-28T15:30:48-03:00,Mis depositarios,Deseleccionar la cuenta Invertir En Bolsa (INVERTIR EN BOLSA),5374.0
2026-09-28T15:30:48-03:00,Mis depositarios,Deseleccionar la cuenta Macro Securities (MACRO SECURITIES),5708.0
2026-09-28T15:30:48-03:00,Mis depositarios,Deseleccionar la cuenta Max Capital (MAX CAPITAL SA),5377.0
2026-09-28T15:30:48-03:00,Mis depositarios,Deseleccionar la cuenta One618 (ONE 618),6019.0
2026-09-28T15:30:48-03:00,Mis depositarios,Deseleccionar la cuenta Portfolio Personal Inversiones (Prueba),5352.0
2026-09-28T15:30:48-03:00,Mis depositarios,Deseleccionar la cuenta Puente Hermanos (PUENTE HNOS),5476.0
2026-09-28T15:30:48-03:00,Mis depositarios,Deseleccionar la cuenta SBS (SBS),5432.0
2026-09-28T15:30:48-03:00,Mis depositarios,Deseleccionar la cuenta Santander (Banco Santander),6556.0
2026-09-28T15:30:48-03:00,Mis depositarios,Deseleccionar la cuenta Schroders (Schroders USD),5375.0
2026-09-28T15:30:48-03:00,Mis depositarios,Deseleccionar todas las cuentas del depositario Adcap,5200.0
2026-09-28T15:30:48-03:00,Mis depositarios,Deseleccionar todas las cuentas del depositario Allaria,5320.0
2026-09-28T15:30:48-03:00,Mis depositarios,Deseleccionar todas las cuentas del depositario BBVA,5192.0
2026-09-28T15:30:48-03:00,Mis depositarios,Deseleccionar todas las cuentas del depositario Balanz,5686.0
2026-09-28T15:30:48-03:00,Mis depositarios,Deseleccionar todas las cuentas del depositario Banco Comafi,5372.0
2026-09-28T15:30:48-03:00,Mis depositarios,Deseleccionar todas las cuentas del depositario Banco Macro,5543.0
2026-09-28T15:30:48-03:00,Mis depositarios,Deseleccionar todas las cuentas del depositario Banco Nación,5727.0
2026-09-28T15:30:48-03:00,Mis depositarios,Deseleccionar todas las cuentas del depositario Banco Patagonia,5214.0
2026-09-28T15:30:48-03:00,Mis depositarios,Deseleccionar todas las cuentas del depositario Citi,5438.0
2026-09-28T15:30:48-03:00,Mis depositarios,Deseleccionar todas las cuentas del depositario Cocos Capital,5545.0
2026-09-28T15:30:48-03:00,Mis depositarios,Deseleccionar todas las cuentas del depositario Facimex,5400.0
2026-09-28T15:30:48-03:00,Mis depositarios,Deseleccionar todas las cuentas del depositario Galicia,5432.0
2026-09-28T15:30:48-03:00,Mis depositarios,Deseleccionar todas las cuentas del depositario ICBC,5399.0
2026-09-28T15:30:48-03:00,Mis depositarios,Deseleccionar todas las cuentas del depositario Invertir En Bolsa,5780.0
2026-09-28T15:30:48-03:00,Mis depositarios,Deseleccionar todas las cuentas del depositario Macro Securities,5296.0
2026-09-28T15:30:48-03:00,Mis depositarios,Deseleccionar todas las cuentas del depositario Max Capital,5446.0
2026-09-28T15:30:48-03:00,Mis depositarios,Deseleccionar todas las cuentas del depositario One618,5388.0
2026-09-28T15:30:48-03:00,Mis depositarios,Deseleccionar todas las cuentas del depositario Portfolio Personal Inversiones,5734.0
2026-09-28T15:30:48-03:00,Mis depositarios,Deseleccionar todas las cuentas del depositario Puente Hermanos,6063.0
2026-09-28T15:30:48-03:00,Mis depositarios,Deseleccionar todas las cuentas del depositario SBS,5728.0
2026-09-28T15:30:48-03:00,Mis depositarios,Deseleccionar todas las cuentas del depositario Santander,5488.0
2026-09-28T15:30:48-03:00,Mis depositarios,Deseleccionar todas las cuentas del depositario Schroders,5743.0
2026-09-28T15:30:48-03:00,Mis depositarios,Deseleccionar todas las cuentas disponibles,5175.0
2026-09-28T15:30:48-03:00,Mis depositarios,Primer ingreso al menú Mis depositarios,3829.0
2026-09-28T15:30:48-03:00,Mis depositarios,Seleccionar la cuenta Adcap (ADCAP),5306.0
2026-09-28T15:30:48-03:00,Mis depositarios,Seleccionar la cuenta Allaria (ALLARIA),5122.0
2026-09-28T15:30:48-03:00,Mis depositarios,Seleccionar la cuenta BBVA (Banco BBVA),5707.0
2026-09-28T15:30:48-03:00,Mis depositarios,Seleccionar la cuenta Balanz (BALANZ CAPITAL VALORES SA),5327.0
2026-09-28T15:30:48-03:00,Mis depositarios,Seleccionar la cuenta Banco Comafi (Banco Comafi),5540.0
2026-09-28T15:30:48-03:00,Mis depositarios,Seleccionar la cuenta Banco Macro (BANCO MACRO),5484.0
2026-09-28T15:30:48-03:00,Mis depositarios,Seleccionar la cuenta Banco Macro (Banco Maco B),5656.0
2026-09-28T15:30:48-03:00,Mis depositarios,Seleccionar la cuenta Banco Macro (Banco Macro USD),5399.0
2026-09-28T15:30:48-03:00,Mis depositarios,Seleccionar la cuenta Banco Nación (Banco Nacion),5525.0
2026-09-28T15:30:48-03:00,Mis depositarios,Seleccionar la cuenta Banco Patagonia (BANCO PATAGONIA),4920.0
2026-09-28T15:30:48-03:00,Mis depositarios,Seleccionar la cuenta Banco Patagonia (Banco Patagonia USD),6352.0
2026-09-28T15:30:48-03:00,Mis depositarios,Seleccionar la cuenta Citi (Banco Citi),5195.0
2026-09-28T15:30:48-03:00,Mis depositarios,Seleccionar la cuenta Cocos Capital (Cocos Capital SA),5647.0
2026-09-28T15:30:48-03:00,Mis depositarios,Seleccionar la cuenta Facimex (FACIMEX),5703.0
2026-09-28T15:30:48-03:00,Mis depositarios,Seleccionar la cuenta Galicia (BANCO GALICIA),5036.0
2026-09-28T15:30:48-03:00,Mis depositarios,Seleccionar la cuenta Galicia (Galicia SDE),5232.0
2026-09-28T15:30:48-03:00,Mis depositarios,Seleccionar la cuenta Galicia (Galicia USD),5561.0
2026-09-28T15:30:48-03:00,Mis depositarios,Seleccionar la cuenta ICBC (BANCO ICBC),5013.0
2026-09-28T15:30:48-03:00,Mis depositarios,Seleccionar la cuenta ICBC (Banco ICBC (B)),5706.0
2026-09-28T15:30:48-03:00,Mis depositarios,Seleccionar la cuenta ICBC (Banco ICBC USD),5227.0
2026-09-28T15:30:48-03:00,Mis depositarios,Seleccionar la cuenta Invertir En Bolsa (INVERTIR EN BOLSA),5307.0
2026-09-28T15:30:48-03:00,Mis depositarios,Seleccionar la cuenta Macro Securities (MACRO SECURITIES),5262.0
2026-09-28T15:30:48-03:00,Mis depositarios,Seleccionar la cuenta Max Capital (MAX CAPITAL SA),5927.0
2026-09-28T15:30:48-03:00,Mis depositarios,Seleccionar la cuenta One618 (ONE 618),5405.0
2026-09-28T15:30:48-03:00,Mis depositarios,Seleccionar la cuenta Portfolio Personal Inversiones (Prueba),5106.0
2026-09-28T15:30:48-03:00,Mis depositarios,Seleccionar la cuenta Puente Hermanos (PUENTE HNOS),5719.0
2026-09-28T15:30:48-03:00,Mis depositarios,Seleccionar la cuenta SBS (SBS),5614.0
2026-09-28T15:30:48-03:00,Mis depositarios,Seleccionar la cuenta Santander (Banco Santander),4871.0
2026-09-28T15:30:48-03:00,Mis depositarios,Seleccionar la cuenta Schroders (Schroders USD),5579.0
2026-09-28T15:30:48-03:00,Mis depositarios,Seleccionar todas las cuentas del depositario Adcap,5042.0
2026-09-28T15:30:48-03:00,Mis depositarios,Seleccionar todas las cuentas del depositario Allaria,5613.0
2026-09-28T15:30:48-03:00,Mis depositarios,Seleccionar todas las cuentas del depositario BBVA,5156.0
2026-09-28T15:30:48-03:00,Mis depositarios,Seleccionar todas las cuentas del depositario Balanz,5540.0
2026-09-28T15:30:48-03:00,Mis depositarios,Seleccionar todas las cuentas del depositario Banco Comafi,5253.0
2026-09-28T15:30:48-03:00,Mis depositarios,Seleccionar todas las cuentas del depositario Banco Macro,5728.0
2026-09-28T15:30:48-03:00,Mis depositarios,Seleccionar todas las cuentas del depositario Banco Nación,5573.0
2026-09-28T15:30:48-03:00,Mis depositarios,Seleccionar todas las cuentas del depositario Banco Patagonia,5838.0
2026-09-28T15:30:48-03:00,Mis depositarios,Seleccionar todas las cuentas del depositario Citi,5375.0
2026-09-28T15:30:48-03:00,Mis depositarios,Seleccionar todas las cuentas del depositario Cocos Capital,5469.0
2026-09-28T15:30:48-03:00,Mis depositarios,Seleccionar todas las cuentas del depositario Facimex,5285.0
2026-09-28T15:30:48-03:00,Mis depositarios,Seleccionar todas las cuentas del depositario Galicia,5542.0
2026-09-28T15:30:48-03:00,Mis depositarios,Seleccionar todas las cuentas del depositario ICBC,5371.0
2026-09-28T15:30:48-03:00,Mis depositarios,Seleccionar todas las cuentas del depositario Invertir En Bolsa,5607.0
2026-09-28T15:30:48-03:00,Mis depositarios,Seleccionar todas las cuentas del depositario Macro Securities,6276.0
2026-09-28T15:30:48-03:00,Mis depositarios,Seleccionar todas las cuentas del depositario Max Capital,5420.0
2026-09-28T15:30:48-03:00,Mis depositarios,Seleccionar todas las cuentas del depositario One618,5618.0
2026-09-28T15:30:48-03:00,Mis depositarios,Seleccionar todas las cuentas del depositario Portfolio Personal Inversiones,5489.0
2026-09-28T15:30:48-03:00,Mis depositarios,Seleccionar todas las cuentas del depositario Puente Hermanos,5099.0
2026-09-28T15:30:48-03:00,Mis depositarios,Seleccionar todas las cuentas del depositario SBS,5683.0
2026-09-28T15:30:48-03:00,Mis depositarios,Seleccionar todas las cuentas del depositario Santander,6183.0
2026-09-28T15:30:48-03:00,Mis depositarios,Seleccionar todas las cuentas del depositario Schroders,5190.0
2026-09-28T15:30:48-03:00,Mis depositarios,Seleccionar todas las cuentas disponibles,5725.0
2026-09-28T15:30:48-03:00,Mis operaciones,Primer ingreso al depositario Adcap,871.0
2026-09-28T15:30:48-03:00,Mis operaciones,Primer ingreso al menú Mis operaciones,5172.0
2026-09-28T15:30:48-03:00,Mis operaciones,Primer ingreso: Depositario Adcap filtro de 1 mes de operaciones,922.0
2026-09-28T15:30:48-03:00,Mis operaciones,Primer ingreso: Filtro de 1 mes de operaciones,4510.0
2026-09-28T15:30:48-03:00,Mis operaciones,Segundo ingreso al depositario Adcap,695.0
2026-09-28T15:30:48-03:00,Mis operaciones,Segundo ingreso al menú Mis operaciones,3071.0
2026-09-28T15:30:48-03:00,Mis operaciones,Segundo ingreso: Depositario Adcap filtro de 1 mes de operaciones,866.0
2026-09-28T15:30:48-03:00,Mis operaciones,Segundo ingreso: Filtro de 1 mes de operaciones,4581.0
2026-09-28T15:30:48-03:00,Mis portfolios,Primer ingreso al menú Mis portfolios,3912.0
2026-09-28T15:30:48-03:00,Mis portfolios,Primer ingreso al portfolio Oldelval SA desde Mis portfolios,8834.0
2026-09-28T15:30:48-03:00,Mis portfolios,Primer ingreso al portfolio Oldelval SDE desde Mis portfolios,6178.0
2026-09-28T15:30:48-03:00,Mis portfolios,Primer ingreso al portfolio Total Compañia desde Mis portfolios,8979.0
2026-09-28T15:30:48-03:00,Mis portfolios,Segundo ingreso al menú Mis portfolios,1909.0
2026-09-28T15:30:48-03:00,Mis portfolios,Segundo ingreso al portfolio Oldelval SA desde Mis portfolios,9047.0
2026-09-28T15:30:48-03:00,Mis portfolios,Segundo ingreso al portfolio Oldelval SDE desde Mis portfolios,6086.0
2026-09-28T15:30:48-03:00,Mis portfolios,Segundo ingreso al portfolio Total Compañia desde Mis portfolios,11566.0
2026-09-28T15:30:48-03:00,Rendimiento,Cambio de método de rentabilidad a TWR,2310.0
2026-09-28T15:30:48-03:00,Rendimiento,Portfolio Oldelval SA: Primer ingreso a la carta de rendimiento Desde el inicio con método MWR,1080.0
2026-09-28T15:30:48-03:00,Rendimiento,Portfolio Oldelval SA: Primer ingreso a la carta de rendimiento Desde el inicio con método TWR,1036.0
2026-09-28T15:30:48-03:00,Rendimiento,Portfolio Oldelval SA: Primer ingreso a la carta de rendimiento Desde principio de año con método MWR,1000.0
2026-09-28T15:30:48-03:00,Rendimiento,Portfolio Oldelval SA: Primer ingreso a la carta de rendimiento Desde principio de año con método TWR,1082.0
2026-09-28T15:30:48-03:00,Rendimiento,Portfolio Oldelval SA: Primer ingreso a la carta de rendimiento Desde principio de mes con método MWR,871.0
2026-09-28T15:30:48-03:00,Rendimiento,Portfolio Oldelval SA: Primer ingreso a la carta de rendimiento Desde principio de mes con método TWR,887.0
2026-09-28T15:30:48-03:00,Rendimiento,Portfolio Oldelval SA: Primer ingreso a la carta de rendimiento Última semana con método MWR,790.0
2026-09-28T15:30:48-03:00,Rendimiento,Portfolio Oldelval SA: Primer ingreso a la carta de rendimiento Última semana con método TWR,794.0
2026-09-28T15:30:48-03:00,Rendimiento,Portfolio Oldelval SA: Primer ingreso a la carta de rendimiento Último año con método MWR,1032.0
2026-09-28T15:30:48-03:00,Rendimiento,Portfolio Oldelval SA: Primer ingreso a la carta de rendimiento Último año con método TWR,1076.0
2026-09-28T15:30:48-03:00,Rendimiento,Portfolio Oldelval SA: Primer ingreso a la carta de rendimiento Último mes con método MWR,946.0
2026-09-28T15:30:48-03:00,Rendimiento,Portfolio Oldelval SA: Primer ingreso a la carta de rendimiento Último mes con método TWR,896.0
2026-09-28T15:30:48-03:00,Rendimiento,Portfolio Oldelval SA: Primer ingreso a la carta de rendimiento Últimos 3 meses con método MWR,1015.0
2026-09-28T15:30:48-03:00,Rendimiento,Portfolio Oldelval SA: Primer ingreso a la carta de rendimiento Últimos 3 meses con método TWR,1006.0
2026-09-28T15:30:48-03:00,Rendimiento,Portfolio Oldelval SA: Segundo ingreso a la carta de rendimiento Desde el inicio con método MWR,1000.0
2026-09-28T15:30:48-03:00,Rendimiento,Portfolio Oldelval SA: Segundo ingreso a la carta de rendimiento Desde el inicio con método TWR,1020.0
2026-09-28T15:30:48-03:00,Rendimiento,Portfolio Oldelval SA: Segundo ingreso a la carta de rendimiento Desde principio de año con método MWR,1003.0
2026-09-28T15:30:48-03:00,Rendimiento,Portfolio Oldelval SA: Segundo ingreso a la carta de rendimiento Desde principio de año con método TWR,1026.0
2026-09-28T15:30:48-03:00,Rendimiento,Portfolio Oldelval SA: Segundo ingreso a la carta de rendimiento Desde principio de mes con método MWR,956.0
2026-09-28T15:30:48-03:00,Rendimiento,Portfolio Oldelval SA: Segundo ingreso a la carta de rendimiento Desde principio de mes con método TWR,973.0
2026-09-28T15:30:48-03:00,Rendimiento,Portfolio Oldelval SA: Segundo ingreso a la carta de rendimiento Última semana con método MWR,841.0
2026-09-28T15:30:48-03:00,Rendimiento,Portfolio Oldelval SA: Segundo ingreso a la carta de rendimiento Última semana con método TWR,834.0
2026-09-28T15:30:48-03:00,Rendimiento,Portfolio Oldelval SA: Segundo ingreso a la carta de rendimiento Último año con método MWR,1042.0
2026-09-28T15:30:48-03:00,Rendimiento,Portfolio Oldelval SA: Segundo ingreso a la carta de rendimiento Último año con método TWR,1296.0
2026-09-28T15:30:48-03:00,Rendimiento,Portfolio Oldelval SA: Segundo ingreso a la carta de rendimiento Último mes con método MWR,888.0
2026-09-28T15:30:48-03:00,Rendimiento,Portfolio Oldelval SA: Segundo ingreso a la carta de rendimiento Último mes con método TWR,906.0
2026-09-28T15:30:48-03:00,Rendimiento,Portfolio Oldelval SA: Segundo ingreso a la carta de rendimiento Últimos 3 meses con método MWR,1027.0
2026-09-28T15:30:48-03:00,Rendimiento,Portfolio Oldelval SA: Segundo ingreso a la carta de rendimiento Últimos 3 meses con método TWR,1048.0
2026-09-28T15:30:48-03:00,Rendimiento,Portfolio Oldelval SDE: Primer ingreso a la carta de rendimiento Desde el inicio con método MWR,980.0
2026-09-28T15:30:48-03:00,Rendimiento,Portfolio Oldelval SDE: Primer ingreso a la carta de rendimiento Desde el inicio con método TWR,943.0
2026-09-28T15:30:48-03:00,Rendimiento,Portfolio Oldelval SDE: Primer ingreso a la carta de rendimiento Desde principio de año con método MWR,924.0
2026-09-28T15:30:48-03:00,Rendimiento,Portfolio Oldelval SDE: Primer ingreso a la carta de rendimiento Desde principio de año con método TWR,1017.0
2026-09-28T15:30:48-03:00,Rendimiento,Portfolio Oldelval SDE: Primer ingreso a la carta de rendimiento Desde principio de mes con método MWR,951.0
2026-09-28T15:30:48-03:00,Rendimiento,Portfolio Oldelval SDE: Primer ingreso a la carta de rendimiento Desde principio de mes con método TWR,915.0
2026-09-28T15:30:48-03:00,Rendimiento,Portfolio Oldelval SDE: Primer ingreso a la carta de rendimiento Última semana con método MWR,854.0
2026-09-28T15:30:48-03:00,Rendimiento,Portfolio Oldelval SDE: Primer ingreso a la carta de rendimiento Última semana con método TWR,782.0
2026-09-28T15:30:48-03:00,Rendimiento,Portfolio Oldelval SDE: Primer ingreso a la carta de rendimiento Último año con método MWR,1055.0
2026-09-28T15:30:48-03:00,Rendimiento,Portfolio Oldelval SDE: Primer ingreso a la carta de rendimiento Último año con método TWR,1003.0
2026-09-28T15:30:48-03:00,Rendimiento,Portfolio Oldelval SDE: Primer ingreso a la carta de rendimiento Último mes con método MWR,851.0
2026-09-28T15:30:48-03:00,Rendimiento,Portfolio Oldelval SDE: Primer ingreso a la carta de rendimiento Último mes con método TWR,859.0
2026-09-28T15:30:48-03:00,Rendimiento,Portfolio Oldelval SDE: Primer ingreso a la carta de rendimiento Últimos 3 meses con método MWR,908.0
2026-09-28T15:30:48-03:00,Rendimiento,Portfolio Oldelval SDE: Primer ingreso a la carta de rendimiento Últimos 3 meses con método TWR,920.0
2026-09-28T15:30:48-03:00,Rendimiento,Portfolio Oldelval SDE: Segundo ingreso a la carta de rendimiento Desde el inicio con método MWR,1015.0
2026-09-28T15:30:48-03:00,Rendimiento,Portfolio Oldelval SDE: Segundo ingreso a la carta de rendimiento Desde el inicio con método TWR,1066.0
2026-09-28T15:30:48-03:00,Rendimiento,Portfolio Oldelval SDE: Segundo ingreso a la carta de rendimiento Desde principio de año con método MWR,1030.0
2026-09-28T15:30:48-03:00,Rendimiento,Portfolio Oldelval SDE: Segundo ingreso a la carta de rendimiento Desde principio de año con método TWR,1001.0
2026-09-28T15:30:48-03:00,Rendimiento,Portfolio Oldelval SDE: Segundo ingreso a la carta de rendimiento Desde principio de mes con método MWR,908.0
2026-09-28T15:30:48-03:00,Rendimiento,Portfolio Oldelval SDE: Segundo ingreso a la carta de rendimiento Desde principio de mes con método TWR,892.0
2026-09-28T15:30:48-03:00,Rendimiento,Portfolio Oldelval SDE: Segundo ingreso a la carta de rendimiento Última semana con método MWR,832.0
2026-09-28T15:30:48-03:00,Rendimiento,Portfolio Oldelval SDE: Segundo ingreso a la carta de rendimiento Última semana con método TWR,909.0
2026-09-28T15:30:48-03:00,Rendimiento,Portfolio Oldelval SDE: Segundo ingreso a la carta de rendimiento Último año con método MWR,1138.0
2026-09-28T15:30:48-03:00,Rendimiento,Portfolio Oldelval SDE: Segundo ingreso a la carta de rendimiento Último año con método TWR,1048.0
2026-09-28T15:30:48-03:00,Rendimiento,Portfolio Oldelval SDE: Segundo ingreso a la carta de rendimiento Último mes con método MWR,956.0
2026-09-28T15:30:48-03:00,Rendimiento,Portfolio Oldelval SDE: Segundo ingreso a la carta de rendimiento Último mes con método TWR,888.0
2026-09-28T15:30:48-03:00,Rendimiento,Portfolio Oldelval SDE: Segundo ingreso a la carta de rendimiento Últimos 3 meses con método MWR,1023.0
2026-09-28T15:30:48-03:00,Rendimiento,Portfolio Oldelval SDE: Segundo ingreso a la carta de rendimiento Últimos 3 meses con método TWR,1001.0
2026-09-28T15:30:48-03:00,Rendimiento,Portfolio Total: Primer ingreso a la carta de rendimiento Desde el inicio con método MWR,1114.0
2026-09-28T15:30:48-03:00,Rendimiento,Portfolio Total: Primer ingreso a la carta de rendimiento Desde el inicio con método TWR,1039.0
2026-09-28T15:30:48-03:00,Rendimiento,Portfolio Total: Primer ingreso a la carta de rendimiento Desde principio de año con método MWR,1037.0
2026-09-28T15:30:48-03:00,Rendimiento,Portfolio Total: Primer ingreso a la carta de rendimiento Desde principio de año con método TWR,1059.0
2026-09-28T15:30:48-03:00,Rendimiento,Portfolio Total: Primer ingreso a la carta de rendimiento Desde principio de mes con método MWR,899.0
2026-09-28T15:30:48-03:00,Rendimiento,Portfolio Total: Primer ingreso a la carta de rendimiento Desde principio de mes con método TWR,890.0
2026-09-28T15:30:48-03:00,Rendimiento,Portfolio Total: Primer ingreso a la carta de rendimiento Última semana con método MWR,902.0
2026-09-28T15:30:48-03:00,Rendimiento,Portfolio Total: Primer ingreso a la carta de rendimiento Última semana con método TWR,839.0
2026-09-28T15:30:48-03:00,Rendimiento,Portfolio Total: Primer ingreso a la carta de rendimiento Último año con método MWR,1095.0
2026-09-28T15:30:48-03:00,Rendimiento,Portfolio Total: Primer ingreso a la carta de rendimiento Último año con método TWR,1025.0
2026-09-28T15:30:48-03:00,Rendimiento,Portfolio Total: Primer ingreso a la carta de rendimiento Último mes con método MWR,934.0
2026-09-28T15:30:48-03:00,Rendimiento,Portfolio Total: Primer ingreso a la carta de rendimiento Último mes con método TWR,932.0
2026-09-28T15:30:48-03:00,Rendimiento,Portfolio Total: Primer ingreso a la carta de rendimiento Últimos 3 meses con método MWR,1024.0
2026-09-28T15:30:48-03:00,Rendimiento,Portfolio Total: Primer ingreso a la carta de rendimiento Últimos 3 meses con método TWR,1102.0
2026-09-28T15:30:48-03:00,Rendimiento,Portfolio Total: Segundo ingreso a la carta de rendimiento Desde el inicio con método MWR,1033.0
2026-09-28T15:30:48-03:00,Rendimiento,Portfolio Total: Segundo ingreso a la carta de rendimiento Desde el inicio con método TWR,1062.0
2026-09-28T15:30:48-03:00,Rendimiento,Portfolio Total: Segundo ingreso a la carta de rendimiento Desde principio de año con método MWR,1011.0
2026-09-28T15:30:48-03:00,Rendimiento,Portfolio Total: Segundo ingreso a la carta de rendimiento Desde principio de año con método TWR,1078.0
2026-09-28T15:30:48-03:00,Rendimiento,Portfolio Total: Segundo ingreso a la carta de rendimiento Desde principio de mes con método MWR,989.0
2026-09-28T15:30:48-03:00,Rendimiento,Portfolio Total: Segundo ingreso a la carta de rendimiento Desde principio de mes con método TWR,919.0
2026-09-28T15:30:48-03:00,Rendimiento,Portfolio Total: Segundo ingreso a la carta de rendimiento Última semana con método MWR,835.0
2026-09-28T15:30:48-03:00,Rendimiento,Portfolio Total: Segundo ingreso a la carta de rendimiento Última semana con método TWR,826.0
2026-09-28T15:30:48-03:00,Rendimiento,Portfolio Total: Segundo ingreso a la carta de rendimiento Último año con método MWR,1204.0
2026-09-28T15:30:48-03:00,Rendimiento,Portfolio Total: Segundo ingreso a la carta de rendimiento Último año con método TWR,1082.0
2026-09-28T15:30:48-03:00,Rendimiento,Portfolio Total: Segundo ingreso a la carta de rendimiento Último mes con método MWR,935.0
2026-09-28T15:30:48-03:00,Rendimiento,Portfolio Total: Segundo ingreso a la carta de rendimiento Último mes con método TWR,938.0
2026-09-28T15:30:48-03:00,Rendimiento,Portfolio Total: Segundo ingreso a la carta de rendimiento Últimos 3 meses con método MWR,1048.0
2026-09-28T15:30:48-03:00,Rendimiento,Portfolio Total: Segundo ingreso a la carta de rendimiento Últimos 3 meses con método TWR,1013.0
2026-09-28T15:30:48-03:00,Rendimiento,Primer ingreso al menú Rendimiento,2602.0
2026-09-28T15:30:48-03:00,Rendimiento,Primer ingreso al portfolio Oldelval SA,2512.0
2026-09-28T15:30:48-03:00,Rendimiento,Primer ingreso al portfolio Oldelval SDE,1689.0
2026-09-28T15:30:48-03:00,Rendimiento,Primer ingreso al portfolio Total,2636.0
2026-09-28T15:30:48-03:00,Rendimiento,Segundo ingreso al portfolio Oldelval SA,1437.0
2026-09-28T15:30:48-03:00,Rendimiento,Segundo ingreso al portfolio Oldelval SDE,1424.0
2026-09-28T15:30:48-03:00,Rendimiento,Segundo ingreso al portfolio Total,1355.0
2026-09-29T15:28:05-03:00,Agenda,Primer ingreso al menú Agenda,3604.0
2026-09-29T15:28:05-03:00,Agenda,"Primer ingreso: Tipo de instrumento Bonos, estado: Cobrado",765.0
2026-09-29T15:28:05-03:00,Agenda,"Primer ingreso: Tipo de instrumento Bonos, estado: Cobrado, fecha: 1 mes hacia atras",1194.0
2026-09-29T15:28:05-03:00,Agenda,"Primer ingreso: Tipo de instrumento Bonos, estado: Cobrado, fecha: 3 meses hacia atras",1252.0
2026-09-29T15:28:05-03:00,Agenda,"Primer ingreso: Tipo de instrumento Bonos, estado: Pendiente",926.0
2026-09-29T15:28:05-03:00,Agenda,"Primer ingreso: Tipo de instrumento Bonos, estado: Pendiente, fecha: 1 mes hacia atras",1266.0
2026-09-29T15:28:05-03:00,Agenda,"Primer ingreso: Tipo de instrumento Operaciones a descuento, estado: Cobrado, Concepto: Cancelación anticipada",866.0
2026-09-29T15:28:05-03:00,Agenda,"Primer ingreso: Tipo de instrumento Operaciones a descuento, estado: Cobrado, Concepto: Cancelación anticipada, fecha: 1 mes hacia atras",925.0
2026-09-29T15:28:05-03:00,Agenda,"Primer ingreso: Tipo de instrumento Operaciones a descuento, estado: Cobrado, Concepto: Cancelación anticipada, fecha: 3 meses hacia atras",919.0
2026-09-29T15:28:05-03:00,Agenda,"Primer ingreso: Tipo de instrumento Operaciones a descuento, estado: Cobrado, Concepto: Vencimiento",734.0
2026-09-29T15:28:05-03:00,Agenda,"Primer ingreso: Tipo de instrumento Operaciones a descuento, estado: Cobrado, Concepto: Vencimiento, fecha: 1 mes hacia atras",1047.0
2026-09-29T15:28:05-03:00,Agenda,"Primer ingreso: Tipo de instrumento Operaciones a descuento, estado: Cobrado, Concepto: Vencimiento, fecha: 3 meses hacia atras",959.0
2026-09-29T15:28:05-03:00,Agenda,"Primer ingreso: Tipo de instrumento Operaciones a descuento, estado: Cobrado, Concepto: Venta",733.0
2026-09-29T15:28:05-03:00,Agenda,"Primer ingreso: Tipo de instrumento Operaciones a descuento, estado: Cobrado, Concepto: Venta, fecha: 1 mes hacia atras",934.0
2026-09-29T15:28:05-03:00,Agenda,"Primer ingreso: Tipo de instrumento Operaciones a descuento, estado: Cobrado, Concepto: Venta, fecha: 3 meses hacia atras",899.0
2026-09-29T15:28:05-03:00,Agenda,"Primer ingreso: Tipo de instrumento Operaciones a descuento, estado: Pendiente",596.0
2026-09-29T15:28:05-03:00,Agenda,"Primer ingreso: Tipo de instrumento Operaciones a descuento, estado: Pendiente, fecha: 1 mes hacia atras",1175.0
2026-09-29T15:28:05-03:00,Agenda,"Primer ingreso: Tipo de instrumento Operaciones a plazo, estado: Cobrado, Concepto: Cancelación anticipada",924.0
2026-09-29T15:28:05-03:00,Agenda,"Primer ingreso: Tipo de instrumento Operaciones a plazo, estado: Cobrado, Concepto: Cancelación anticipada, fecha: 1 mes hacia atras",949.0
2026-09-29T15:28:05-03:00,Agenda,"Primer ingreso: Tipo de instrumento Operaciones a plazo, estado: Cobrado, Concepto: Cancelación anticipada, fecha: 3 meses hacia atras",939.0
2026-09-29T15:28:05-03:00,Agenda,"Primer ingreso: Tipo de instrumento Operaciones a plazo, estado: Cobrado, Concepto: Vencimiento",745.0
2026-09-29T15:28:05-03:00,Agenda,"Primer ingreso: Tipo de instrumento Operaciones a plazo, estado: Cobrado, Concepto: Vencimiento, fecha: 1 mes hacia atras",982.0
2026-09-29T15:28:05-03:00,Agenda,"Primer ingreso: Tipo de instrumento Operaciones a plazo, estado: Cobrado, Concepto: Vencimiento, fecha: 3 meses hacia atras",920.0
2026-09-29T15:28:05-03:00,Agenda,"Primer ingreso: Tipo de instrumento Operaciones a plazo, estado: Cobrado, Concepto: Venta",828.0
2026-09-29T15:28:05-03:00,Agenda,"Primer ingreso: Tipo de instrumento Operaciones a plazo, estado: Cobrado, Concepto: Venta, fecha: 1 mes hacia atras",912.0
2026-09-29T15:28:05-03:00,Agenda,"Primer ingreso: Tipo de instrumento Operaciones a plazo, estado: Cobrado, Concepto: Venta, fecha: 3 meses hacia atras",913.0
2026-09-29T15:28:05-03:00,Agenda,"Primer ingreso: Tipo de instrumento Operaciones a plazo, estado: Pendiente",576.0
2026-09-29T15:28:05-03:00,Agenda,"Primer ingreso: Tipo de instrumento Operaciones a plazo, estado: Pendiente, fecha: 1 mes hacia atras",1206.0
2026-09-29T15:28:05-03:00,Agenda,Segundo ingreso al menú Agenda,2441.0
2026-09-29T15:28:05-03:00,Agenda,"Segundo ingreso: Tipo de instrumento Bonos, estado: Cobrado",764.0
2026-09-29T15:28:05-03:00,Agenda,"Segundo ingreso: Tipo de instrumento Bonos, estado: Cobrado, fecha: 1 mes hacia atras",1112.0
2026-09-29T15:28:05-03:00,Agenda,"Segundo ingreso: Tipo de instrumento Bonos, estado: Cobrado, fecha: 3 meses hacia atras",1183.0
2026-09-29T15:28:05-03:00,Agenda,"Segundo ingreso: Tipo de instrumento Bonos, estado: Pendiente, fecha: 1 mes hacia atras",1282.0
2026-09-29T15:28:05-03:00,Agenda,"Segundo ingreso: Tipo de instrumento Bonos, estado: pendiente",727.0
2026-09-29T15:28:05-03:00,Agenda,"Segundo ingreso: Tipo de instrumento Operaciones a descuento, estado: Cobrado, Concepto: Cancelación anticipada",827.0
2026-09-29T15:28:05-03:00,Agenda,"Segundo ingreso: Tipo de instrumento Operaciones a descuento, estado: Cobrado, Concepto: Cancelación anticipada, fecha: 1 mes hacia atras",921.0
2026-09-29T15:28:05-03:00,Agenda,"Segundo ingreso: Tipo de instrumento Operaciones a descuento, estado: Cobrado, Concepto: Cancelación anticipada, fecha: 3 meses hacia atras",896.0
2026-09-29T15:28:05-03:00,Agenda,"Segundo ingreso: Tipo de instrumento Operaciones a descuento, estado: Cobrado, Concepto: Vencimiento",741.0
2026-09-29T15:28:05-03:00,Agenda,"Segundo ingreso: Tipo de instrumento Operaciones a descuento, estado: Cobrado, Concepto: Vencimiento, fecha: 1 mes hacia atras",905.0
2026-09-29T15:28:05-03:00,Agenda,"Segundo ingreso: Tipo de instrumento Operaciones a descuento, estado: Cobrado, Concepto: Vencimiento, fecha: 3 meses hacia atras",914.0
2026-09-29T15:28:05-03:00,Agenda,"Segundo ingreso: Tipo de instrumento Operaciones a descuento, estado: Cobrado, Concepto: Venta",717.0
2026-09-29T15:28:05-03:00,Agenda,"Segundo ingreso: Tipo de instrumento Operaciones a descuento, estado: Cobrado, Concepto: Venta, fecha: 1 mes hacia atras",962.0
2026-09-29T15:28:05-03:00,Agenda,"Segundo ingreso: Tipo de instrumento Operaciones a descuento, estado: Cobrado, Concepto: Venta, fecha: 3 meses hacia atras",922.0
2026-09-29T15:28:05-03:00,Agenda,"Segundo ingreso: Tipo de instrumento Operaciones a descuento, estado: Pendiente, fecha: 1 mes hacia atras",1156.0
2026-09-29T15:28:05-03:00,Agenda,"Segundo ingreso: Tipo de instrumento Operaciones a descuento, estado: pendiente",570.0
2026-09-29T15:28:05-03:00,Agenda,"Segundo ingreso: Tipo de instrumento Operaciones a plazo, estado: Cobrado, Concepto: Cancelación anticipada",875.0
2026-09-29T15:28:05-03:00,Agenda,"Segundo ingreso: Tipo de instrumento Operaciones a plazo, estado: Cobrado, Concepto: Cancelación anticipada, fecha: 1 mes hacia atras",901.0
2026-09-29T15:28:05-03:00,Agenda,"Segundo ingreso: Tipo de instrumento Operaciones a plazo, estado: Cobrado, Concepto: Cancelación anticipada, fecha: 3 meses hacia atras",928.0
2026-09-29T15:28:05-03:00,Agenda,"Segundo ingreso: Tipo de instrumento Operaciones a plazo, estado: Cobrado, Concepto: Vencimiento",729.0
2026-09-29T15:28:05-03:00,Agenda,"Segundo ingreso: Tipo de instrumento Operaciones a plazo, estado: Cobrado, Concepto: Vencimiento, fecha: 1 mes hacia atras",921.0
2026-09-29T15:28:05-03:00,Agenda,"Segundo ingreso: Tipo de instrumento Operaciones a plazo, estado: Cobrado, Concepto: Vencimiento, fecha: 3 meses hacia atras",911.0
2026-09-29T15:28:05-03:00,Agenda,"Segundo ingreso: Tipo de instrumento Operaciones a plazo, estado: Cobrado, Concepto: Venta",727.0
2026-09-29T15:28:05-03:00,Agenda,"Segundo ingreso: Tipo de instrumento Operaciones a plazo, estado: Cobrado, Concepto: Venta, fecha: 1 mes hacia atras",916.0
2026-09-29T15:28:05-03:00,Agenda,"Segundo ingreso: Tipo de instrumento Operaciones a plazo, estado: Cobrado, Concepto: Venta, fecha: 3 meses hacia atras",976.0
2026-09-29T15:28:05-03:00,Agenda,"Segundo ingreso: Tipo de instrumento Operaciones a plazo, estado: Pendiente, fecha: 1 mes hacia atras",1163.0
2026-09-29T15:28:05-03:00,Agenda,"Segundo ingreso: Tipo de instrumento Operaciones a plazo, estado: pendiente",564.0
2026-09-29T15:28:05-03:00,Home,Ingreso a MPC,5026.0
2026-09-29T15:28:05-03:00,Home,Primer ingreso al menú Home,7248.0
2026-09-29T15:28:05-03:00,Home,Primer ingreso al portfolio Oldelval SA desde el Home,10348.0
2026-09-29T15:28:05-03:00,Home,Primer ingreso al portfolio Oldelval SDE desde el Home,6723.0
2026-09-29T15:28:05-03:00,Home,Primer ingreso al portfolio Total Compañia desde el Home,11127.0
2026-09-29T15:28:05-03:00,Home,Segundo ingreso al menú Home,3009.0
2026-09-29T15:28:05-03:00,Home,Segundo ingreso al portfolio Oldelval SA desde el Home,9447.0
2026-09-29T15:28:05-03:00,Home,Segundo ingreso al portfolio Oldelval SDE desde el Home,7277.0
2026-09-29T15:28:05-03:00,Home,Segundo ingreso al portfolio Total Compañia desde el Home,13366.0
2026-09-29T15:28:05-03:00,Mis depositarios,Agrupar por especie todas las cuentas disponibles,1191.0
2026-09-29T15:28:05-03:00,Mis depositarios,Deseleccionar la cuenta Adcap (ADCAP),6011.0
2026-09-29T15:28:05-03:00,Mis depositarios,Deseleccionar la cuenta Allaria (ALLARIA),5801.0
2026-09-29T15:28:05-03:00,Mis depositarios,Deseleccionar la cuenta BBVA (Banco BBVA),5841.0
2026-09-29T15:28:05-03:00,Mis depositarios,Deseleccionar la cuenta Balanz (BALANZ CAPITAL VALORES SA),5185.0
2026-09-29T15:28:05-03:00,Mis depositarios,Deseleccionar la cuenta Banco Comafi (Banco Comafi),5992.0
2026-09-29T15:28:05-03:00,Mis depositarios,Deseleccionar la cuenta Banco Macro (BANCO MACRO),5421.0
2026-09-29T15:28:05-03:00,Mis depositarios,Deseleccionar la cuenta Banco Macro (Banco Maco B),5202.0
2026-09-29T15:28:05-03:00,Mis depositarios,Deseleccionar la cuenta Banco Macro (Banco Macro USD),5225.0
2026-09-29T15:28:05-03:00,Mis depositarios,Deseleccionar la cuenta Banco Nación (Banco Nacion),5347.0
2026-09-29T15:28:05-03:00,Mis depositarios,Deseleccionar la cuenta Banco Patagonia (BANCO PATAGONIA),5756.0
2026-09-29T15:28:05-03:00,Mis depositarios,Deseleccionar la cuenta Banco Patagonia (Banco Patagonia USD),5026.0
2026-09-29T15:28:05-03:00,Mis depositarios,Deseleccionar la cuenta Citi (Banco Citi),6328.0
2026-09-29T15:28:05-03:00,Mis depositarios,Deseleccionar la cuenta Cocos Capital (Cocos Capital SA),5026.0
2026-09-29T15:28:05-03:00,Mis depositarios,Deseleccionar la cuenta Facimex (FACIMEX),5777.0
2026-09-29T15:28:05-03:00,Mis depositarios,Deseleccionar la cuenta Galicia (BANCO GALICIA),5953.0
2026-09-29T15:28:05-03:00,Mis depositarios,Deseleccionar la cuenta Galicia (Galicia SDE),5954.0
2026-09-29T15:28:05-03:00,Mis depositarios,Deseleccionar la cuenta Galicia (Galicia USD),5174.0
2026-09-29T15:28:05-03:00,Mis depositarios,Deseleccionar la cuenta ICBC (BANCO ICBC),5424.0
2026-09-29T15:28:05-03:00,Mis depositarios,Deseleccionar la cuenta ICBC (Banco ICBC (B)),5212.0
2026-09-29T15:28:05-03:00,Mis depositarios,Deseleccionar la cuenta ICBC (Banco ICBC USD),5006.0
2026-09-29T15:28:05-03:00,Mis depositarios,Deseleccionar la cuenta Invertir En Bolsa (INVERTIR EN BOLSA),5228.0
2026-09-29T15:28:05-03:00,Mis depositarios,Deseleccionar la cuenta Macro Securities (MACRO SECURITIES),5382.0
2026-09-29T15:28:05-03:00,Mis depositarios,Deseleccionar la cuenta Max Capital (MAX CAPITAL SA),5815.0
2026-09-29T15:28:05-03:00,Mis depositarios,Deseleccionar la cuenta One618 (ONE 618),5475.0
2026-09-29T15:28:05-03:00,Mis depositarios,Deseleccionar la cuenta Portfolio Personal Inversiones (Prueba),6045.0
2026-09-29T15:28:05-03:00,Mis depositarios,Deseleccionar la cuenta Puente Hermanos (PUENTE HNOS),5317.0
2026-09-29T15:28:05-03:00,Mis depositarios,Deseleccionar la cuenta SBS (SBS),4905.0
2026-09-29T15:28:05-03:00,Mis depositarios,Deseleccionar la cuenta Santander (Banco Santander),5999.0
2026-09-29T15:28:05-03:00,Mis depositarios,Deseleccionar la cuenta Schroders (Schroders USD),5152.0
2026-09-29T15:28:05-03:00,Mis depositarios,Deseleccionar todas las cuentas del depositario Adcap,5640.0
2026-09-29T15:28:05-03:00,Mis depositarios,Deseleccionar todas las cuentas del depositario Allaria,5472.0
2026-09-29T15:28:05-03:00,Mis depositarios,Deseleccionar todas las cuentas del depositario BBVA,5151.0
2026-09-29T15:28:05-03:00,Mis depositarios,Deseleccionar todas las cuentas del depositario Balanz,4981.0
2026-09-29T15:28:05-03:00,Mis depositarios,Deseleccionar todas las cuentas del depositario Banco Comafi,5426.0
2026-09-29T15:28:05-03:00,Mis depositarios,Deseleccionar todas las cuentas del depositario Banco Macro,4983.0
2026-09-29T15:28:05-03:00,Mis depositarios,Deseleccionar todas las cuentas del depositario Banco Nación,4981.0
2026-09-29T15:28:05-03:00,Mis depositarios,Deseleccionar todas las cuentas del depositario Banco Patagonia,5198.0
2026-09-29T15:28:05-03:00,Mis depositarios,Deseleccionar todas las cuentas del depositario Citi,5634.0
2026-09-29T15:28:05-03:00,Mis depositarios,Deseleccionar todas las cuentas del depositario Cocos Capital,5250.0
2026-09-29T15:28:05-03:00,Mis depositarios,Deseleccionar todas las cuentas del depositario Facimex,5081.0
2026-09-29T15:28:05-03:00,Mis depositarios,Deseleccionar todas las cuentas del depositario Galicia,5145.0
2026-09-29T15:28:05-03:00,Mis depositarios,Deseleccionar todas las cuentas del depositario ICBC,5367.0
2026-09-29T15:28:05-03:00,Mis depositarios,Deseleccionar todas las cuentas del depositario Invertir En Bolsa,5299.0
2026-09-29T15:28:05-03:00,Mis depositarios,Deseleccionar todas las cuentas del depositario Macro Securities,5312.0
2026-09-29T15:28:05-03:00,Mis depositarios,Deseleccionar todas las cuentas del depositario Max Capital,5200.0
2026-09-29T15:28:05-03:00,Mis depositarios,Deseleccionar todas las cuentas del depositario One618,5265.0
2026-09-29T15:28:05-03:00,Mis depositarios,Deseleccionar todas las cuentas del depositario Portfolio Personal Inversiones,5392.0
2026-09-29T15:28:05-03:00,Mis depositarios,Deseleccionar todas las cuentas del depositario Puente Hermanos,5410.0
2026-09-29T15:28:05-03:00,Mis depositarios,Deseleccionar todas las cuentas del depositario SBS,5077.0
2026-09-29T15:28:05-03:00,Mis depositarios,Deseleccionar todas las cuentas del depositario Santander,5154.0
2026-09-29T15:28:05-03:00,Mis depositarios,Deseleccionar todas las cuentas del depositario Schroders,5497.0
2026-09-29T15:28:05-03:00,Mis depositarios,Deseleccionar todas las cuentas disponibles,5341.0
2026-09-29T15:28:05-03:00,Mis depositarios,Primer ingreso al menú Mis depositarios,4604.0
2026-09-29T15:28:05-03:00,Mis depositarios,Seleccionar la cuenta Adcap (ADCAP),5395.0
2026-09-29T15:28:05-03:00,Mis depositarios,Seleccionar la cuenta Allaria (ALLARIA),4782.0
2026-09-29T15:28:05-03:00,Mis depositarios,Seleccionar la cuenta BBVA (Banco BBVA),5685.0
2026-09-29T15:28:05-03:00,Mis depositarios,Seleccionar la cuenta Balanz (BALANZ CAPITAL VALORES SA),5341.0
2026-09-29T15:28:05-03:00,Mis depositarios,Seleccionar la cuenta Banco Comafi (Banco Comafi),5391.0
2026-09-29T15:28:05-03:00,Mis depositarios,Seleccionar la cuenta Banco Macro (BANCO MACRO),5812.0
2026-09-29T15:28:05-03:00,Mis depositarios,Seleccionar la cuenta Banco Macro (Banco Maco B),6149.0
2026-09-29T15:28:05-03:00,Mis depositarios,Seleccionar la cuenta Banco Macro (Banco Macro USD),5634.0
2026-09-29T15:28:05-03:00,Mis depositarios,Seleccionar la cuenta Banco Nación (Banco Nacion),6004.0
2026-09-29T15:28:05-03:00,Mis depositarios,Seleccionar la cuenta Banco Patagonia (BANCO PATAGONIA),5082.0
2026-09-29T15:28:05-03:00,Mis depositarios,Seleccionar la cuenta Banco Patagonia (Banco Patagonia USD),5215.0
2026-09-29T15:28:05-03:00,Mis depositarios,Seleccionar la cuenta Citi (Banco Citi),6021.0
2026-09-29T15:28:05-03:00,Mis depositarios,Seleccionar la cuenta Cocos Capital (Cocos Capital SA),6140.0
2026-09-29T15:28:05-03:00,Mis depositarios,Seleccionar la cuenta Facimex (FACIMEX),5448.0
2026-09-29T15:28:05-03:00,Mis depositarios,Seleccionar la cuenta Galicia (BANCO GALICIA),4812.0
2026-09-29T15:28:05-03:00,Mis depositarios,Seleccionar la cuenta Galicia (Galicia SDE),5361.0
2026-09-29T15:28:05-03:00,Mis depositarios,Seleccionar la cuenta Galicia (Galicia USD),5221.0
2026-09-29T15:28:05-03:00,Mis depositarios,Seleccionar la cuenta ICBC (BANCO ICBC),5422.0
2026-09-29T15:28:05-03:00,Mis depositarios,Seleccionar la cuenta ICBC (Banco ICBC (B)),5142.0
2026-09-29T15:28:05-03:00,Mis depositarios,Seleccionar la cuenta ICBC (Banco ICBC USD),5520.0
2026-09-29T15:28:05-03:00,Mis depositarios,Seleccionar la cuenta Invertir En Bolsa (INVERTIR EN BOLSA),5919.0
2026-09-29T15:28:05-03:00,Mis depositarios,Seleccionar la cuenta Macro Securities (MACRO SECURITIES),5362.0
2026-09-29T15:28:05-03:00,Mis depositarios,Seleccionar la cuenta Max Capital (MAX CAPITAL SA),5860.0
2026-09-29T15:28:05-03:00,Mis depositarios,Seleccionar la cuenta One618 (ONE 618),5106.0
2026-09-29T15:28:05-03:00,Mis depositarios,Seleccionar la cuenta Portfolio Personal Inversiones (Prueba),5352.0
2026-09-29T15:28:05-03:00,Mis depositarios,Seleccionar la cuenta Puente Hermanos (PUENTE HNOS),5092.0
2026-09-29T15:28:05-03:00,Mis depositarios,Seleccionar la cuenta SBS (SBS),5356.0
2026-09-29T15:28:05-03:00,Mis depositarios,Seleccionar la cuenta Santander (Banco Santander),5474.0
2026-09-29T15:28:05-03:00,Mis depositarios,Seleccionar la cuenta Schroders (Schroders USD),5529.0
2026-09-29T15:28:05-03:00,Mis depositarios,Seleccionar todas las cuentas del depositario Adcap,5209.0
2026-09-29T15:28:05-03:00,Mis depositarios,Seleccionar todas las cuentas del depositario Allaria,5811.0
2026-09-29T15:28:05-03:00,Mis depositarios,Seleccionar todas las cuentas del depositario BBVA,5691.0
2026-09-29T15:28:05-03:00,Mis depositarios,Seleccionar todas las cuentas del depositario Balanz,5277.0
2026-09-29T15:28:05-03:00,Mis depositarios,Seleccionar todas las cuentas del depositario Banco Comafi,5146.0
2026-09-29T15:28:05-03:00,Mis depositarios,Seleccionar todas las cuentas del depositario Banco Macro,5287.0
2026-09-29T15:28:05-03:00,Mis depositarios,Seleccionar todas las cuentas del depositario Banco Nación,5653.0
2026-09-29T15:28:05-03:00,Mis depositarios,Seleccionar todas las cuentas del depositario Banco Patagonia,5346.0
2026-09-29T15:28:05-03:00,Mis depositarios,Seleccionar todas las cuentas del depositario Citi,5560.0
2026-09-29T15:28:05-03:00,Mis depositarios,Seleccionar todas las cuentas del depositario Cocos Capital,4989.0
2026-09-29T15:28:05-03:00,Mis depositarios,Seleccionar todas las cuentas del depositario Facimex,5422.0
2026-09-29T15:28:05-03:00,Mis depositarios,Seleccionar todas las cuentas del depositario Galicia,5216.0
2026-09-29T15:28:05-03:00,Mis depositarios,Seleccionar todas las cuentas del depositario ICBC,5733.0
2026-09-29T15:28:05-03:00,Mis depositarios,Seleccionar todas las cuentas del depositario Invertir En Bolsa,5267.0
2026-09-29T15:28:05-03:00,Mis depositarios,Seleccionar todas las cuentas del depositario Macro Securities,5599.0
2026-09-29T15:28:05-03:00,Mis depositarios,Seleccionar todas las cuentas del depositario Max Capital,5051.0
2026-09-29T15:28:05-03:00,Mis depositarios,Seleccionar todas las cuentas del depositario One618,5369.0
2026-09-29T15:28:05-03:00,Mis depositarios,Seleccionar todas las cuentas del depositario Portfolio Personal Inversiones,5077.0
2026-09-29T15:28:05-03:00,Mis depositarios,Seleccionar todas las cuentas del depositario Puente Hermanos,5366.0
2026-09-29T15:28:05-03:00,Mis depositarios,Seleccionar todas las cuentas del depositario SBS,4911.0
2026-09-29T15:28:05-03:00,Mis depositarios,Seleccionar todas las cuentas del depositario Santander,5190.0
2026-09-29T15:28:05-03:00,Mis depositarios,Seleccionar todas las cuentas del depositario Schroders,5242.0
2026-09-29T15:28:05-03:00,Mis depositarios,Seleccionar todas las cuentas disponibles,5599.0
2026-09-29T15:28:05-03:00,Mis operaciones,Primer ingreso al depositario Adcap,819.0
2026-09-29T15:28:05-03:00,Mis operaciones,Primer ingreso al menú Mis operaciones,5530.0
2026-09-29T15:28:05-03:00,Mis operaciones,Primer ingreso: Depositario Adcap filtro de 1 mes de operaciones,776.0
2026-09-29T15:28:05-03:00,Mis operaciones,Primer ingreso: Filtro de 1 mes de operaciones,4230.0
2026-09-29T15:28:05-03:00,Mis operaciones,Segundo ingreso al depositario Adcap,646.0
2026-09-29T15:28:05-03:00,Mis operaciones,Segundo ingreso al menú Mis operaciones,4434.0
2026-09-29T15:28:05-03:00,Mis operaciones,Segundo ingreso: Depositario Adcap filtro de 1 mes de operaciones,772.0
2026-09-29T15:28:05-03:00,Mis operaciones,Segundo ingreso: Filtro de 1 mes de operaciones,3704.0
2026-09-29T15:28:05-03:00,Mis portfolios,Primer ingreso al menú Mis portfolios,3552.0
2026-09-29T15:28:05-03:00,Mis portfolios,Primer ingreso al portfolio Oldelval SA desde Mis portfolios,7847.0
2026-09-29T15:28:05-03:00,Mis portfolios,Primer ingreso al portfolio Oldelval SDE desde Mis portfolios,5301.0
2026-09-29T15:28:05-03:00,Mis portfolios,Primer ingreso al portfolio Total Compañia desde Mis portfolios,8717.0
2026-09-29T15:28:05-03:00,Mis portfolios,Segundo ingreso al menú Mis portfolios,1938.0
2026-09-29T15:28:05-03:00,Mis portfolios,Segundo ingreso al portfolio Oldelval SA desde Mis portfolios,7722.0
2026-09-29T15:28:05-03:00,Mis portfolios,Segundo ingreso al portfolio Oldelval SDE desde Mis portfolios,5286.0
2026-09-29T15:28:05-03:00,Mis portfolios,Segundo ingreso al portfolio Total Compañia desde Mis portfolios,9098.0
2026-09-29T15:28:05-03:00,Rendimiento,Cambio de método de rentabilidad a TWR,1650.0
2026-09-29T15:28:05-03:00,Rendimiento,Portfolio Oldelval SA: Primer ingreso a la carta de rendimiento Desde el inicio con método MWR,661.0
2026-09-29T15:28:05-03:00,Rendimiento,Portfolio Oldelval SA: Primer ingreso a la carta de rendimiento Desde el inicio con método TWR,634.0
2026-09-29T15:28:05-03:00,Rendimiento,Portfolio Oldelval SA: Primer ingreso a la carta de rendimiento Desde principio de año con método MWR,650.0
2026-09-29T15:28:05-03:00,Rendimiento,Portfolio Oldelval SA: Primer ingreso a la carta de rendimiento Desde principio de año con método TWR,890.0
2026-09-29T15:28:05-03:00,Rendimiento,Portfolio Oldelval SA: Primer ingreso a la carta de rendimiento Desde principio de mes con método MWR,482.0
2026-09-29T15:28:05-03:00,Rendimiento,Portfolio Oldelval SA: Primer ingreso a la carta de rendimiento Desde principio de mes con método TWR,535.0
2026-09-29T15:28:05-03:00,Rendimiento,Portfolio Oldelval SA: Primer ingreso a la carta de rendimiento Última semana con método MWR,495.0
2026-09-29T15:28:05-03:00,Rendimiento,Portfolio Oldelval SA: Primer ingreso a la carta de rendimiento Última semana con método TWR,463.0
2026-09-29T15:28:05-03:00,Rendimiento,Portfolio Oldelval SA: Primer ingreso a la carta de rendimiento Último año con método MWR,595.0
2026-09-29T15:28:05-03:00,Rendimiento,Portfolio Oldelval SA: Primer ingreso a la carta de rendimiento Último año con método TWR,704.0
2026-09-29T15:28:05-03:00,Rendimiento,Portfolio Oldelval SA: Primer ingreso a la carta de rendimiento Último mes con método MWR,485.0
2026-09-29T15:28:05-03:00,Rendimiento,Portfolio Oldelval SA: Primer ingreso a la carta de rendimiento Último mes con método TWR,565.0
2026-09-29T15:28:05-03:00,Rendimiento,Portfolio Oldelval SA: Primer ingreso a la carta de rendimiento Últimos 3 meses con método MWR,585.0
2026-09-29T15:28:05-03:00,Rendimiento,Portfolio Oldelval SA: Primer ingreso a la carta de rendimiento Últimos 3 meses con método TWR,1791.0
2026-09-29T15:28:05-03:00,Rendimiento,Portfolio Oldelval SA: Segundo ingreso a la carta de rendimiento Desde el inicio con método MWR,559.0
2026-09-29T15:28:05-03:00,Rendimiento,Portfolio Oldelval SA: Segundo ingreso a la carta de rendimiento Desde el inicio con método TWR,524.0
2026-09-29T15:28:05-03:00,Rendimiento,Portfolio Oldelval SA: Segundo ingreso a la carta de rendimiento Desde principio de año con método MWR,637.0
2026-09-29T15:28:05-03:00,Rendimiento,Portfolio Oldelval SA: Segundo ingreso a la carta de rendimiento Desde principio de año con método TWR,590.0
2026-09-29T15:28:05-03:00,Rendimiento,Portfolio Oldelval SA: Segundo ingreso a la carta de rendimiento Desde principio de mes con método MWR,497.0
2026-09-29T15:28:05-03:00,Rendimiento,Portfolio Oldelval SA: Segundo ingreso a la carta de rendimiento Desde principio de mes con método TWR,519.0
2026-09-29T15:28:05-03:00,Rendimiento,Portfolio Oldelval SA: Segundo ingreso a la carta de rendimiento Última semana con método MWR,404.0
2026-09-29T15:28:05-03:00,Rendimiento,Portfolio Oldelval SA: Segundo ingreso a la carta de rendimiento Última semana con método TWR,412.0
2026-09-29T15:28:05-03:00,Rendimiento,Portfolio Oldelval SA: Segundo ingreso a la carta de rendimiento Último año con método MWR,628.0
2026-09-29T15:28:05-03:00,Rendimiento,Portfolio Oldelval SA: Segundo ingreso a la carta de rendimiento Último año con método TWR,656.0
2026-09-29T15:28:05-03:00,Rendimiento,Portfolio Oldelval SA: Segundo ingreso a la carta de rendimiento Último mes con método MWR,503.0
2026-09-29T15:28:05-03:00,Rendimiento,Portfolio Oldelval SA: Segundo ingreso a la carta de rendimiento Último mes con método TWR,484.0
2026-09-29T15:28:05-03:00,Rendimiento,Portfolio Oldelval SA: Segundo ingreso a la carta de rendimiento Últimos 3 meses con método MWR,625.0
2026-09-29T15:28:05-03:00,Rendimiento,Portfolio Oldelval SA: Segundo ingreso a la carta de rendimiento Últimos 3 meses con método TWR,544.0
2026-09-29T15:28:05-03:00,Rendimiento,Portfolio Oldelval SDE: Primer ingreso a la carta de rendimiento Desde el inicio con método MWR,583.0
2026-09-29T15:28:05-03:00,Rendimiento,Portfolio Oldelval SDE: Primer ingreso a la carta de rendimiento Desde el inicio con método TWR,616.0
2026-09-29T15:28:05-03:00,Rendimiento,Portfolio Oldelval SDE: Primer ingreso a la carta de rendimiento Desde principio de año con método MWR,652.0
2026-09-29T15:28:05-03:00,Rendimiento,Portfolio Oldelval SDE: Primer ingreso a la carta de rendimiento Desde principio de año con método TWR,590.0
2026-09-29T15:28:05-03:00,Rendimiento,Portfolio Oldelval SDE: Primer ingreso a la carta de rendimiento Desde principio de mes con método MWR,488.0
2026-09-29T15:28:05-03:00,Rendimiento,Portfolio Oldelval SDE: Primer ingreso a la carta de rendimiento Desde principio de mes con método TWR,513.0
2026-09-29T15:28:05-03:00,Rendimiento,Portfolio Oldelval SDE: Primer ingreso a la carta de rendimiento Última semana con método MWR,440.0
2026-09-29T15:28:05-03:00,Rendimiento,Portfolio Oldelval SDE: Primer ingreso a la carta de rendimiento Última semana con método TWR,459.0
2026-09-29T15:28:05-03:00,Rendimiento,Portfolio Oldelval SDE: Primer ingreso a la carta de rendimiento Último año con método MWR,630.0
2026-09-29T15:28:05-03:00,Rendimiento,Portfolio Oldelval SDE: Primer ingreso a la carta de rendimiento Último año con método TWR,669.0
2026-09-29T15:28:05-03:00,Rendimiento,Portfolio Oldelval SDE: Primer ingreso a la carta de rendimiento Último mes con método MWR,506.0
2026-09-29T15:28:05-03:00,Rendimiento,Portfolio Oldelval SDE: Primer ingreso a la carta de rendimiento Último mes con método TWR,677.0
2026-09-29T15:28:05-03:00,Rendimiento,Portfolio Oldelval SDE: Primer ingreso a la carta de rendimiento Últimos 3 meses con método MWR,624.0
2026-09-29T15:28:05-03:00,Rendimiento,Portfolio Oldelval SDE: Primer ingreso a la carta de rendimiento Últimos 3 meses con método TWR,590.0
2026-09-29T15:28:05-03:00,Rendimiento,Portfolio Oldelval SDE: Segundo ingreso a la carta de rendimiento Desde el inicio con método MWR,576.0
2026-09-29T15:28:05-03:00,Rendimiento,Portfolio Oldelval SDE: Segundo ingreso a la carta de rendimiento Desde el inicio con método TWR,675.0
2026-09-29T15:28:05-03:00,Rendimiento,Portfolio Oldelval SDE: Segundo ingreso a la carta de rendimiento Desde principio de año con método MWR,722.0
2026-09-29T15:28:05-03:00,Rendimiento,Portfolio Oldelval SDE: Segundo ingreso a la carta de rendimiento Desde principio de año con método TWR,649.0
2026-09-29T15:28:05-03:00,Rendimiento,Portfolio Oldelval SDE: Segundo ingreso a la carta de rendimiento Desde principio de mes con método MWR,571.0
2026-09-29T15:28:05-03:00,Rendimiento,Portfolio Oldelval SDE: Segundo ingreso a la carta de rendimiento Desde principio de mes con método TWR,485.0
2026-09-29T15:28:05-03:00,Rendimiento,Portfolio Oldelval SDE: Segundo ingreso a la carta de rendimiento Última semana con método MWR,397.0
2026-09-29T15:28:05-03:00,Rendimiento,Portfolio Oldelval SDE: Segundo ingreso a la carta de rendimiento Última semana con método TWR,510.0
2026-09-29T15:28:05-03:00,Rendimiento,Portfolio Oldelval SDE: Segundo ingreso a la carta de rendimiento Último año con método MWR,588.0
2026-09-29T15:28:05-03:00,Rendimiento,Portfolio Oldelval SDE: Segundo ingreso a la carta de rendimiento Último año con método TWR,666.0
2026-09-29T15:28:05-03:00,Rendimiento,Portfolio Oldelval SDE: Segundo ingreso a la carta de rendimiento Último mes con método MWR,583.0
2026-09-29T15:28:05-03:00,Rendimiento,Portfolio Oldelval SDE: Segundo ingreso a la carta de rendimiento Último mes con método TWR,536.0
2026-09-29T15:28:05-03:00,Rendimiento,Portfolio Oldelval SDE: Segundo ingreso a la carta de rendimiento Últimos 3 meses con método MWR,625.0
2026-09-29T15:28:05-03:00,Rendimiento,Portfolio Oldelval SDE: Segundo ingreso a la carta de rendimiento Últimos 3 meses con método TWR,616.0
2026-09-29T15:28:05-03:00,Rendimiento,Portfolio Total: Primer ingreso a la carta de rendimiento Desde el inicio con método MWR,683.0
2026-09-29T15:28:05-03:00,Rendimiento,Portfolio Total: Primer ingreso a la carta de rendimiento Desde el inicio con método TWR,619.0
2026-09-29T15:28:05-03:00,Rendimiento,Portfolio Total: Primer ingreso a la carta de rendimiento Desde principio de año con método MWR,583.0
2026-09-29T15:28:05-03:00,Rendimiento,Portfolio Total: Primer ingreso a la carta de rendimiento Desde principio de año con método TWR,565.0
2026-09-29T15:28:05-03:00,Rendimiento,Portfolio Total: Primer ingreso a la carta de rendimiento Desde principio de mes con método MWR,491.0
2026-09-29T15:28:05-03:00,Rendimiento,Portfolio Total: Primer ingreso a la carta de rendimiento Desde principio de mes con método TWR,497.0
2026-09-29T15:28:05-03:00,Rendimiento,Portfolio Total: Primer ingreso a la carta de rendimiento Última semana con método MWR,383.0
2026-09-29T15:28:05-03:00,Rendimiento,Portfolio Total: Primer ingreso a la carta de rendimiento Última semana con método TWR,418.0
2026-09-29T15:28:05-03:00,Rendimiento,Portfolio Total: Primer ingreso a la carta de rendimiento Último año con método MWR,771.0
2026-09-29T15:28:05-03:00,Rendimiento,Portfolio Total: Primer ingreso a la carta de rendimiento Último año con método TWR,646.0
2026-09-29T15:28:05-03:00,Rendimiento,Portfolio Total: Primer ingreso a la carta de rendimiento Último mes con método MWR,505.0
2026-09-29T15:28:05-03:00,Rendimiento,Portfolio Total: Primer ingreso a la carta de rendimiento Último mes con método TWR,533.0
2026-09-29T15:28:05-03:00,Rendimiento,Portfolio Total: Primer ingreso a la carta de rendimiento Últimos 3 meses con método MWR,551.0
2026-09-29T15:28:05-03:00,Rendimiento,Portfolio Total: Primer ingreso a la carta de rendimiento Últimos 3 meses con método TWR,663.0
2026-09-29T15:28:05-03:00,Rendimiento,Portfolio Total: Segundo ingreso a la carta de rendimiento Desde el inicio con método MWR,669.0
2026-09-29T15:28:05-03:00,Rendimiento,Portfolio Total: Segundo ingreso a la carta de rendimiento Desde el inicio con método TWR,691.0
2026-09-29T15:28:05-03:00,Rendimiento,Portfolio Total: Segundo ingreso a la carta de rendimiento Desde principio de año con método MWR,691.0
2026-09-29T15:28:05-03:00,Rendimiento,Portfolio Total: Segundo ingreso a la carta de rendimiento Desde principio de año con método TWR,717.0
2026-09-29T15:28:05-03:00,Rendimiento,Portfolio Total: Segundo ingreso a la carta de rendimiento Desde principio de mes con método MWR,560.0
2026-09-29T15:28:05-03:00,Rendimiento,Portfolio Total: Segundo ingreso a la carta de rendimiento Desde principio de mes con método TWR,574.0
2026-09-29T15:28:05-03:00,Rendimiento,Portfolio Total: Segundo ingreso a la carta de rendimiento Última semana con método MWR,428.0
2026-09-29T15:28:05-03:00,Rendimiento,Portfolio Total: Segundo ingreso a la carta de rendimiento Última semana con método TWR,491.0
2026-09-29T15:28:05-03:00,Rendimiento,Portfolio Total: Segundo ingreso a la carta de rendimiento Último año con método MWR,631.0
2026-09-29T15:28:05-03:00,Rendimiento,Portfolio Total: Segundo ingreso a la carta de rendimiento Último año con método TWR,705.0
2026-09-29T15:28:05-03:00,Rendimiento,Portfolio Total: Segundo ingreso a la carta de rendimiento Último mes con método MWR,505.0
2026-09-29T15:28:05-03:00,Rendimiento,Portfolio Total: Segundo ingreso a la carta de rendimiento Último mes con método TWR,638.0
2026-09-29T15:28:05-03:00,Rendimiento,Portfolio Total: Segundo ingreso a la carta de rendimiento Últimos 3 meses con método MWR,636.0
2026-09-29T15:28:05-03:00,Rendimiento,Portfolio Total: Segundo ingreso a la carta de rendimiento Últimos 3 meses con método TWR,663.0
2026-09-29T15:28:05-03:00,Rendimiento,Primer ingreso al menú Rendimiento,2011.0
2026-09-29T15:28:05-03:00,Rendimiento,Primer ingreso al portfolio Oldelval SA,1924.0
2026-09-29T15:28:05-03:00,Rendimiento,Primer ingreso al portfolio Oldelval SDE,1421.0
2026-09-29T15:28:05-03:00,Rendimiento,Primer ingreso al portfolio Total,2280.0
2026-09-29T15:28:05-03:00,Rendimiento,Segundo ingreso al portfolio Oldelval SA,1014.0
2026-09-29T15:28:05-03:00,Rendimiento,Segundo ingreso al portfolio Oldelval SDE,1202.0
2026-09-29T15:28:05-03:00,Rendimiento,Segundo ingreso al portfolio Total,1030.0
2026-09-30T15:30:02-03:00,Agenda,Primer ingreso al menú Agenda,3534.0
2026-09-30T15:30:02-03:00,Agenda,"Primer ingreso: Tipo de instrumento Bonos, estado: Cobrado",647.0
2026-09-30T15:30:02-03:00,Agenda,"Primer ingreso: Tipo de instrumento Bonos, estado: Cobrado, fecha: 1 mes hacia atras",1133.0
2026-09-30T15:30:02-03:00,Agenda,"Primer ingreso: Tipo de instrumento Bonos, estado: Cobrado, fecha: 3 meses hacia atras",1197.0
2026-09-30T15:30:02-03:00,Agenda,"Primer ingreso: Tipo de instrumento Bonos, estado: Pendiente",1061.0
2026-09-30T15:30:02-03:00,Agenda,"Primer ingreso: Tipo de instrumento Bonos, estado: Pendiente, fecha: 1 mes hacia atras",1214.0
2026-09-30T15:30:02-03:00,Agenda,"Primer ingreso: Tipo de instrumento Operaciones a descuento, estado: Cobrado, Concepto: Cancelación anticipada",786.0
2026-09-30T15:30:02-03:00,Agenda,"Primer ingreso: Tipo de instrumento Operaciones a descuento, estado: Cobrado, Concepto: Cancelación anticipada, fecha: 1 mes hacia atras",1014.0
2026-09-30T15:30:02-03:00,Agenda,"Primer ingreso: Tipo de instrumento Operaciones a descuento, estado: Cobrado, Concepto: Cancelación anticipada, fecha: 3 meses hacia atras",960.0
2026-09-30T15:30:02-03:00,Agenda,"Primer ingreso: Tipo de instrumento Operaciones a descuento, estado: Cobrado, Concepto: Vencimiento",734.0
2026-09-30T15:30:02-03:00,Agenda,"Primer ingreso: Tipo de instrumento Operaciones a descuento, estado: Cobrado, Concepto: Vencimiento, fecha: 1 mes hacia atras",962.0
2026-09-30T15:30:02-03:00,Agenda,"Primer ingreso: Tipo de instrumento Operaciones a descuento, estado: Cobrado, Concepto: Vencimiento, fecha: 3 meses hacia atras",958.0
2026-09-30T15:30:02-03:00,Agenda,"Primer ingreso: Tipo de instrumento Operaciones a descuento, estado: Cobrado, Concepto: Venta",801.0
2026-09-30T15:30:02-03:00,Agenda,"Primer ingreso: Tipo de instrumento Operaciones a descuento, estado: Cobrado, Concepto: Venta, fecha: 1 mes hacia atras",1074.0
2026-09-30T15:30:02-03:00,Agenda,"Primer ingreso: Tipo de instrumento Operaciones a descuento, estado: Cobrado, Concepto: Venta, fecha: 3 meses hacia atras",955.0
2026-09-30T15:30:02-03:00,Agenda,"Primer ingreso: Tipo de instrumento Operaciones a descuento, estado: Pendiente",582.0
2026-09-30T15:30:02-03:00,Agenda,"Primer ingreso: Tipo de instrumento Operaciones a descuento, estado: Pendiente, fecha: 1 mes hacia atras",1118.0
2026-09-30T15:30:02-03:00,Agenda,"Primer ingreso: Tipo de instrumento Operaciones a plazo, estado: Cobrado, Concepto: Cancelación anticipada",835.0
2026-09-30T15:30:02-03:00,Agenda,"Primer ingreso: Tipo de instrumento Operaciones a plazo, estado: Cobrado, Concepto: Cancelación anticipada, fecha: 1 mes hacia atras",959.0
2026-09-30T15:30:02-03:00,Agenda,"Primer ingreso: Tipo de instrumento Operaciones a plazo, estado: Cobrado, Concepto: Cancelación anticipada, fecha: 3 meses hacia atras",976.0
2026-09-30T15:30:02-03:00,Agenda,"Primer ingreso: Tipo de instrumento Operaciones a plazo, estado: Cobrado, Concepto: Vencimiento",776.0
2026-09-30T15:30:02-03:00,Agenda,"Primer ingreso: Tipo de instrumento Operaciones a plazo, estado: Cobrado, Concepto: Vencimiento, fecha: 1 mes hacia atras",959.0
2026-09-30T15:30:02-03:00,Agenda,"Primer ingreso: Tipo de instrumento Operaciones a plazo, estado: Cobrado, Concepto: Vencimiento, fecha: 3 meses hacia atras",936.0
2026-09-30T15:30:02-03:00,Agenda,"Primer ingreso: Tipo de instrumento Operaciones a plazo, estado: Cobrado, Concepto: Venta",742.0
2026-09-30T15:30:02-03:00,Agenda,"Primer ingreso: Tipo de instrumento Operaciones a plazo, estado: Cobrado, Concepto: Venta, fecha: 1 mes hacia atras",961.0
2026-09-30T15:30:02-03:00,Agenda,"Primer ingreso: Tipo de instrumento Operaciones a plazo, estado: Cobrado, Concepto: Venta, fecha: 3 meses hacia atras",971.0
2026-09-30T15:30:02-03:00,Agenda,"Primer ingreso: Tipo de instrumento Operaciones a plazo, estado: Pendiente",599.0
2026-09-30T15:30:02-03:00,Agenda,"Primer ingreso: Tipo de instrumento Operaciones a plazo, estado: Pendiente, fecha: 1 mes hacia atras",1189.0
2026-09-30T15:30:02-03:00,Agenda,Segundo ingreso al menú Agenda,4105.0
2026-09-30T15:30:02-03:00,Agenda,"Segundo ingreso: Tipo de instrumento Bonos, estado: Cobrado",676.0
2026-09-30T15:30:02-03:00,Agenda,"Segundo ingreso: Tipo de instrumento Bonos, estado: Cobrado, fecha: 1 mes hacia atras",1103.0
2026-09-30T15:30:02-03:00,Agenda,"Segundo ingreso: Tipo de instrumento Bonos, estado: Cobrado, fecha: 3 meses hacia atras",1169.0
2026-09-30T15:30:02-03:00,Agenda,"Segundo ingreso: Tipo de instrumento Bonos, estado: Pendiente, fecha: 1 mes hacia atras",1185.0
2026-09-30T15:30:02-03:00,Agenda,"Segundo ingreso: Tipo de instrumento Bonos, estado: pendiente",679.0
2026-09-30T15:30:02-03:00,Agenda,"Segundo ingreso: Tipo de instrumento Operaciones a descuento, estado: Cobrado, Concepto: Cancelación anticipada",797.0
2026-09-30T15:30:02-03:00,Agenda,"Segundo ingreso: Tipo de instrumento Operaciones a descuento, estado: Cobrado, Concepto: Cancelación anticipada, fecha: 1 mes hacia atras",953.0
2026-09-30T15:30:02-03:00,Agenda,"Segundo ingreso: Tipo de instrumento Operaciones a descuento, estado: Cobrado, Concepto: Cancelación anticipada, fecha: 3 meses hacia atras",1021.0
2026-09-30T15:30:02-03:00,Agenda,"Segundo ingreso: Tipo de instrumento Operaciones a descuento, estado: Cobrado, Concepto: Vencimiento",733.0
2026-09-30T15:30:02-03:00,Agenda,"Segundo ingreso: Tipo de instrumento Operaciones a descuento, estado: Cobrado, Concepto: Vencimiento, fecha: 1 mes hacia atras",922.0
2026-09-30T15:30:02-03:00,Agenda,"Segundo ingreso: Tipo de instrumento Operaciones a descuento, estado: Cobrado, Concepto: Vencimiento, fecha: 3 meses hacia atras",961.0
2026-09-30T15:30:02-03:00,Agenda,"Segundo ingreso: Tipo de instrumento Operaciones a descuento, estado: Cobrado, Concepto: Venta",714.0
2026-09-30T15:30:02-03:00,Agenda,"Segundo ingreso: Tipo de instrumento Operaciones a descuento, estado: Cobrado, Concepto: Venta, fecha: 1 mes hacia atras",944.0
2026-09-30T15:30:02-03:00,Agenda,"Segundo ingreso: Tipo de instrumento Operaciones a descuento, estado: Cobrado, Concepto: Venta, fecha: 3 meses hacia atras",933.0
2026-09-30T15:30:02-03:00,Agenda,"Segundo ingreso: Tipo de instrumento Operaciones a descuento, estado: Pendiente, fecha: 1 mes hacia atras",1116.0
2026-09-30T15:30:02-03:00,Agenda,"Segundo ingreso: Tipo de instrumento Operaciones a descuento, estado: pendiente",575.0
2026-09-30T15:30:02-03:00,Agenda,"Segundo ingreso: Tipo de instrumento Operaciones a plazo, estado: Cobrado, Concepto: Cancelación anticipada",822.0
2026-09-30T15:30:02-03:00,Agenda,"Segundo ingreso: Tipo de instrumento Operaciones a plazo, estado: Cobrado, Concepto: Cancelación anticipada, fecha: 1 mes hacia atras",956.0
2026-09-30T15:30:02-03:00,Agenda,"Segundo ingreso: Tipo de instrumento Operaciones a plazo, estado: Cobrado, Concepto: Cancelación anticipada, fecha: 3 meses hacia atras",945.0
2026-09-30T15:30:02-03:00,Agenda,"Segundo ingreso: Tipo de instrumento Operaciones a plazo, estado: Cobrado, Concepto: Vencimiento",758.0
2026-09-30T15:30:02-03:00,Agenda,"Segundo ingreso: Tipo de instrumento Operaciones a plazo, estado: Cobrado, Concepto: Vencimiento, fecha: 1 mes hacia atras",933.0
2026-09-30T15:30:02-03:00,Agenda,"Segundo ingreso: Tipo de instrumento Operaciones a plazo, estado: Cobrado, Concepto: Vencimiento, fecha: 3 meses hacia atras",986.0
2026-09-30T15:30:02-03:00,Agenda,"Segundo ingreso: Tipo de instrumento Operaciones a plazo, estado: Cobrado, Concepto: Venta",732.0
2026-09-30T15:30:02-03:00,Agenda,"Segundo ingreso: Tipo de instrumento Operaciones a plazo, estado: Cobrado, Concepto: Venta, fecha: 1 mes hacia atras",957.0
2026-09-30T15:30:02-03:00,Agenda,"Segundo ingreso: Tipo de instrumento Operaciones a plazo, estado: Cobrado, Concepto: Venta, fecha: 3 meses hacia atras",956.0
2026-09-30T15:30:02-03:00,Agenda,"Segundo ingreso: Tipo de instrumento Operaciones a plazo, estado: Pendiente, fecha: 1 mes hacia atras",1127.0
2026-09-30T15:30:02-03:00,Agenda,"Segundo ingreso: Tipo de instrumento Operaciones a plazo, estado: pendiente",694.0
2026-09-30T15:30:02-03:00,Home,Ingreso a MPC,4808.0
2026-09-30T15:30:02-03:00,Home,Primer ingreso al menú Home,5967.0
2026-09-30T15:30:02-03:00,Home,Primer ingreso al portfolio Oldelval SA desde el Home,10045.0
2026-09-30T15:30:02-03:00,Home,Primer ingreso al portfolio Oldelval SDE desde el Home,7733.0
2026-09-30T15:30:02-03:00,Home,Primer ingreso al portfolio Total Compañia desde el Home,9710.0
2026-09-30T15:30:02-03:00,Home,Segundo ingreso al menú Home,3399.0
2026-09-30T15:30:02-03:00,Home,Segundo ingreso al portfolio Oldelval SA desde el Home,9583.0
2026-09-30T15:30:02-03:00,Home,Segundo ingreso al portfolio Oldelval SDE desde el Home,6689.0
2026-09-30T15:30:02-03:00,Home,Segundo ingreso al portfolio Total Compañia desde el Home,9432.0
2026-09-30T15:30:02-03:00,Mis depositarios,Agrupar por especie todas las cuentas disponibles,1165.0
2026-09-30T15:30:02-03:00,Mis depositarios,Deseleccionar la cuenta Adcap (ADCAP),5685.0
2026-09-30T15:30:02-03:00,Mis depositarios,Deseleccionar la cuenta Allaria (ALLARIA),5373.0
2026-09-30T15:30:02-03:00,Mis depositarios,Deseleccionar la cuenta BBVA (Banco BBVA),5829.0
2026-09-30T15:30:02-03:00,Mis depositarios,Deseleccionar la cuenta Balanz (BALANZ CAPITAL VALORES SA),5970.0
2026-09-30T15:30:02-03:00,Mis depositarios,Deseleccionar la cuenta Banco Comafi (Banco Comafi),5533.0
2026-09-30T15:30:02-03:00,Mis depositarios,Deseleccionar la cuenta Banco Macro (BANCO MACRO),5310.0
2026-09-30T15:30:02-03:00,Mis depositarios,Deseleccionar la cuenta Banco Macro (Banco Maco B),5120.0
2026-09-30T15:30:02-03:00,Mis depositarios,Deseleccionar la cuenta Banco Macro (Banco Macro USD),4959.0
2026-09-30T15:30:02-03:00,Mis depositarios,Deseleccionar la cuenta Banco Nación (Banco Nacion),5330.0
2026-09-30T15:30:02-03:00,Mis depositarios,Deseleccionar la cuenta Banco Patagonia (BANCO PATAGONIA),5433.0
2026-09-30T15:30:02-03:00,Mis depositarios,Deseleccionar la cuenta Banco Patagonia (Banco Patagonia USD),5732.0
2026-09-30T15:30:02-03:00,Mis depositarios,Deseleccionar la cuenta Citi (Banco Citi),6056.0
2026-09-30T15:30:02-03:00,Mis depositarios,Deseleccionar la cuenta Cocos Capital (Cocos Capital SA),4655.0
2026-09-30T15:30:02-03:00,Mis depositarios,Deseleccionar la cuenta Facimex (FACIMEX),5271.0
2026-09-30T15:30:02-03:00,Mis depositarios,Deseleccionar la cuenta Galicia (BANCO GALICIA),6131.0
2026-09-30T15:30:02-03:00,Mis depositarios,Deseleccionar la cuenta Galicia (Galicia SDE),5281.0
2026-09-30T15:30:02-03:00,Mis depositarios,Deseleccionar la cuenta Galicia (Galicia USD),5172.0
2026-09-30T15:30:02-03:00,Mis depositarios,Deseleccionar la cuenta ICBC (BANCO ICBC),5758.0
2026-09-30T15:30:02-03:00,Mis depositarios,Deseleccionar la cuenta ICBC (Banco ICBC (B)),6061.0
2026-09-30T15:30:02-03:00,Mis depositarios,Deseleccionar la cuenta ICBC (Banco ICBC USD),5071.0
2026-09-30T15:30:02-03:00,Mis depositarios,Deseleccionar la cuenta Invertir En Bolsa (INVERTIR EN BOLSA),5521.0
2026-09-30T15:30:02-03:00,Mis depositarios,Deseleccionar la cuenta Macro Securities (MACRO SECURITIES),4986.0
2026-09-30T15:30:02-03:00,Mis depositarios,Deseleccionar la cuenta Max Capital (MAX CAPITAL SA),5233.0
2026-09-30T15:30:02-03:00,Mis depositarios,Deseleccionar la cuenta One618 (ONE 618),5316.0
2026-09-30T15:30:02-03:00,Mis depositarios,Deseleccionar la cuenta Portfolio Personal Inversiones (Prueba),5338.0
2026-09-30T15:30:02-03:00,Mis depositarios,Deseleccionar la cuenta Puente Hermanos (PUENTE HNOS),5533.0
2026-09-30T15:30:02-03:00,Mis depositarios,Deseleccionar la cuenta SBS (SBS),5767.0
2026-09-30T15:30:02-03:00,Mis depositarios,Deseleccionar la cuenta Santander (Banco Santander),5795.0
2026-09-30T15:30:02-03:00,Mis depositarios,Deseleccionar la cuenta Schroders (Schroders USD),5621.0
2026-09-30T15:30:02-03:00,Mis depositarios,Deseleccionar todas las cuentas del depositario Adcap,5001.0
2026-09-30T15:30:02-03:00,Mis depositarios,Deseleccionar todas las cuentas del depositario Allaria,5116.0
2026-09-30T15:30:02-03:00,Mis depositarios,Deseleccionar todas las cuentas del depositario BBVA,4547.0
2026-09-30T15:30:02-03:00,Mis depositarios,Deseleccionar todas las cuentas del depositario Balanz,4908.0
2026-09-30T15:30:02-03:00,Mis depositarios,Deseleccionar todas las cuentas del depositario Banco Comafi,5662.0
2026-09-30T15:30:02-03:00,Mis depositarios,Deseleccionar todas las cuentas del depositario Banco Macro,5464.0
2026-09-30T15:30:02-03:00,Mis depositarios,Deseleccionar todas las cuentas del depositario Banco Nación,5944.0
2026-09-30T15:30:02-03:00,Mis depositarios,Deseleccionar todas las cuentas del depositario Banco Patagonia,5246.0
2026-09-30T15:30:02-03:00,Mis depositarios,Deseleccionar todas las cuentas del depositario Citi,5242.0
2026-09-30T15:30:02-03:00,Mis depositarios,Deseleccionar todas las cuentas del depositario Cocos Capital,5627.0
2026-09-30T15:30:02-03:00,Mis depositarios,Deseleccionar todas las cuentas del depositario Facimex,5387.0
2026-09-30T15:30:02-03:00,Mis depositarios,Deseleccionar todas las cuentas del depositario Galicia,4431.0
2026-09-30T15:30:02-03:00,Mis depositarios,Deseleccionar todas las cuentas del depositario ICBC,5164.0
2026-09-30T15:30:02-03:00,Mis depositarios,Deseleccionar todas las cuentas del depositario Invertir En Bolsa,5141.0
2026-09-30T15:30:02-03:00,Mis depositarios,Deseleccionar todas las cuentas del depositario Macro Securities,5134.0
2026-09-30T15:30:02-03:00,Mis depositarios,Deseleccionar todas las cuentas del depositario Max Capital,5867.0
2026-09-30T15:30:02-03:00,Mis depositarios,Deseleccionar todas las cuentas del depositario One618,5467.0
2026-09-30T15:30:02-03:00,Mis depositarios,Deseleccionar todas las cuentas del depositario Portfolio Personal Inversiones,5131.0
2026-09-30T15:30:02-03:00,Mis depositarios,Deseleccionar todas las cuentas del depositario Puente Hermanos,5315.0
2026-09-30T15:30:02-03:00,Mis depositarios,Deseleccionar todas las cuentas del depositario SBS,5967.0
2026-09-30T15:30:02-03:00,Mis depositarios,Deseleccionar todas las cuentas del depositario Santander,4826.0
2026-09-30T15:30:02-03:00,Mis depositarios,Deseleccionar todas las cuentas del depositario Schroders,5257.0
2026-09-30T15:30:02-03:00,Mis depositarios,Deseleccionar todas las cuentas disponibles,4595.0
2026-09-30T15:30:02-03:00,Mis depositarios,Primer ingreso al menú Mis depositarios,3335.0
2026-09-30T15:30:02-03:00,Mis depositarios,Seleccionar la cuenta Adcap (ADCAP),5638.0
2026-09-30T15:30:02-03:00,Mis depositarios,Seleccionar la cuenta Allaria (ALLARIA),5197.0
2026-09-30T15:30:02-03:00,Mis depositarios,Seleccionar la cuenta BBVA (Banco BBVA),5396.0
2026-09-30T15:30:02-03:00,Mis depositarios,Seleccionar la cuenta Balanz (BALANZ CAPITAL VALORES SA),4863.0
2026-09-30T15:30:02-03:00,Mis depositarios,Seleccionar la cuenta Banco Comafi (Banco Comafi),4959.0
2026-09-30T15:30:02-03:00,Mis depositarios,Seleccionar la cuenta Banco Macro (BANCO MACRO),5737.0
2026-09-30T15:30:02-03:00,Mis depositarios,Seleccionar la cuenta Banco Macro (Banco Maco B),4938.0
2026-09-30T15:30:02-03:00,Mis depositarios,Seleccionar la cuenta Banco Macro (Banco Macro USD),5237.0
2026-09-30T15:30:02-03:00,Mis depositarios,Seleccionar la cuenta Banco Nación (Banco Nacion),5458.0
2026-09-30T15:30:02-03:00,Mis depositarios,Seleccionar la cuenta Banco Patagonia (BANCO PATAGONIA),4907.0
2026-09-30T15:30:02-03:00,Mis depositarios,Seleccionar la cuenta Banco Patagonia (Banco Patagonia USD),5481.0
2026-09-30T15:30:02-03:00,Mis depositarios,Seleccionar la cuenta Citi (Banco Citi),5626.0
2026-09-30T15:30:02-03:00,Mis depositarios,Seleccionar la cuenta Cocos Capital (Cocos Capital SA),5354.0
2026-09-30T15:30:02-03:00,Mis depositarios,Seleccionar la cuenta Facimex (FACIMEX),5949.0
2026-09-30T15:30:02-03:00,Mis depositarios,Seleccionar la cuenta Galicia (BANCO GALICIA),5387.0
2026-09-30T15:30:02-03:00,Mis depositarios,Seleccionar la cuenta Galicia (Galicia SDE),5589.0
2026-09-30T15:30:02-03:00,Mis depositarios,Seleccionar la cuenta Galicia (Galicia USD),5095.0
2026-09-30T15:30:02-03:00,Mis depositarios,Seleccionar la cuenta ICBC (BANCO ICBC),5767.0
2026-09-30T15:30:02-03:00,Mis depositarios,Seleccionar la cuenta ICBC (Banco ICBC (B)),5678.0
2026-09-30T15:30:02-03:00,Mis depositarios,Seleccionar la cuenta ICBC (Banco ICBC USD),5217.0
2026-09-30T15:30:02-03:00,Mis depositarios,Seleccionar la cuenta Invertir En Bolsa (INVERTIR EN BOLSA),6069.0
2026-09-30T15:30:02-03:00,Mis depositarios,Seleccionar la cuenta Macro Securities (MACRO SECURITIES),5443.0
2026-09-30T15:30:02-03:00,Mis depositarios,Seleccionar la cuenta Max Capital (MAX CAPITAL SA),5895.0
2026-09-30T15:30:02-03:00,Mis depositarios,Seleccionar la cuenta One618 (ONE 618),5243.0
2026-09-30T15:30:02-03:00,Mis depositarios,Seleccionar la cuenta Portfolio Personal Inversiones (Prueba),5311.0
2026-09-30T15:30:02-03:00,Mis depositarios,Seleccionar la cuenta Puente Hermanos (PUENTE HNOS),5999.0
2026-09-30T15:30:02-03:00,Mis depositarios,Seleccionar la cuenta SBS (SBS),4817.0
2026-09-30T15:30:02-03:00,Mis depositarios,Seleccionar la cuenta Santander (Banco Santander),5294.0
2026-09-30T15:30:02-03:00,Mis depositarios,Seleccionar la cuenta Schroders (Schroders USD),5292.0
2026-09-30T15:30:02-03:00,Mis depositarios,Seleccionar todas las cuentas del depositario Adcap,5339.0
2026-09-30T15:30:02-03:00,Mis depositarios,Seleccionar todas las cuentas del depositario Allaria,5410.0
2026-09-30T15:30:02-03:00,Mis depositarios,Seleccionar todas las cuentas del depositario BBVA,5457.0
2026-09-30T15:30:02-03:00,Mis depositarios,Seleccionar todas las cuentas del depositario Balanz,4674.0
2026-09-30T15:30:02-03:00,Mis depositarios,Seleccionar todas las cuentas del depositario Banco Comafi,5504.0
2026-09-30T15:30:02-03:00,Mis depositarios,Seleccionar todas las cuentas del depositario Banco Macro,5666.0
2026-09-30T15:30:02-03:00,Mis depositarios,Seleccionar todas las cuentas del depositario Banco Nación,5048.0
2026-09-30T15:30:02-03:00,Mis depositarios,Seleccionar todas las cuentas del depositario Banco Patagonia,5571.0
2026-09-30T15:30:02-03:00,Mis depositarios,Seleccionar todas las cuentas del depositario Citi,5058.0
2026-09-30T15:30:02-03:00,Mis depositarios,Seleccionar todas las cuentas del depositario Cocos Capital,5303.0
2026-09-30T15:30:02-03:00,Mis depositarios,Seleccionar todas las cuentas del depositario Facimex,5070.0
2026-09-30T15:30:02-03:00,Mis depositarios,Seleccionar todas las cuentas del depositario Galicia,5235.0
2026-09-30T15:30:02-03:00,Mis depositarios,Seleccionar todas las cuentas del depositario ICBC,4870.0
2026-09-30T15:30:02-03:00,Mis depositarios,Seleccionar todas las cuentas del depositario Invertir En Bolsa,4989.0
2026-09-30T15:30:02-03:00,Mis depositarios,Seleccionar todas las cuentas del depositario Macro Securities,4911.0
2026-09-30T15:30:02-03:00,Mis depositarios,Seleccionar todas las cuentas del depositario Max Capital,5201.0
2026-09-30T15:30:02-03:00,Mis depositarios,Seleccionar todas las cuentas del depositario One618,5321.0
2026-09-30T15:30:02-03:00,Mis depositarios,Seleccionar todas las cuentas del depositario Portfolio Personal Inversiones,5201.0
2026-09-30T15:30:02-03:00,Mis depositarios,Seleccionar todas las cuentas del depositario Puente Hermanos,5356.0
2026-09-30T15:30:02-03:00,Mis depositarios,Seleccionar todas las cuentas del depositario SBS,5820.0
2026-09-30T15:30:02-03:00,Mis depositarios,Seleccionar todas las cuentas del depositario Santander,5325.0
2026-09-30T15:30:02-03:00,Mis depositarios,Seleccionar todas las cuentas del depositario Schroders,5363.0
2026-09-30T15:30:02-03:00,Mis depositarios,Seleccionar todas las cuentas disponibles,5499.0
2026-09-30T15:30:02-03:00,Mis operaciones,Primer ingreso al depositario Adcap,728.0
2026-09-30T15:30:02-03:00,Mis operaciones,Primer ingreso al menú Mis operaciones,4224.0
2026-09-30T15:30:02-03:00,Mis operaciones,Primer ingreso: Depositario Adcap filtro de 1 mes de operaciones,801.0
2026-09-30T15:30:02-03:00,Mis operaciones,Primer ingreso: Filtro de 1 mes de operaciones,3505.0
2026-09-30T15:30:02-03:00,Mis operaciones,Segundo ingreso al depositario Adcap,585.0
2026-09-30T15:30:02-03:00,Mis operaciones,Segundo ingreso al menú Mis operaciones,2870.0
2026-09-30T15:30:02-03:00,Mis operaciones,Segundo ingreso: Depositario Adcap filtro de 1 mes de operaciones,779.0
2026-09-30T15:30:02-03:00,Mis operaciones,Segundo ingreso: Filtro de 1 mes de operaciones,4073.0
2026-09-30T15:30:02-03:00,Mis portfolios,Primer ingreso al menú Mis portfolios,5022.0
2026-09-30T15:30:02-03:00,Mis portfolios,Primer ingreso al portfolio Oldelval SA desde Mis portfolios,7985.0
2026-09-30T15:30:02-03:00,Mis portfolios,Primer ingreso al portfolio Oldelval SDE desde Mis portfolios,6029.0
2026-09-30T15:30:02-03:00,Mis portfolios,Primer ingreso al portfolio Total Compañia desde Mis portfolios,8941.0
2026-09-30T15:30:02-03:00,Mis portfolios,Segundo ingreso al menú Mis portfolios,1724.0
2026-09-30T15:30:02-03:00,Mis portfolios,Segundo ingreso al portfolio Oldelval SA desde Mis portfolios,7424.0
2026-09-30T15:30:02-03:00,Mis portfolios,Segundo ingreso al portfolio Oldelval SDE desde Mis portfolios,5086.0
2026-09-30T15:30:02-03:00,Mis portfolios,Segundo ingreso al portfolio Total Compañia desde Mis portfolios,8588.0
2026-09-30T15:30:02-03:00,Rendimiento,Cambio de método de rentabilidad a TWR,1886.0
2026-09-30T15:30:02-03:00,Rendimiento,Portfolio Oldelval SA: Primer ingreso a la carta de rendimiento Desde el inicio con método MWR,645.0
2026-09-30T15:30:02-03:00,Rendimiento,Portfolio Oldelval SA: Primer ingreso a la carta de rendimiento Desde el inicio con método TWR,608.0
2026-09-30T15:30:02-03:00,Rendimiento,Portfolio Oldelval SA: Primer ingreso a la carta de rendimiento Desde principio de año con método MWR,665.0
2026-09-30T15:30:02-03:00,Rendimiento,Portfolio Oldelval SA: Primer ingreso a la carta de rendimiento Desde principio de año con método TWR,639.0
2026-09-30T15:30:02-03:00,Rendimiento,Portfolio Oldelval SA: Primer ingreso a la carta de rendimiento Desde principio de mes con método MWR,489.0
2026-09-30T15:30:02-03:00,Rendimiento,Portfolio Oldelval SA: Primer ingreso a la carta de rendimiento Desde principio de mes con método TWR,467.0
2026-09-30T15:30:02-03:00,Rendimiento,Portfolio Oldelval SA: Primer ingreso a la carta de rendimiento Última semana con método MWR,448.0
2026-09-30T15:30:02-03:00,Rendimiento,Portfolio Oldelval SA: Primer ingreso a la carta de rendimiento Última semana con método TWR,416.0
2026-09-30T15:30:02-03:00,Rendimiento,Portfolio Oldelval SA: Primer ingreso a la carta de rendimiento Último año con método MWR,647.0
2026-09-30T15:30:02-03:00,Rendimiento,Portfolio Oldelval SA: Primer ingreso a la carta de rendimiento Último año con método TWR,612.0
2026-09-30T15:30:02-03:00,Rendimiento,Portfolio Oldelval SA: Primer ingreso a la carta de rendimiento Último mes con método MWR,568.0
2026-09-30T15:30:02-03:00,Rendimiento,Portfolio Oldelval SA: Primer ingreso a la carta de rendimiento Último mes con método TWR,447.0
2026-09-30T15:30:02-03:00,Rendimiento,Portfolio Oldelval SA: Primer ingreso a la carta de rendimiento Últimos 3 meses con método MWR,719.0
2026-09-30T15:30:02-03:00,Rendimiento,Portfolio Oldelval SA: Primer ingreso a la carta de rendimiento Últimos 3 meses con método TWR,563.0
2026-09-30T15:30:02-03:00,Rendimiento,Portfolio Oldelval SA: Segundo ingreso a la carta de rendimiento Desde el inicio con método MWR,577.0
2026-09-30T15:30:02-03:00,Rendimiento,Portfolio Oldelval SA: Segundo ingreso a la carta de rendimiento Desde el inicio con método TWR,614.0
2026-09-30T15:30:02-03:00,Rendimiento,Portfolio Oldelval SA: Segundo ingreso a la carta de rendimiento Desde principio de año con método MWR,611.0
2026-09-30T15:30:02-03:00,Rendimiento,Portfolio Oldelval SA: Segundo ingreso a la carta de rendimiento Desde principio de año con método TWR,558.0
2026-09-30T15:30:02-03:00,Rendimiento,Portfolio Oldelval SA: Segundo ingreso a la carta de rendimiento Desde principio de mes con método MWR,502.0
2026-09-30T15:30:02-03:00,Rendimiento,Portfolio Oldelval SA: Segundo ingreso a la carta de rendimiento Desde principio de mes con método TWR,534.0
2026-09-30T15:30:02-03:00,Rendimiento,Portfolio Oldelval SA: Segundo ingreso a la carta de rendimiento Última semana con método MWR,412.0
2026-09-30T15:30:02-03:00,Rendimiento,Portfolio Oldelval SA: Segundo ingreso a la carta de rendimiento Última semana con método TWR,453.0
2026-09-30T15:30:02-03:00,Rendimiento,Portfolio Oldelval SA: Segundo ingreso a la carta de rendimiento Último año con método MWR,624.0
2026-09-30T15:30:02-03:00,Rendimiento,Portfolio Oldelval SA: Segundo ingreso a la carta de rendimiento Último año con método TWR,699.0
2026-09-30T15:30:02-03:00,Rendimiento,Portfolio Oldelval SA: Segundo ingreso a la carta de rendimiento Último mes con método MWR,582.0
2026-09-30T15:30:02-03:00,Rendimiento,Portfolio Oldelval SA: Segundo ingreso a la carta de rendimiento Último mes con método TWR,491.0
2026-09-30T15:30:02-03:00,Rendimiento,Portfolio Oldelval SA: Segundo ingreso a la carta de rendimiento Últimos 3 meses con método MWR,671.0
2026-09-30T15:30:02-03:00,Rendimiento,Portfolio Oldelval SA: Segundo ingreso a la carta de rendimiento Últimos 3 meses con método TWR,600.0
2026-09-30T15:30:02-03:00,Rendimiento,Portfolio Oldelval SDE: Primer ingreso a la carta de rendimiento Desde el inicio con método MWR,572.0
2026-09-30T15:30:02-03:00,Rendimiento,Portfolio Oldelval SDE: Primer ingreso a la carta de rendimiento Desde el inicio con método TWR,650.0
2026-09-30T15:30:02-03:00,Rendimiento,Portfolio Oldelval SDE: Primer ingreso a la carta de rendimiento Desde principio de año con método MWR,678.0
2026-09-30T15:30:02-03:00,Rendimiento,Portfolio Oldelval SDE: Primer ingreso a la carta de rendimiento Desde principio de año con método TWR,628.0
2026-09-30T15:30:02-03:00,Rendimiento,Portfolio Oldelval SDE: Primer ingreso a la carta de rendimiento Desde principio de mes con método MWR,464.0
2026-09-30T15:30:02-03:00,Rendimiento,Portfolio Oldelval SDE: Primer ingreso a la carta de rendimiento Desde principio de mes con método TWR,455.0
2026-09-30T15:30:02-03:00,Rendimiento,Portfolio Oldelval SDE: Primer ingreso a la carta de rendimiento Última semana con método MWR,405.0
2026-09-30T15:30:02-03:00,Rendimiento,Portfolio Oldelval SDE: Primer ingreso a la carta de rendimiento Última semana con método TWR,424.0
2026-09-30T15:30:02-03:00,Rendimiento,Portfolio Oldelval SDE: Primer ingreso a la carta de rendimiento Último año con método MWR,572.0
2026-09-30T15:30:02-03:00,Rendimiento,Portfolio Oldelval SDE: Primer ingreso a la carta de rendimiento Último año con método TWR,608.0
2026-09-30T15:30:02-03:00,Rendimiento,Portfolio Oldelval SDE: Primer ingreso a la carta de rendimiento Último mes con método MWR,535.0
2026-09-30T15:30:02-03:00,Rendimiento,Portfolio Oldelval SDE: Primer ingreso a la carta de rendimiento Último mes con método TWR,464.0
2026-09-30T15:30:02-03:00,Rendimiento,Portfolio Oldelval SDE: Primer ingreso a la carta de rendimiento Últimos 3 meses con método MWR,575.0
2026-09-30T15:30:02-03:00,Rendimiento,Portfolio Oldelval SDE: Primer ingreso a la carta de rendimiento Últimos 3 meses con método TWR,608.0
2026-09-30T15:30:02-03:00,Rendimiento,Portfolio Oldelval SDE: Segundo ingreso a la carta de rendimiento Desde el inicio con método MWR,536.0
2026-09-30T15:30:02-03:00,Rendimiento,Portfolio Oldelval SDE: Segundo ingreso a la carta de rendimiento Desde el inicio con método TWR,612.0
2026-09-30T15:30:02-03:00,Rendimiento,Portfolio Oldelval SDE: Segundo ingreso a la carta de rendimiento Desde principio de año con método MWR,603.0
2026-09-30T15:30:02-03:00,Rendimiento,Portfolio Oldelval SDE: Segundo ingreso a la carta de rendimiento Desde principio de año con método TWR,522.0
2026-09-30T15:30:02-03:00,Rendimiento,Portfolio Oldelval SDE: Segundo ingreso a la carta de rendimiento Desde principio de mes con método MWR,490.0
2026-09-30T15:30:02-03:00,Rendimiento,Portfolio Oldelval SDE: Segundo ingreso a la carta de rendimiento Desde principio de mes con método TWR,462.0
2026-09-30T15:30:02-03:00,Rendimiento,Portfolio Oldelval SDE: Segundo ingreso a la carta de rendimiento Última semana con método MWR,424.0
2026-09-30T15:30:02-03:00,Rendimiento,Portfolio Oldelval SDE: Segundo ingreso a la carta de rendimiento Última semana con método TWR,443.0
2026-09-30T15:30:02-03:00,Rendimiento,Portfolio Oldelval SDE: Segundo ingreso a la carta de rendimiento Último año con método MWR,595.0
2026-09-30T15:30:02-03:00,Rendimiento,Portfolio Oldelval SDE: Segundo ingreso a la carta de rendimiento Último año con método TWR,627.0
2026-09-30T15:30:02-03:00,Rendimiento,Portfolio Oldelval SDE: Segundo ingreso a la carta de rendimiento Último mes con método MWR,525.0
2026-09-30T15:30:02-03:00,Rendimiento,Portfolio Oldelval SDE: Segundo ingreso a la carta de rendimiento Último mes con método TWR,534.0
2026-09-30T15:30:02-03:00,Rendimiento,Portfolio Oldelval SDE: Segundo ingreso a la carta de rendimiento Últimos 3 meses con método MWR,598.0
2026-09-30T15:30:02-03:00,Rendimiento,Portfolio Oldelval SDE: Segundo ingreso a la carta de rendimiento Últimos 3 meses con método TWR,518.0
2026-09-30T15:30:02-03:00,Rendimiento,Portfolio Total: Primer ingreso a la carta de rendimiento Desde el inicio con método MWR,657.0
2026-09-30T15:30:02-03:00,Rendimiento,Portfolio Total: Primer ingreso a la carta de rendimiento Desde el inicio con método TWR,628.0
2026-09-30T15:30:02-03:00,Rendimiento,Portfolio Total: Primer ingreso a la carta de rendimiento Desde principio de año con método MWR,591.0
2026-09-30T15:30:02-03:00,Rendimiento,Portfolio Total: Primer ingreso a la carta de rendimiento Desde principio de año con método TWR,634.0
2026-09-30T15:30:02-03:00,Rendimiento,Portfolio Total: Primer ingreso a la carta de rendimiento Desde principio de mes con método MWR,581.0
2026-09-30T15:30:02-03:00,Rendimiento,Portfolio Total: Primer ingreso a la carta de rendimiento Desde principio de mes con método TWR,550.0
2026-09-30T15:30:02-03:00,Rendimiento,Portfolio Total: Primer ingreso a la carta de rendimiento Última semana con método MWR,413.0
2026-09-30T15:30:02-03:00,Rendimiento,Portfolio Total: Primer ingreso a la carta de rendimiento Última semana con método TWR,414.0
2026-09-30T15:30:02-03:00,Rendimiento,Portfolio Total: Primer ingreso a la carta de rendimiento Último año con método MWR,712.0
2026-09-30T15:30:02-03:00,Rendimiento,Portfolio Total: Primer ingreso a la carta de rendimiento Último año con método TWR,622.0
2026-09-30T15:30:02-03:00,Rendimiento,Portfolio Total: Primer ingreso a la carta de rendimiento Último mes con método MWR,514.0
2026-09-30T15:30:02-03:00,Rendimiento,Portfolio Total: Primer ingreso a la carta de rendimiento Último mes con método TWR,566.0
2026-09-30T15:30:02-03:00,Rendimiento,Portfolio Total: Primer ingreso a la carta de rendimiento Últimos 3 meses con método MWR,640.0
2026-09-30T15:30:02-03:00,Rendimiento,Portfolio Total: Primer ingreso a la carta de rendimiento Últimos 3 meses con método TWR,623.0
2026-09-30T15:30:02-03:00,Rendimiento,Portfolio Total: Segundo ingreso a la carta de rendimiento Desde el inicio con método MWR,628.0
2026-09-30T15:30:02-03:00,Rendimiento,Portfolio Total: Segundo ingreso a la carta de rendimiento Desde el inicio con método TWR,593.0
2026-09-30T15:30:02-03:00,Rendimiento,Portfolio Total: Segundo ingreso a la carta de rendimiento Desde principio de año con método MWR,607.0
2026-09-30T15:30:02-03:00,Rendimiento,Portfolio Total: Segundo ingreso a la carta de rendimiento Desde principio de año con método TWR,673.0
2026-09-30T15:30:02-03:00,Rendimiento,Portfolio Total: Segundo ingreso a la carta de rendimiento Desde principio de mes con método MWR,510.0
2026-09-30T15:30:02-03:00,Rendimiento,Portfolio Total: Segundo ingreso a la carta de rendimiento Desde principio de mes con método TWR,517.0
2026-09-30T15:30:02-03:00,Rendimiento,Portfolio Total: Segundo ingreso a la carta de rendimiento Última semana con método MWR,438.0
2026-09-30T15:30:02-03:00,Rendimiento,Portfolio Total: Segundo ingreso a la carta de rendimiento Última semana con método TWR,464.0
2026-09-30T15:30:02-03:00,Rendimiento,Portfolio Total: Segundo ingreso a la carta de rendimiento Último año con método MWR,654.0
2026-09-30T15:30:02-03:00,Rendimiento,Portfolio Total: Segundo ingreso a la carta de rendimiento Último año con método TWR,687.0
2026-09-30T15:30:02-03:00,Rendimiento,Portfolio Total: Segundo ingreso a la carta de rendimiento Último mes con método MWR,519.0
2026-09-30T15:30:02-03:00,Rendimiento,Portfolio Total: Segundo ingreso a la carta de rendimiento Último mes con método TWR,542.0
2026-09-30T15:30:02-03:00,Rendimiento,Portfolio Total: Segundo ingreso a la carta de rendimiento Últimos 3 meses con método MWR,634.0
2026-09-30T15:30:02-03:00,Rendimiento,Portfolio Total: Segundo ingreso a la carta de rendimiento Últimos 3 meses con método TWR,643.0
2026-09-30T15:30:02-03:00,Rendimiento,Primer ingreso al menú Rendimiento,3507.0
2026-09-30T15:30:02-03:00,Rendimiento,Primer ingreso al portfolio Oldelval SA,2044.0
2026-09-30T15:30:02-03:00,Rendimiento,Primer ingreso al portfolio Oldelval SDE,1466.0
2026-09-30T15:30:02-03:00,Rendimiento,Primer ingreso al portfolio Total,2338.0
2026-09-30T15:30:02-03:00,Rendimiento,Segundo ingreso al portfolio Oldelval SA,1106.0
2026-09-30T15:30:02-03:00,Rendimiento,Segundo ingreso al portfolio Oldelval SDE,1043.0
2026-09-30T15:30:02-03:00,Rendimiento,Segundo ingreso al portfolio Total,1078.0
2026-10-01T15:29:56-03:00,Agenda,Primer ingreso al menú Agenda,4045.0
2026-10-01T15:29:56-03:00,Agenda,"Primer ingreso: Tipo de instrumento Bonos, estado: Cobrado",630.0
2026-10-01T15:29:56-03:00,Agenda,"Primer ingreso: Tipo de instrumento Bonos, estado: Cobrado, fecha: 1 mes hacia atras",1100.0
2026-10-01T15:29:56-03:00,Agenda,"Primer ingreso: Tipo de instrumento Bonos, estado: Cobrado, fecha: 3 meses hacia atras",1147.0
2026-10-01T15:29:56-03:00,Agenda,"Primer ingreso: Tipo de instrumento Bonos, estado: Pendiente",893.0
2026-10-01T15:29:56-03:00,Agenda,"Primer ingreso: Tipo de instrumento Bonos, estado: Pendiente, fecha: 1 mes hacia atras",1234.0
2026-10-01T15:29:56-03:00,Agenda,"Primer ingreso: Tipo de instrumento Operaciones a descuento, estado: Cobrado, Concepto: Cancelación anticipada",817.0
2026-10-01T15:29:56-03:00,Agenda,"Primer ingreso: Tipo de instrumento Operaciones a descuento, estado: Cobrado, Concepto: Cancelación anticipada, fecha: 1 mes hacia atras",955.0
2026-10-01T15:29:56-03:00,Agenda,"Primer ingreso: Tipo de instrumento Operaciones a descuento, estado: Cobrado, Concepto: Cancelación anticipada, fecha: 3 meses hacia atras",932.0
2026-10-01T15:29:56-03:00,Agenda,"Primer ingreso: Tipo de instrumento Operaciones a descuento, estado: Cobrado, Concepto: Vencimiento",755.0
2026-10-01T15:29:56-03:00,Agenda,"Primer ingreso: Tipo de instrumento Operaciones a descuento, estado: Cobrado, Concepto: Vencimiento, fecha: 1 mes hacia atras",1066.0
2026-10-01T15:29:56-03:00,Agenda,"Primer ingreso: Tipo de instrumento Operaciones a descuento, estado: Cobrado, Concepto: Vencimiento, fecha: 3 meses hacia atras",993.0
2026-10-01T15:29:56-03:00,Agenda,"Primer ingreso: Tipo de instrumento Operaciones a descuento, estado: Cobrado, Concepto: Venta",757.0
2026-10-01T15:29:56-03:00,Agenda,"Primer ingreso: Tipo de instrumento Operaciones a descuento, estado: Cobrado, Concepto: Venta, fecha: 1 mes hacia atras",956.0
2026-10-01T15:29:56-03:00,Agenda,"Primer ingreso: Tipo de instrumento Operaciones a descuento, estado: Cobrado, Concepto: Venta, fecha: 3 meses hacia atras",947.0
2026-10-01T15:29:56-03:00,Agenda,"Primer ingreso: Tipo de instrumento Operaciones a descuento, estado: Pendiente",625.0
2026-10-01T15:29:56-03:00,Agenda,"Primer ingreso: Tipo de instrumento Operaciones a descuento, estado: Pendiente, fecha: 1 mes hacia atras",1146.0
2026-10-01T15:29:56-03:00,Agenda,"Primer ingreso: Tipo de instrumento Operaciones a plazo, estado: Cobrado, Concepto: Cancelación anticipada",828.0
2026-10-01T15:29:56-03:00,Agenda,"Primer ingreso: Tipo de instrumento Operaciones a plazo, estado: Cobrado, Concepto: Cancelación anticipada, fecha: 1 mes hacia atras",993.0
2026-10-01T15:29:56-03:00,Agenda,"Primer ingreso: Tipo de instrumento Operaciones a plazo, estado: Cobrado, Concepto: Cancelación anticipada, fecha: 3 meses hacia atras",973.0
2026-10-01T15:29:56-03:00,Agenda,"Primer ingreso: Tipo de instrumento Operaciones a plazo, estado: Cobrado, Concepto: Vencimiento",742.0
2026-10-01T15:29:56-03:00,Agenda,"Primer ingreso: Tipo de instrumento Operaciones a plazo, estado: Cobrado, Concepto: Vencimiento, fecha: 1 mes hacia atras",912.0
2026-10-01T15:29:56-03:00,Agenda,"Primer ingreso: Tipo de instrumento Operaciones a plazo, estado: Cobrado, Concepto: Vencimiento, fecha: 3 meses hacia atras",933.0
2026-10-01T15:29:56-03:00,Agenda,"Primer ingreso: Tipo de instrumento Operaciones a plazo, estado: Cobrado, Concepto: Venta",740.0
2026-10-01T15:29:56-03:00,Agenda,"Primer ingreso: Tipo de instrumento Operaciones a plazo, estado: Cobrado, Concepto: Venta, fecha: 1 mes hacia atras",933.0
2026-10-01T15:29:56-03:00,Agenda,"Primer ingreso: Tipo de instrumento Operaciones a plazo, estado: Cobrado, Concepto: Venta, fecha: 3 meses hacia atras",966.0
2026-10-01T15:29:56-03:00,Agenda,"Primer ingreso: Tipo de instrumento Operaciones a plazo, estado: Pendiente",623.0
2026-10-01T15:29:56-03:00,Agenda,"Primer ingreso: Tipo de instrumento Operaciones a plazo, estado: Pendiente, fecha: 1 mes hacia atras",1141.0
2026-10-01T15:29:56-03:00,Agenda,Segundo ingreso al menú Agenda,3165.0
2026-10-01T15:29:56-03:00,Agenda,"Segundo ingreso: Tipo de instrumento Bonos, estado: Cobrado",652.0
2026-10-01T15:29:56-03:00,Agenda,"Segundo ingreso: Tipo de instrumento Bonos, estado: Cobrado, fecha: 1 mes hacia atras",1112.0
2026-10-01T15:29:56-03:00,Agenda,"Segundo ingreso: Tipo de instrumento Bonos, estado: Cobrado, fecha: 3 meses hacia atras",1163.0
2026-10-01T15:29:56-03:00,Agenda,"Segundo ingreso: Tipo de instrumento Bonos, estado: Pendiente, fecha: 1 mes hacia atras",1230.0
2026-10-01T15:29:56-03:00,Agenda,"Segundo ingreso: Tipo de instrumento Bonos, estado: pendiente",813.0
2026-10-01T15:29:56-03:00,Agenda,"Segundo ingreso: Tipo de instrumento Operaciones a descuento, estado: Cobrado, Concepto: Cancelación anticipada",800.0
2026-10-01T15:29:56-03:00,Agenda,"Segundo ingreso: Tipo de instrumento Operaciones a descuento, estado: Cobrado, Concepto: Cancelación anticipada, fecha: 1 mes hacia atras",906.0
2026-10-01T15:29:56-03:00,Agenda,"Segundo ingreso: Tipo de instrumento Operaciones a descuento, estado: Cobrado, Concepto: Cancelación anticipada, fecha: 3 meses hacia atras",931.0
2026-10-01T15:29:56-03:00,Agenda,"Segundo ingreso: Tipo de instrumento Operaciones a descuento, estado: Cobrado, Concepto: Vencimiento",716.0
2026-10-01T15:29:56-03:00,Agenda,"Segundo ingreso: Tipo de instrumento Operaciones a descuento, estado: Cobrado, Concepto: Vencimiento, fecha: 1 mes hacia atras",979.0
2026-10-01T15:29:56-03:00,Agenda,"Segundo ingreso: Tipo de instrumento Operaciones a descuento, estado: Cobrado, Concepto: Vencimiento, fecha: 3 meses hacia atras",995.0
2026-10-01T15:29:56-03:00,Agenda,"Segundo ingreso: Tipo de instrumento Operaciones a descuento, estado: Cobrado, Concepto: Venta",733.0
2026-10-01T15:29:56-03:00,Agenda,"Segundo ingreso: Tipo de instrumento Operaciones a descuento, estado: Cobrado, Concepto: Venta, fecha: 1 mes hacia atras",938.0
2026-10-01T15:29:56-03:00,Agenda,"Segundo ingreso: Tipo de instrumento Operaciones a descuento, estado: Cobrado, Concepto: Venta, fecha: 3 meses hacia atras",944.0
2026-10-01T15:29:56-03:00,Agenda,"Segundo ingreso: Tipo de instrumento Operaciones a descuento, estado: Pendiente, fecha: 1 mes hacia atras",1140.0
2026-10-01T15:29:56-03:00,Agenda,"Segundo ingreso: Tipo de instrumento Operaciones a descuento, estado: pendiente",552.0
2026-10-01T15:29:56-03:00,Agenda,"Segundo ingreso: Tipo de instrumento Operaciones a plazo, estado: Cobrado, Concepto: Cancelación anticipada",805.0
2026-10-01T15:29:56-03:00,Agenda,"Segundo ingreso: Tipo de instrumento Operaciones a plazo, estado: Cobrado, Concepto: Cancelación anticipada, fecha: 1 mes hacia atras",945.0
2026-10-01T15:29:56-03:00,Agenda,"Segundo ingreso: Tipo de instrumento Operaciones a plazo, estado: Cobrado, Concepto: Cancelación anticipada, fecha: 3 meses hacia atras",992.0
2026-10-01T15:29:56-03:00,Agenda,"Segundo ingreso: Tipo de instrumento Operaciones a plazo, estado: Cobrado, Concepto: Vencimiento",731.0
2026-10-01T15:29:56-03:00,Agenda,"Segundo ingreso: Tipo de instrumento Operaciones a plazo, estado: Cobrado, Concepto: Vencimiento, fecha: 1 mes hacia atras",990.0
2026-10-01T15:29:56-03:00,Agenda,"Segundo ingreso: Tipo de instrumento Operaciones a plazo, estado: Cobrado, Concepto: Vencimiento, fecha: 3 meses hacia atras",920.0
2026-10-01T15:29:56-03:00,Agenda,"Segundo ingreso: Tipo de instrumento Operaciones a plazo, estado: Cobrado, Concepto: Venta",727.0
2026-10-01T15:29:56-03:00,Agenda,"Segundo ingreso: Tipo de instrumento Operaciones a plazo, estado: Cobrado, Concepto: Venta, fecha: 1 mes hacia atras",935.0
2026-10-01T15:29:56-03:00,Agenda,"Segundo ingreso: Tipo de instrumento Operaciones a plazo, estado: Cobrado, Concepto: Venta, fecha: 3 meses hacia atras",917.0
2026-10-01T15:29:56-03:00,Agenda,"Segundo ingreso: Tipo de instrumento Operaciones a plazo, estado: Pendiente, fecha: 1 mes hacia atras",1171.0
2026-10-01T15:29:56-03:00,Agenda,"Segundo ingreso: Tipo de instrumento Operaciones a plazo, estado: pendiente",587.0
2026-10-01T15:29:56-03:00,Home,Ingreso a MPC,5178.0
2026-10-01T15:29:56-03:00,Home,Primer ingreso al menú Home,6358.0
2026-10-01T15:29:56-03:00,Home,Primer ingreso al portfolio Oldelval SA desde el Home,7190.0
2026-10-01T15:29:56-03:00,Home,Primer ingreso al portfolio Oldelval SDE desde el Home,6349.0
2026-10-01T15:29:56-03:00,Home,Primer ingreso al portfolio Total Compañia desde el Home,6725.0
2026-10-01T15:29:56-03:00,Home,Segundo ingreso al menú Home,3247.0
2026-10-01T15:29:56-03:00,Home,Segundo ingreso al portfolio Oldelval SA desde el Home,7237.0
2026-10-01T15:29:56-03:00,Home,Segundo ingreso al portfolio Oldelval SDE desde el Home,6376.0
2026-10-01T15:29:56-03:00,Home,Segundo ingreso al portfolio Total Compañia desde el Home,7527.0
2026-10-01T15:29:56-03:00,Mis depositarios,Agrupar por especie todas las cuentas disponibles,1352.0
2026-10-01T15:29:56-03:00,Mis depositarios,Deseleccionar la cuenta Adcap (ADCAP),6074.0
2026-10-01T15:29:56-03:00,Mis depositarios,Deseleccionar la cuenta Allaria (ALLARIA),6095.0
2026-10-01T15:29:56-03:00,Mis depositarios,Deseleccionar la cuenta BBVA (Banco BBVA),5283.0
2026-10-01T15:29:56-03:00,Mis depositarios,Deseleccionar la cuenta Balanz (BALANZ CAPITAL VALORES SA),5592.0
2026-10-01T15:29:56-03:00,Mis depositarios,Deseleccionar la cuenta Banco Comafi (Banco Comafi),5665.0
2026-10-01T15:29:56-03:00,Mis depositarios,Deseleccionar la cuenta Banco Macro (BANCO MACRO),5199.0
2026-10-01T15:29:56-03:00,Mis depositarios,Deseleccionar la cuenta Banco Macro (Banco Maco B),5431.0
2026-10-01T15:29:56-03:00,Mis depositarios,Deseleccionar la cuenta Banco Macro (Banco Macro USD),5166.0
2026-10-01T15:29:56-03:00,Mis depositarios,Deseleccionar la cuenta Banco Nación (Banco Nacion),5215.0
2026-10-01T15:29:56-03:00,Mis depositarios,Deseleccionar la cuenta Banco Patagonia (BANCO PATAGONIA),5263.0
2026-10-01T15:29:56-03:00,Mis depositarios,Deseleccionar la cuenta Banco Patagonia (Banco Patagonia USD),4829.0
2026-10-01T15:29:56-03:00,Mis depositarios,Deseleccionar la cuenta Citi (Banco Citi),5243.0
2026-10-01T15:29:56-03:00,Mis depositarios,Deseleccionar la cuenta Cocos Capital (Cocos Capital SA),5205.0
2026-10-01T15:29:56-03:00,Mis depositarios,Deseleccionar la cuenta Facimex (FACIMEX),5595.0
2026-10-01T15:29:56-03:00,Mis depositarios,Deseleccionar la cuenta Galicia (BANCO GALICIA),6115.0
2026-10-01T15:29:56-03:00,Mis depositarios,Deseleccionar la cuenta Galicia (Galicia SDE),5784.0
2026-10-01T15:29:56-03:00,Mis depositarios,Deseleccionar la cuenta Galicia (Galicia USD),5543.0
2026-10-01T15:29:56-03:00,Mis depositarios,Deseleccionar la cuenta ICBC (BANCO ICBC),5871.0
2026-10-01T15:29:56-03:00,Mis depositarios,Deseleccionar la cuenta ICBC (Banco ICBC (B)),5311.0
2026-10-01T15:29:56-03:00,Mis depositarios,Deseleccionar la cuenta ICBC (Banco ICBC USD),5325.0
2026-10-01T15:29:56-03:00,Mis depositarios,Deseleccionar la cuenta Invertir En Bolsa (INVERTIR EN BOLSA),5162.0
2026-10-01T15:29:56-03:00,Mis depositarios,Deseleccionar la cuenta Macro Securities (MACRO SECURITIES),5310.0
2026-10-01T15:29:56-03:00,Mis depositarios,Deseleccionar la cuenta Max Capital (MAX CAPITAL SA),5099.0
2026-10-01T15:29:56-03:00,Mis depositarios,Deseleccionar la cuenta One618 (ONE 618),5594.0
2026-10-01T15:29:56-03:00,Mis depositarios,Deseleccionar la cuenta Portfolio Personal Inversiones (Prueba),5498.0
2026-10-01T15:29:56-03:00,Mis depositarios,Deseleccionar la cuenta Puente Hermanos (PUENTE HNOS),5965.0
2026-10-01T15:29:56-03:00,Mis depositarios,Deseleccionar la cuenta SBS (SBS),5369.0
2026-10-01T15:29:56-03:00,Mis depositarios,Deseleccionar la cuenta Santander (Banco Santander),6233.0
2026-10-01T15:29:56-03:00,Mis depositarios,Deseleccionar la cuenta Schroders (Schroders USD),5252.0
2026-10-01T15:29:56-03:00,Mis depositarios,Deseleccionar todas las cuentas del depositario Adcap,5919.0
2026-10-01T15:29:56-03:00,Mis depositarios,Deseleccionar todas las cuentas del depositario Allaria,5404.0
2026-10-01T15:29:56-03:00,Mis depositarios,Deseleccionar todas las cuentas del depositario BBVA,4890.0
2026-10-01T15:29:56-03:00,Mis depositarios,Deseleccionar todas las cuentas del depositario Balanz,5353.0
2026-10-01T15:29:56-03:00,Mis depositarios,Deseleccionar todas las cuentas del depositario Banco Comafi,5214.0
2026-10-01T15:29:56-03:00,Mis depositarios,Deseleccionar todas las cuentas del depositario Banco Macro,5453.0
2026-10-01T15:29:56-03:00,Mis depositarios,Deseleccionar todas las cuentas del depositario Banco Nación,6021.0
2026-10-01T15:29:56-03:00,Mis depositarios,Deseleccionar todas las cuentas del depositario Banco Patagonia,4961.0
2026-10-01T15:29:56-03:00,Mis depositarios,Deseleccionar todas las cuentas del depositario Citi,4825.0
2026-10-01T15:29:56-03:00,Mis depositarios,Deseleccionar todas las cuentas del depositario Cocos Capital,5587.0
2026-10-01T15:29:56-03:00,Mis depositarios,Deseleccionar todas las cuentas del depositario Facimex,5275.0
2026-10-01T15:29:56-03:00,Mis depositarios,Deseleccionar todas las cuentas del depositario Galicia,5121.0
2026-10-01T15:29:56-03:00,Mis depositarios,Deseleccionar todas las cuentas del depositario ICBC,5117.0
2026-10-01T15:29:56-03:00,Mis depositarios,Deseleccionar todas las cuentas del depositario Invertir En Bolsa,4949.0
2026-10-01T15:29:56-03:00,Mis depositarios,Deseleccionar todas las cuentas del depositario Macro Securities,5387.0
2026-10-01T15:29:56-03:00,Mis depositarios,Deseleccionar todas las cuentas del depositario Max Capital,5380.0
2026-10-01T15:29:56-03:00,Mis depositarios,Deseleccionar todas las cuentas del depositario One618,4818.0
2026-10-01T15:29:56-03:00,Mis depositarios,Deseleccionar todas las cuentas del depositario Portfolio Personal Inversiones,5631.0
2026-10-01T15:29:56-03:00,Mis depositarios,Deseleccionar todas las cuentas del depositario Puente Hermanos,5392.0
2026-10-01T15:29:56-03:00,Mis depositarios,Deseleccionar todas las cuentas del depositario SBS,5831.0
2026-10-01T15:29:56-03:00,Mis depositarios,Deseleccionar todas las cuentas del depositario Santander,5061.0
2026-10-01T15:29:56-03:00,Mis depositarios,Deseleccionar todas las cuentas del depositario Schroders,5996.0
2026-10-01T15:29:56-03:00,Mis depositarios,Deseleccionar todas las cuentas disponibles,5661.0
2026-10-01T15:29:56-03:00,Mis depositarios,Primer ingreso al menú Mis depositarios,4529.0
2026-10-01T15:29:56-03:00,Mis depositarios,Seleccionar la cuenta Adcap (ADCAP),5330.0
2026-10-01T15:29:56-03:00,Mis depositarios,Seleccionar la cuenta Allaria (ALLARIA),5164.0
2026-10-01T15:29:56-03:00,Mis depositarios,Seleccionar la cuenta BBVA (Banco BBVA),5196.0
2026-10-01T15:29:56-03:00,Mis depositarios,Seleccionar la cuenta Balanz (BALANZ CAPITAL VALORES SA),4978.0
2026-10-01T15:29:56-03:00,Mis depositarios,Seleccionar la cuenta Banco Comafi (Banco Comafi),5249.0
2026-10-01T15:29:56-03:00,Mis depositarios,Seleccionar la cuenta Banco Macro (BANCO MACRO),5287.0
2026-10-01T15:29:56-03:00,Mis depositarios,Seleccionar la cuenta Banco Macro (Banco Maco B),5035.0
2026-10-01T15:29:56-03:00,Mis depositarios,Seleccionar la cuenta Banco Macro (Banco Macro USD),5385.0
2026-10-01T15:29:56-03:00,Mis depositarios,Seleccionar la cuenta Banco Nación (Banco Nacion),5642.0
2026-10-01T15:29:56-03:00,Mis depositarios,Seleccionar la cuenta Banco Patagonia (BANCO PATAGONIA),5153.0
2026-10-01T15:29:56-03:00,Mis depositarios,Seleccionar la cuenta Banco Patagonia (Banco Patagonia USD),5770.0
2026-10-01T15:29:56-03:00,Mis depositarios,Seleccionar la cuenta Citi (Banco Citi),5745.0
2026-10-01T15:29:56-03:00,Mis depositarios,Seleccionar la cuenta Cocos Capital (Cocos Capital SA),6042.0
2026-10-01T15:29:56-03:00,Mis depositarios,Seleccionar la cuenta Facimex (FACIMEX),4945.0
2026-10-01T15:29:56-03:00,Mis depositarios,Seleccionar la cuenta Galicia (BANCO GALICIA),5612.0
2026-10-01T15:29:56-03:00,Mis depositarios,Seleccionar la cuenta Galicia (Galicia SDE),5065.0
2026-10-01T15:29:56-03:00,Mis depositarios,Seleccionar la cuenta Galicia (Galicia USD),5545.0
2026-10-01T15:29:56-03:00,Mis depositarios,Seleccionar la cuenta ICBC (BANCO ICBC),4920.0
2026-10-01T15:29:56-03:00,Mis depositarios,Seleccionar la cuenta ICBC (Banco ICBC (B)),5371.0
2026-10-01T15:29:56-03:00,Mis depositarios,Seleccionar la cuenta ICBC (Banco ICBC USD),4741.0
2026-10-01T15:29:56-03:00,Mis depositarios,Seleccionar la cuenta Invertir En Bolsa (INVERTIR EN BOLSA),5348.0
2026-10-01T15:29:56-03:00,Mis depositarios,Seleccionar la cuenta Macro Securities (MACRO SECURITIES),5618.0
2026-10-01T15:29:56-03:00,Mis depositarios,Seleccionar la cuenta Max Capital (MAX CAPITAL SA),6007.0
2026-10-01T15:29:56-03:00,Mis depositarios,Seleccionar la cuenta One618 (ONE 618),5277.0
2026-10-01T15:29:56-03:00,Mis depositarios,Seleccionar la cuenta Portfolio Personal Inversiones (Prueba),5156.0
2026-10-01T15:29:56-03:00,Mis depositarios,Seleccionar la cuenta Puente Hermanos (PUENTE HNOS),5727.0
2026-10-01T15:29:56-03:00,Mis depositarios,Seleccionar la cuenta SBS (SBS),4967.0
2026-10-01T15:29:56-03:00,Mis depositarios,Seleccionar la cuenta Santander (Banco Santander),5040.0
2026-10-01T15:29:56-03:00,Mis depositarios,Seleccionar la cuenta Schroders (Schroders USD),5164.0
2026-10-01T15:29:56-03:00,Mis depositarios,Seleccionar todas las cuentas del depositario Adcap,5136.0
2026-10-01T15:29:56-03:00,Mis depositarios,Seleccionar todas las cuentas del depositario Allaria,5098.0
2026-10-01T15:29:56-03:00,Mis depositarios,Seleccionar todas las cuentas del depositario BBVA,5129.0
2026-10-01T15:29:56-03:00,Mis depositarios,Seleccionar todas las cuentas del depositario Balanz,5525.0
2026-10-01T15:29:56-03:00,Mis depositarios,Seleccionar todas las cuentas del depositario Banco Comafi,5321.0
2026-10-01T15:29:56-03:00,Mis depositarios,Seleccionar todas las cuentas del depositario Banco Macro,5386.0
2026-10-01T15:29:56-03:00,Mis depositarios,Seleccionar todas las cuentas del depositario Banco Nación,5074.0
2026-10-01T15:29:56-03:00,Mis depositarios,Seleccionar todas las cuentas del depositario Banco Patagonia,4900.0
2026-10-01T15:29:56-03:00,Mis depositarios,Seleccionar todas las cuentas del depositario Citi,5555.0
2026-10-01T15:29:56-03:00,Mis depositarios,Seleccionar todas las cuentas del depositario Cocos Capital,5456.0
2026-10-01T15:29:56-03:00,Mis depositarios,Seleccionar todas las cuentas del depositario Facimex,5049.0
2026-10-01T15:29:56-03:00,Mis depositarios,Seleccionar todas las cuentas del depositario Galicia,4762.0
2026-10-01T15:29:56-03:00,Mis depositarios,Seleccionar todas las cuentas del depositario ICBC,5932.0
2026-10-01T15:29:56-03:00,Mis depositarios,Seleccionar todas las cuentas del depositario Invertir En Bolsa,5310.0
2026-10-01T15:29:56-03:00,Mis depositarios,Seleccionar todas las cuentas del depositario Macro Securities,5231.0
2026-10-01T15:29:56-03:00,Mis depositarios,Seleccionar todas las cuentas del depositario Max Capital,5529.0
2026-10-01T15:29:56-03:00,Mis depositarios,Seleccionar todas las cuentas del depositario One618,5130.0
2026-10-01T15:29:56-03:00,Mis depositarios,Seleccionar todas las cuentas del depositario Portfolio Personal Inversiones,5001.0
2026-10-01T15:29:56-03:00,Mis depositarios,Seleccionar todas las cuentas del depositario Puente Hermanos,5375.0
2026-10-01T15:29:56-03:00,Mis depositarios,Seleccionar todas las cuentas del depositario SBS,5057.0
2026-10-01T15:29:56-03:00,Mis depositarios,Seleccionar todas las cuentas del depositario Santander,5018.0
2026-10-01T15:29:56-03:00,Mis depositarios,Seleccionar todas las cuentas del depositario Schroders,5032.0
2026-10-01T15:29:56-03:00,Mis depositarios,Seleccionar todas las cuentas disponibles,5216.0
2026-10-01T15:29:56-03:00,Mis operaciones,Primer ingreso al depositario Adcap,870.0
2026-10-01T15:29:56-03:00,Mis operaciones,Primer ingreso al menú Mis operaciones,3298.0
2026-10-01T15:29:56-03:00,Mis operaciones,Primer ingreso: Depositario Adcap filtro de 1 mes de operaciones,789.0
2026-10-01T15:29:56-03:00,Mis operaciones,Primer ingreso: Filtro de 1 mes de operaciones,4522.0
2026-10-01T15:29:56-03:00,Mis operaciones,Segundo ingreso al depositario Adcap,578.0
2026-10-01T15:29:56-03:00,Mis operaciones,Segundo ingreso al menú Mis operaciones,4757.0
2026-10-01T15:29:56-03:00,Mis operaciones,Segundo ingreso: Depositario Adcap filtro de 1 mes de operaciones,745.0
2026-10-01T15:29:56-03:00,Mis operaciones,Segundo ingreso: Filtro de 1 mes de operaciones,2893.0
2026-10-01T15:29:56-03:00,Mis portfolios,Primer ingreso al menú Mis portfolios,6532.0
2026-10-01T15:29:56-03:00,Mis portfolios,Primer ingreso al portfolio Oldelval SA desde Mis portfolios,5425.0
2026-10-01T15:29:56-03:00,Mis portfolios,Primer ingreso al portfolio Oldelval SDE desde Mis portfolios,4789.0
2026-10-01T15:29:56-03:00,Mis portfolios,Primer ingreso al portfolio Total Compañia desde Mis portfolios,6048.0
2026-10-01T15:29:56-03:00,Mis portfolios,Segundo ingreso al menú Mis portfolios,1921.0
2026-10-01T15:29:56-03:00,Mis portfolios,Segundo ingreso al portfolio Oldelval SA desde Mis portfolios,5414.0
2026-10-01T15:29:56-03:00,Mis portfolios,Segundo ingreso al portfolio Oldelval SDE desde Mis portfolios,5121.0
2026-10-01T15:29:56-03:00,Mis portfolios,Segundo ingreso al portfolio Total Compañia desde Mis portfolios,5205.0
2026-10-01T15:29:56-03:00,Rendimiento,Cambio de método de rentabilidad a TWR,1767.0
2026-10-01T15:29:56-03:00,Rendimiento,Portfolio Oldelval SA: Primer ingreso a la carta de rendimiento Desde el inicio con método MWR,705.0
2026-10-01T15:29:56-03:00,Rendimiento,Portfolio Oldelval SA: Primer ingreso a la carta de rendimiento Desde el inicio con método TWR,618.0
2026-10-01T15:29:56-03:00,Rendimiento,Portfolio Oldelval SA: Primer ingreso a la carta de rendimiento Desde principio de año con método MWR,642.0
2026-10-01T15:29:56-03:00,Rendimiento,Portfolio Oldelval SA: Primer ingreso a la carta de rendimiento Desde principio de año con método TWR,575.0
2026-10-01T15:29:56-03:00,Rendimiento,Portfolio Oldelval SA: Primer ingreso a la carta de rendimiento Desde principio de mes con método MWR,423.0
2026-10-01T15:29:56-03:00,Rendimiento,Portfolio Oldelval SA: Primer ingreso a la carta de rendimiento Desde principio de mes con método TWR,379.0
2026-10-01T15:29:56-03:00,Rendimiento,Portfolio Oldelval SA: Primer ingreso a la carta de rendimiento Última semana con método MWR,497.0
2026-10-01T15:29:56-03:00,Rendimiento,Portfolio Oldelval SA: Primer ingreso a la carta de rendimiento Última semana con método TWR,387.0
2026-10-01T15:29:56-03:00,Rendimiento,Portfolio Oldelval SA: Primer ingreso a la carta de rendimiento Último año con método MWR,714.0
2026-10-01T15:29:56-03:00,Rendimiento,Portfolio Oldelval SA: Primer ingreso a la carta de rendimiento Último año con método TWR,659.0
2026-10-01T15:29:56-03:00,Rendimiento,Portfolio Oldelval SA: Primer ingreso a la carta de rendimiento Último mes con método MWR,509.0
2026-10-01T15:29:56-03:00,Rendimiento,Portfolio Oldelval SA: Primer ingreso a la carta de rendimiento Último mes con método TWR,680.0
2026-10-01T15:29:56-03:00,Rendimiento,Portfolio Oldelval SA: Primer ingreso a la carta de rendimiento Últimos 3 meses con método MWR,1036.0
2026-10-01T15:29:56-03:00,Rendimiento,Portfolio Oldelval SA: Primer ingreso a la carta de rendimiento Últimos 3 meses con método TWR,637.0
2026-10-01T15:29:56-03:00,Rendimiento,Portfolio Oldelval SA: Segundo ingreso a la carta de rendimiento Desde el inicio con método MWR,619.0
2026-10-01T15:29:56-03:00,Rendimiento,Portfolio Oldelval SA: Segundo ingreso a la carta de rendimiento Desde el inicio con método TWR,627.0
2026-10-01T15:29:56-03:00,Rendimiento,Portfolio Oldelval SA: Segundo ingreso a la carta de rendimiento Desde principio de año con método MWR,661.0
2026-10-01T15:29:56-03:00,Rendimiento,Portfolio Oldelval SA: Segundo ingreso a la carta de rendimiento Desde principio de año con método TWR,588.0
2026-10-01T15:29:56-03:00,Rendimiento,Portfolio Oldelval SA: Segundo ingreso a la carta de rendimiento Desde principio de mes con método MWR,435.0
2026-10-01T15:29:56-03:00,Rendimiento,Portfolio Oldelval SA: Segundo ingreso a la carta de rendimiento Desde principio de mes con método TWR,448.0
2026-10-01T15:29:56-03:00,Rendimiento,Portfolio Oldelval SA: Segundo ingreso a la carta de rendimiento Última semana con método MWR,480.0
2026-10-01T15:29:56-03:00,Rendimiento,Portfolio Oldelval SA: Segundo ingreso a la carta de rendimiento Última semana con método TWR,388.0
2026-10-01T15:29:56-03:00,Rendimiento,Portfolio Oldelval SA: Segundo ingreso a la carta de rendimiento Último año con método MWR,691.0
2026-10-01T15:29:56-03:00,Rendimiento,Portfolio Oldelval SA: Segundo ingreso a la carta de rendimiento Último año con método TWR,668.0
2026-10-01T15:29:56-03:00,Rendimiento,Portfolio Oldelval SA: Segundo ingreso a la carta de rendimiento Último mes con método MWR,537.0
2026-10-01T15:29:56-03:00,Rendimiento,Portfolio Oldelval SA: Segundo ingreso a la carta de rendimiento Último mes con método TWR,478.0
2026-10-01T15:29:56-03:00,Rendimiento,Portfolio Oldelval SA: Segundo ingreso a la carta de rendimiento Últimos 3 meses con método MWR,715.0
2026-10-01T15:29:56-03:00,Rendimiento,Portfolio Oldelval SA: Segundo ingreso a la carta de rendimiento Últimos 3 meses con método TWR,594.0
2026-10-01T15:29:56-03:00,Rendimiento,Portfolio Oldelval SDE: Primer ingreso a la carta de rendimiento Desde el inicio con método MWR,576.0
2026-10-01T15:29:56-03:00,Rendimiento,Portfolio Oldelval SDE: Primer ingreso a la carta de rendimiento Desde el inicio con método TWR,591.0
2026-10-01T15:29:56-03:00,Rendimiento,Portfolio Oldelval SDE: Primer ingreso a la carta de rendimiento Desde principio de año con método MWR,568.0
2026-10-01T15:29:56-03:00,Rendimiento,Portfolio Oldelval SDE: Primer ingreso a la carta de rendimiento Desde principio de año con método TWR,613.0
2026-10-01T15:29:56-03:00,Rendimiento,Portfolio Oldelval SDE: Primer ingreso a la carta de rendimiento Desde principio de mes con método MWR,408.0
2026-10-01T15:29:56-03:00,Rendimiento,Portfolio Oldelval SDE: Primer ingreso a la carta de rendimiento Desde principio de mes con método TWR,389.0
2026-10-01T15:29:56-03:00,Rendimiento,Portfolio Oldelval SDE: Primer ingreso a la carta de rendimiento Última semana con método MWR,441.0
2026-10-01T15:29:56-03:00,Rendimiento,Portfolio Oldelval SDE: Primer ingreso a la carta de rendimiento Última semana con método TWR,514.0
2026-10-01T15:29:56-03:00,Rendimiento,Portfolio Oldelval SDE: Primer ingreso a la carta de rendimiento Último año con método MWR,662.0
2026-10-01T15:29:56-03:00,Rendimiento,Portfolio Oldelval SDE: Primer ingreso a la carta de rendimiento Último año con método TWR,624.0
2026-10-01T15:29:56-03:00,Rendimiento,Portfolio Oldelval SDE: Primer ingreso a la carta de rendimiento Último mes con método MWR,759.0
2026-10-01T15:29:56-03:00,Rendimiento,Portfolio Oldelval SDE: Primer ingreso a la carta de rendimiento Último mes con método TWR,564.0
2026-10-01T15:29:56-03:00,Rendimiento,Portfolio Oldelval SDE: Primer ingreso a la carta de rendimiento Últimos 3 meses con método MWR,606.0
2026-10-01T15:29:56-03:00,Rendimiento,Portfolio Oldelval SDE: Primer ingreso a la carta de rendimiento Últimos 3 meses con método TWR,585.0
2026-10-01T15:29:56-03:00,Rendimiento,Portfolio Oldelval SDE: Segundo ingreso a la carta de rendimiento Desde el inicio con método MWR,607.0
2026-10-01T15:29:56-03:00,Rendimiento,Portfolio Oldelval SDE: Segundo ingreso a la carta de rendimiento Desde el inicio con método TWR,701.0
2026-10-01T15:29:56-03:00,Rendimiento,Portfolio Oldelval SDE: Segundo ingreso a la carta de rendimiento Desde principio de año con método MWR,541.0
2026-10-01T15:29:56-03:00,Rendimiento,Portfolio Oldelval SDE: Segundo ingreso a la carta de rendimiento Desde principio de año con método TWR,608.0
2026-10-01T15:29:56-03:00,Rendimiento,Portfolio Oldelval SDE: Segundo ingreso a la carta de rendimiento Desde principio de mes con método MWR,427.0
2026-10-01T15:29:56-03:00,Rendimiento,Portfolio Oldelval SDE: Segundo ingreso a la carta de rendimiento Desde principio de mes con método TWR,417.0
2026-10-01T15:29:56-03:00,Rendimiento,Portfolio Oldelval SDE: Segundo ingreso a la carta de rendimiento Última semana con método MWR,434.0
2026-10-01T15:29:56-03:00,Rendimiento,Portfolio Oldelval SDE: Segundo ingreso a la carta de rendimiento Última semana con método TWR,603.0
2026-10-01T15:29:56-03:00,Rendimiento,Portfolio Oldelval SDE: Segundo ingreso a la carta de rendimiento Último año con método MWR,631.0
2026-10-01T15:29:56-03:00,Rendimiento,Portfolio Oldelval SDE: Segundo ingreso a la carta de rendimiento Último año con método TWR,677.0
2026-10-01T15:29:56-03:00,Rendimiento,Portfolio Oldelval SDE: Segundo ingreso a la carta de rendimiento Último mes con método MWR,601.0
2026-10-01T15:29:56-03:00,Rendimiento,Portfolio Oldelval SDE: Segundo ingreso a la carta de rendimiento Último mes con método TWR,507.0
2026-10-01T15:29:56-03:00,Rendimiento,Portfolio Oldelval SDE: Segundo ingreso a la carta de rendimiento Últimos 3 meses con método MWR,603.0
2026-10-01T15:29:56-03:00,Rendimiento,Portfolio Oldelval SDE: Segundo ingreso a la carta de rendimiento Últimos 3 meses con método TWR,708.0
2026-10-01T15:29:56-03:00,Rendimiento,Portfolio Total: Primer ingreso a la carta de rendimiento Desde el inicio con método MWR,668.0
2026-10-01T15:29:56-03:00,Rendimiento,Portfolio Total: Primer ingreso a la carta de rendimiento Desde el inicio con método TWR,699.0
2026-10-01T15:29:56-03:00,Rendimiento,Portfolio Total: Primer ingreso a la carta de rendimiento Desde principio de año con método MWR,665.0
2026-10-01T15:29:56-03:00,Rendimiento,Portfolio Total: Primer ingreso a la carta de rendimiento Desde principio de año con método TWR,686.0
2026-10-01T15:29:56-03:00,Rendimiento,Portfolio Total: Primer ingreso a la carta de rendimiento Desde principio de mes con método MWR,541.0
2026-10-01T15:29:56-03:00,Rendimiento,Portfolio Total: Primer ingreso a la carta de rendimiento Desde principio de mes con método TWR,409.0
2026-10-01T15:29:56-03:00,Rendimiento,Portfolio Total: Primer ingreso a la carta de rendimiento Última semana con método MWR,430.0
2026-10-01T15:29:56-03:00,Rendimiento,Portfolio Total: Primer ingreso a la carta de rendimiento Última semana con método TWR,466.0
2026-10-01T15:29:56-03:00,Rendimiento,Portfolio Total: Primer ingreso a la carta de rendimiento Último año con método MWR,675.0
2026-10-01T15:29:56-03:00,Rendimiento,Portfolio Total: Primer ingreso a la carta de rendimiento Último año con método TWR,685.0
2026-10-01T15:29:56-03:00,Rendimiento,Portfolio Total: Primer ingreso a la carta de rendimiento Último mes con método MWR,560.0
2026-10-01T15:29:56-03:00,Rendimiento,Portfolio Total: Primer ingreso a la carta de rendimiento Último mes con método TWR,532.0
2026-10-01T15:29:56-03:00,Rendimiento,Portfolio Total: Primer ingreso a la carta de rendimiento Últimos 3 meses con método MWR,680.0
2026-10-01T15:29:56-03:00,Rendimiento,Portfolio Total: Primer ingreso a la carta de rendimiento Últimos 3 meses con método TWR,644.0
2026-10-01T15:29:56-03:00,Rendimiento,Portfolio Total: Segundo ingreso a la carta de rendimiento Desde el inicio con método MWR,639.0
2026-10-01T15:29:56-03:00,Rendimiento,Portfolio Total: Segundo ingreso a la carta de rendimiento Desde el inicio con método TWR,712.0
2026-10-01T15:29:56-03:00,Rendimiento,Portfolio Total: Segundo ingreso a la carta de rendimiento Desde principio de año con método MWR,670.0
2026-10-01T15:29:56-03:00,Rendimiento,Portfolio Total: Segundo ingreso a la carta de rendimiento Desde principio de año con método TWR,649.0
2026-10-01T15:29:56-03:00,Rendimiento,Portfolio Total: Segundo ingreso a la carta de rendimiento Desde principio de mes con método MWR,552.0
2026-10-01T15:29:56-03:00,Rendimiento,Portfolio Total: Segundo ingreso a la carta de rendimiento Desde principio de mes con método TWR,482.0
2026-10-01T15:29:56-03:00,Rendimiento,Portfolio Total: Segundo ingreso a la carta de rendimiento Última semana con método MWR,494.0
2026-10-01T15:29:56-03:00,Rendimiento,Portfolio Total: Segundo ingreso a la carta de rendimiento Última semana con método TWR,469.0
2026-10-01T15:29:56-03:00,Rendimiento,Portfolio Total: Segundo ingreso a la carta de rendimiento Último año con método MWR,739.0
2026-10-01T15:29:56-03:00,Rendimiento,Portfolio Total: Segundo ingreso a la carta de rendimiento Último año con método TWR,688.0
2026-10-01T15:29:56-03:00,Rendimiento,Portfolio Total: Segundo ingreso a la carta de rendimiento Último mes con método MWR,578.0
2026-10-01T15:29:56-03:00,Rendimiento,Portfolio Total: Segundo ingreso a la carta de rendimiento Último mes con método TWR,524.0
2026-10-01T15:29:56-03:00,Rendimiento,Portfolio Total: Segundo ingreso a la carta de rendimiento Últimos 3 meses con método MWR,796.0
2026-10-01T15:29:56-03:00,Rendimiento,Portfolio Total: Segundo ingreso a la carta de rendimiento Últimos 3 meses con método TWR,606.0
2026-10-01T15:29:56-03:00,Rendimiento,Primer ingreso al menú Rendimiento,3917.0
2026-10-01T15:29:56-03:00,Rendimiento,Primer ingreso al portfolio Oldelval SA,1843.0
2026-10-01T15:29:56-03:00,Rendimiento,Primer ingreso al portfolio Oldelval SDE,1474.0
2026-10-01T15:29:56-03:00,Rendimiento,Primer ingreso al portfolio Total,2270.0
2026-10-01T15:29:56-03:00,Rendimiento,Segundo ingreso al portfolio Oldelval SA,1011.0
2026-10-01T15:29:56-03:00,Rendimiento,Segundo ingreso al portfolio Oldelval SDE,1098.0
2026-10-01T15:29:56-03:00,Rendimiento,Segundo ingreso al portfolio Total,984.0
2026-10-02T15:29:24-03:00,Agenda,Primer ingreso al menú Agenda,3061.0
2026-10-02T15:29:24-03:00,Agenda,"Primer ingreso: Tipo de instrumento Bonos, estado: Cobrado",761.0
2026-10-02T15:29:24-03:00,Agenda,"Primer ingreso: Tipo de instrumento Bonos, estado: Cobrado, fecha: 1 mes hacia atras",1229.0
2026-10-02T15:29:24-03:00,Agenda,"Primer ingreso: Tipo de instrumento Bonos, estado: Cobrado, fecha: 3 meses hacia atras",1273.0
2026-10-02T15:29:24-03:00,Agenda,"Primer ingreso: Tipo de instrumento Bonos, estado: Pendiente",903.0
2026-10-02T15:29:24-03:00,Agenda,"Primer ingreso: Tipo de instrumento Bonos, estado: Pendiente, fecha: 1 mes hacia atras",1395.0
2026-10-02T15:29:24-03:00,Agenda,"Primer ingreso: Tipo de instrumento Operaciones a descuento, estado: Cobrado, Concepto: Cancelación anticipada",972.0
2026-10-02T15:29:24-03:00,Agenda,"Primer ingreso: Tipo de instrumento Operaciones a descuento, estado: Cobrado, Concepto: Cancelación anticipada, fecha: 1 mes hacia atras",1057.0
2026-10-02T15:29:24-03:00,Agenda,"Primer ingreso: Tipo de instrumento Operaciones a descuento, estado: Cobrado, Concepto: Cancelación anticipada, fecha: 3 meses hacia atras",1023.0
2026-10-02T15:29:24-03:00,Agenda,"Primer ingreso: Tipo de instrumento Operaciones a descuento, estado: Cobrado, Concepto: Vencimiento",828.0
2026-10-02T15:29:24-03:00,Agenda,"Primer ingreso: Tipo de instrumento Operaciones a descuento, estado: Cobrado, Concepto: Vencimiento, fecha: 1 mes hacia atras",1107.0
2026-10-02T15:29:24-03:00,Agenda,"Primer ingreso: Tipo de instrumento Operaciones a descuento, estado: Cobrado, Concepto: Vencimiento, fecha: 3 meses hacia atras",998.0
2026-10-02T15:29:24-03:00,Agenda,"Primer ingreso: Tipo de instrumento Operaciones a descuento, estado: Cobrado, Concepto: Venta",814.0
2026-10-02T15:29:24-03:00,Agenda,"Primer ingreso: Tipo de instrumento Operaciones a descuento, estado: Cobrado, Concepto: Venta, fecha: 1 mes hacia atras",999.0
2026-10-02T15:29:24-03:00,Agenda,"Primer ingreso: Tipo de instrumento Operaciones a descuento, estado: Cobrado, Concepto: Venta, fecha: 3 meses hacia atras",1010.0
2026-10-02T15:29:24-03:00,Agenda,"Primer ingreso: Tipo de instrumento Operaciones a descuento, estado: Pendiente",649.0
2026-10-02T15:29:24-03:00,Agenda,"Primer ingreso: Tipo de instrumento Operaciones a descuento, estado: Pendiente, fecha: 1 mes hacia atras",1338.0
2026-10-02T15:29:24-03:00,Agenda,"Primer ingreso: Tipo de instrumento Operaciones a plazo, estado: Cobrado, Concepto: Cancelación anticipada",950.0
2026-10-02T15:29:24-03:00,Agenda,"Primer ingreso: Tipo de instrumento Operaciones a plazo, estado: Cobrado, Concepto: Cancelación anticipada, fecha: 1 mes hacia atras",1009.0
2026-10-02T15:29:24-03:00,Agenda,"Primer ingreso: Tipo de instrumento Operaciones a plazo, estado: Cobrado, Concepto: Cancelación anticipada, fecha: 3 meses hacia atras",1035.0
2026-10-02T15:29:24-03:00,Agenda,"Primer ingreso: Tipo de instrumento Operaciones a plazo, estado: Cobrado, Concepto: Vencimiento",802.0
2026-10-02T15:29:24-03:00,Agenda,"Primer ingreso: Tipo de instrumento Operaciones a plazo, estado: Cobrado, Concepto: Vencimiento, fecha: 1 mes hacia atras",1187.0
2026-10-02T15:29:24-03:00,Agenda,"Primer ingreso: Tipo de instrumento Operaciones a plazo, estado: Cobrado, Concepto: Vencimiento, fecha: 3 meses hacia atras",1068.0
2026-10-02T15:29:24-03:00,Agenda,"Primer ingreso: Tipo de instrumento Operaciones a plazo, estado: Cobrado, Concepto: Venta",841.0
2026-10-02T15:29:24-03:00,Agenda,"Primer ingreso: Tipo de instrumento Operaciones a plazo, estado: Cobrado, Concepto: Venta, fecha: 1 mes hacia atras",1060.0
2026-10-02T15:29:24-03:00,Agenda,"Primer ingreso: Tipo de instrumento Operaciones a plazo, estado: Cobrado, Concepto: Venta, fecha: 3 meses hacia atras",1019.0
2026-10-02T15:29:24-03:00,Agenda,"Primer ingreso: Tipo de instrumento Operaciones a plazo, estado: Pendiente",659.0
2026-10-02T15:29:24-03:00,Agenda,"Primer ingreso: Tipo de instrumento Operaciones a plazo, estado: Pendiente, fecha: 1 mes hacia atras",1258.0
2026-10-02T15:29:24-03:00,Agenda,Segundo ingreso al menú Agenda,3060.0
2026-10-02T15:29:24-03:00,Agenda,"Segundo ingreso: Tipo de instrumento Bonos, estado: Cobrado",713.0
2026-10-02T15:29:24-03:00,Agenda,"Segundo ingreso: Tipo de instrumento Bonos, estado: Cobrado, fecha: 1 mes hacia atras",1216.0
2026-10-02T15:29:24-03:00,Agenda,"Segundo ingreso: Tipo de instrumento Bonos, estado: Cobrado, fecha: 3 meses hacia atras",1262.0
2026-10-02T15:29:24-03:00,Agenda,"Segundo ingreso: Tipo de instrumento Bonos, estado: Pendiente, fecha: 1 mes hacia atras",1314.0
2026-10-02T15:29:24-03:00,Agenda,"Segundo ingreso: Tipo de instrumento Bonos, estado: pendiente",964.0
2026-10-02T15:29:24-03:00,Agenda,"Segundo ingreso: Tipo de instrumento Operaciones a descuento, estado: Cobrado, Concepto: Cancelación anticipada",947.0
2026-10-02T15:29:24-03:00,Agenda,"Segundo ingreso: Tipo de instrumento Operaciones a descuento, estado: Cobrado, Concepto: Cancelación anticipada, fecha: 1 mes hacia atras",991.0
2026-10-02T15:29:24-03:00,Agenda,"Segundo ingreso: Tipo de instrumento Operaciones a descuento, estado: Cobrado, Concepto: Cancelación anticipada, fecha: 3 meses hacia atras",996.0
2026-10-02T15:29:24-03:00,Agenda,"Segundo ingreso: Tipo de instrumento Operaciones a descuento, estado: Cobrado, Concepto: Vencimiento",770.0
2026-10-02T15:29:24-03:00,Agenda,"Segundo ingreso: Tipo de instrumento Operaciones a descuento, estado: Cobrado, Concepto: Vencimiento, fecha: 1 mes hacia atras",992.0
2026-10-02T15:29:24-03:00,Agenda,"Segundo ingreso: Tipo de instrumento Operaciones a descuento, estado: Cobrado, Concepto: Vencimiento, fecha: 3 meses hacia atras",989.0
2026-10-02T15:29:24-03:00,Agenda,"Segundo ingreso: Tipo de instrumento Operaciones a descuento, estado: Cobrado, Concepto: Venta",761.0
2026-10-02T15:29:24-03:00,Agenda,"Segundo ingreso: Tipo de instrumento Operaciones a descuento, estado: Cobrado, Concepto: Venta, fecha: 1 mes hacia atras",987.0
2026-10-02T15:29:24-03:00,Agenda,"Segundo ingreso: Tipo de instrumento Operaciones a descuento, estado: Cobrado, Concepto: Venta, fecha: 3 meses hacia atras",977.0
2026-10-02T15:29:24-03:00,Agenda,"Segundo ingreso: Tipo de instrumento Operaciones a descuento, estado: Pendiente, fecha: 1 mes hacia atras",1220.0
2026-10-02T15:29:24-03:00,Agenda,"Segundo ingreso: Tipo de instrumento Operaciones a descuento, estado: pendiente",681.0
2026-10-02T15:29:24-03:00,Agenda,"Segundo ingreso: Tipo de instrumento Operaciones a plazo, estado: Cobrado, Concepto: Cancelación anticipada",907.0
2026-10-02T15:29:24-03:00,Agenda,"Segundo ingreso: Tipo de instrumento Operaciones a plazo, estado: Cobrado, Concepto: Cancelación anticipada, fecha: 1 mes hacia atras",1035.0
2026-10-02T15:29:24-03:00,Agenda,"Segundo ingreso: Tipo de instrumento Operaciones a plazo, estado: Cobrado, Concepto: Cancelación anticipada, fecha: 3 meses hacia atras",984.0
2026-10-02T15:29:24-03:00,Agenda,"Segundo ingreso: Tipo de instrumento Operaciones a plazo, estado: Cobrado, Concepto: Vencimiento",788.0
2026-10-02T15:29:24-03:00,Agenda,"Segundo ingreso: Tipo de instrumento Operaciones a plazo, estado: Cobrado, Concepto: Vencimiento, fecha: 1 mes hacia atras",992.0
2026-10-02T15:29:24-03:00,Agenda,"Segundo ingreso: Tipo de instrumento Operaciones a plazo, estado: Cobrado, Concepto: Vencimiento, fecha: 3 meses hacia atras",1010.0
2026-10-02T15:29:24-03:00,Agenda,"Segundo ingreso: Tipo de instrumento Operaciones a plazo, estado: Cobrado, Concepto: Venta",775.0
2026-10-02T15:29:24-03:00,Agenda,"Segundo ingreso: Tipo de instrumento Operaciones a plazo, estado: Cobrado, Concepto: Venta, fecha: 1 mes hacia atras",1015.0
2026-10-02T15:29:24-03:00,Agenda,"Segundo ingreso: Tipo de instrumento Operaciones a plazo, estado: Cobrado, Concepto: Venta, fecha: 3 meses hacia atras",992.0
2026-10-02T15:29:24-03:00,Agenda,"Segundo ingreso: Tipo de instrumento Operaciones a plazo, estado: Pendiente, fecha: 1 mes hacia atras",1229.0
2026-10-02T15:29:24-03:00,Agenda,"Segundo ingreso: Tipo de instrumento Operaciones a plazo, estado: pendiente",622.0
2026-10-02T15:29:24-03:00,Home,Ingreso a MPC,4262.0
2026-10-02T15:29:24-03:00,Home,Primer ingreso al menú Home,6150.0
2026-10-02T15:29:24-03:00,Home,Primer ingreso al portfolio Oldelval SA desde el Home,6974.0
2026-10-02T15:29:24-03:00,Home,Primer ingreso al portfolio Oldelval SDE desde el Home,6114.0
2026-10-02T15:29:24-03:00,Home,Primer ingreso al portfolio Total Compañia desde el Home,7429.0
2026-10-02T15:29:24-03:00,Home,Segundo ingreso al menú Home,2776.0
2026-10-02T15:29:24-03:00,Home,Segundo ingreso al portfolio Oldelval SA desde el Home,6647.0
2026-10-02T15:29:24-03:00,Home,Segundo ingreso al portfolio Oldelval SDE desde el Home,6155.0
2026-10-02T15:29:24-03:00,Home,Segundo ingreso al portfolio Total Compañia desde el Home,6622.0
2026-10-02T15:29:24-03:00,Mis depositarios,Agrupar por especie todas las cuentas disponibles,1221.0
2026-10-02T15:29:24-03:00,Mis depositarios,Deseleccionar la cuenta Adcap (ADCAP),5777.0
2026-10-02T15:29:24-03:00,Mis depositarios,Deseleccionar la cuenta Allaria (ALLARIA),6322.0
2026-10-02T15:29:24-03:00,Mis depositarios,Deseleccionar la cuenta BBVA (Banco BBVA),5399.0
2026-10-02T15:29:24-03:00,Mis depositarios,Deseleccionar la cuenta Balanz (BALANZ CAPITAL VALORES SA),5126.0
2026-10-02T15:29:24-03:00,Mis depositarios,Deseleccionar la cuenta Banco Comafi (Banco Comafi),5802.0
2026-10-02T15:29:24-03:00,Mis depositarios,Deseleccionar la cuenta Banco Macro (BANCO MACRO),5128.0
2026-10-02T15:29:24-03:00,Mis depositarios,Deseleccionar la cuenta Banco Macro (Banco Maco B),5471.0
2026-10-02T15:29:24-03:00,Mis depositarios,Deseleccionar la cuenta Banco Macro (Banco Macro USD),5538.0
2026-10-02T15:29:24-03:00,Mis depositarios,Deseleccionar la cuenta Banco Nación (Banco Nacion),5431.0
2026-10-02T15:29:24-03:00,Mis depositarios,Deseleccionar la cuenta Banco Patagonia (BANCO PATAGONIA),5809.0
2026-10-02T15:29:24-03:00,Mis depositarios,Deseleccionar la cuenta Banco Patagonia (Banco Patagonia USD),5303.0
2026-10-02T15:29:24-03:00,Mis depositarios,Deseleccionar la cuenta Citi (Banco Citi),5318.0
2026-10-02T15:29:24-03:00,Mis depositarios,Deseleccionar la cuenta Cocos Capital (Cocos Capital SA),5701.0
2026-10-02T15:29:24-03:00,Mis depositarios,Deseleccionar la cuenta Facimex (FACIMEX),4847.0
2026-10-02T15:29:24-03:00,Mis depositarios,Deseleccionar la cuenta Galicia (BANCO GALICIA),5582.0
2026-10-02T15:29:24-03:00,Mis depositarios,Deseleccionar la cuenta Galicia (Galicia SDE),5885.0
2026-10-02T15:29:24-03:00,Mis depositarios,Deseleccionar la cuenta Galicia (Galicia USD),5020.0
2026-10-02T15:29:24-03:00,Mis depositarios,Deseleccionar la cuenta ICBC (BANCO ICBC),5233.0
2026-10-02T15:29:24-03:00,Mis depositarios,Deseleccionar la cuenta ICBC (Banco ICBC (B)),4999.0
2026-10-02T15:29:24-03:00,Mis depositarios,Deseleccionar la cuenta ICBC (Banco ICBC USD),5068.0
2026-10-02T15:29:24-03:00,Mis depositarios,Deseleccionar la cuenta Invertir En Bolsa (INVERTIR EN BOLSA),5431.0
2026-10-02T15:29:24-03:00,Mis depositarios,Deseleccionar la cuenta Macro Securities (MACRO SECURITIES),5393.0
2026-10-02T15:29:24-03:00,Mis depositarios,Deseleccionar la cuenta Max Capital (MAX CAPITAL SA),5275.0
2026-10-02T15:29:24-03:00,Mis depositarios,Deseleccionar la cuenta One618 (ONE 618),6122.0
2026-10-02T15:29:24-03:00,Mis depositarios,Deseleccionar la cuenta Portfolio Personal Inversiones (Prueba),5724.0
2026-10-02T15:29:24-03:00,Mis depositarios,Deseleccionar la cuenta Puente Hermanos (PUENTE HNOS),4906.0
2026-10-02T15:29:24-03:00,Mis depositarios,Deseleccionar la cuenta SBS (SBS),4769.0
2026-10-02T15:29:24-03:00,Mis depositarios,Deseleccionar la cuenta Santander (Banco Santander),5810.0
2026-10-02T15:29:24-03:00,Mis depositarios,Deseleccionar la cuenta Schroders (Schroders USD),4650.0
2026-10-02T15:29:24-03:00,Mis depositarios,Deseleccionar todas las cuentas del depositario Adcap,4963.0
2026-10-02T15:29:24-03:00,Mis depositarios,Deseleccionar todas las cuentas del depositario Allaria,5817.0
2026-10-02T15:29:24-03:00,Mis depositarios,Deseleccionar todas las cuentas del depositario BBVA,5402.0
2026-10-02T15:29:24-03:00,Mis depositarios,Deseleccionar todas las cuentas del depositario Balanz,5228.0
2026-10-02T15:29:24-03:00,Mis depositarios,Deseleccionar todas las cuentas del depositario Banco Comafi,5555.0
2026-10-02T15:29:24-03:00,Mis depositarios,Deseleccionar todas las cuentas del depositario Banco Macro,5150.0
2026-10-02T15:29:24-03:00,Mis depositarios,Deseleccionar todas las cuentas del depositario Banco Nación,4484.0
2026-10-02T15:29:24-03:00,Mis depositarios,Deseleccionar todas las cuentas del depositario Banco Patagonia,4914.0
2026-10-02T15:29:24-03:00,Mis depositarios,Deseleccionar todas las cuentas del depositario Citi,5050.0
2026-10-02T15:29:24-03:00,Mis depositarios,Deseleccionar todas las cuentas del depositario Cocos Capital,5057.0
2026-10-02T15:29:24-03:00,Mis depositarios,Deseleccionar todas las cuentas del depositario Facimex,4025.0
2026-10-02T15:29:24-03:00,Mis depositarios,Deseleccionar todas las cuentas del depositario Galicia,5164.0
2026-10-02T15:29:24-03:00,Mis depositarios,Deseleccionar todas las cuentas del depositario ICBC,5130.0
2026-10-02T15:29:24-03:00,Mis depositarios,Deseleccionar todas las cuentas del depositario Invertir En Bolsa,5893.0
2026-10-02T15:29:24-03:00,Mis depositarios,Deseleccionar todas las cuentas del depositario Macro Securities,3926.0
2026-10-02T15:29:24-03:00,Mis depositarios,Deseleccionar todas las cuentas del depositario Max Capital,4479.0
2026-10-02T15:29:24-03:00,Mis depositarios,Deseleccionar todas las cuentas del depositario One618,4984.0
2026-10-02T15:29:24-03:00,Mis depositarios,Deseleccionar todas las cuentas del depositario Portfolio Personal Inversiones,5120.0
2026-10-02T15:29:24-03:00,Mis depositarios,Deseleccionar todas las cuentas del depositario Puente Hermanos,4982.0
2026-10-02T15:29:24-03:00,Mis depositarios,Deseleccionar todas las cuentas del depositario SBS,5163.0
2026-10-02T15:29:24-03:00,Mis depositarios,Deseleccionar todas las cuentas del depositario Santander,4935.0
2026-10-02T15:29:24-03:00,Mis depositarios,Deseleccionar todas las cuentas del depositario Schroders,5229.0
2026-10-02T15:29:24-03:00,Mis depositarios,Deseleccionar todas las cuentas disponibles,4565.0
2026-10-02T15:29:24-03:00,Mis depositarios,Primer ingreso al menú Mis depositarios,3919.0
2026-10-02T15:29:24-03:00,Mis depositarios,Seleccionar la cuenta Adcap (ADCAP),5419.0
2026-10-02T15:29:24-03:00,Mis depositarios,Seleccionar la cuenta Allaria (ALLARIA),5045.0
2026-10-02T15:29:24-03:00,Mis depositarios,Seleccionar la cuenta BBVA (Banco BBVA),5338.0
2026-10-02T15:29:24-03:00,Mis depositarios,Seleccionar la cuenta Balanz (BALANZ CAPITAL VALORES SA),5161.0
2026-10-02T15:29:24-03:00,Mis depositarios,Seleccionar la cuenta Banco Comafi (Banco Comafi),5003.0
2026-10-02T15:29:24-03:00,Mis depositarios,Seleccionar la cuenta Banco Macro (BANCO MACRO),6044.0
2026-10-02T15:29:24-03:00,Mis depositarios,Seleccionar la cuenta Banco Macro (Banco Maco B),5706.0
2026-10-02T15:29:24-03:00,Mis depositarios,Seleccionar la cuenta Banco Macro (Banco Macro USD),5300.0
2026-10-02T15:29:24-03:00,Mis depositarios,Seleccionar la cuenta Banco Nación (Banco Nacion),5224.0
2026-10-02T15:29:24-03:00,Mis depositarios,Seleccionar la cuenta Banco Patagonia (BANCO PATAGONIA),4883.0
2026-10-02T15:29:24-03:00,Mis depositarios,Seleccionar la cuenta Banco Patagonia (Banco Patagonia USD),5036.0
2026-10-02T15:29:24-03:00,Mis depositarios,Seleccionar la cuenta Citi (Banco Citi),6053.0
2026-10-02T15:29:24-03:00,Mis depositarios,Seleccionar la cuenta Cocos Capital (Cocos Capital SA),6152.0
2026-10-02T15:29:24-03:00,Mis depositarios,Seleccionar la cuenta Facimex (FACIMEX),5307.0
2026-10-02T15:29:24-03:00,Mis depositarios,Seleccionar la cuenta Galicia (BANCO GALICIA),5244.0
2026-10-02T15:29:24-03:00,Mis depositarios,Seleccionar la cuenta Galicia (Galicia SDE),5328.0
2026-10-02T15:29:24-03:00,Mis depositarios,Seleccionar la cuenta Galicia (Galicia USD),4694.0
2026-10-02T15:29:24-03:00,Mis depositarios,Seleccionar la cuenta ICBC (BANCO ICBC),5232.0
2026-10-02T15:29:24-03:00,Mis depositarios,Seleccionar la cuenta ICBC (Banco ICBC (B)),5602.0
2026-10-02T15:29:24-03:00,Mis depositarios,Seleccionar la cuenta ICBC (Banco ICBC USD),5855.0
2026-10-02T15:29:24-03:00,Mis depositarios,Seleccionar la cuenta Invertir En Bolsa (INVERTIR EN BOLSA),5822.0
2026-10-02T15:29:24-03:00,Mis depositarios,Seleccionar la cuenta Macro Securities (MACRO SECURITIES),5542.0
2026-10-02T15:29:24-03:00,Mis depositarios,Seleccionar la cuenta Max Capital (MAX CAPITAL SA),5485.0
2026-10-02T15:29:24-03:00,Mis depositarios,Seleccionar la cuenta One618 (ONE 618),5117.0
2026-10-02T15:29:24-03:00,Mis depositarios,Seleccionar la cuenta Portfolio Personal Inversiones (Prueba),5431.0
2026-10-02T15:29:24-03:00,Mis depositarios,Seleccionar la cuenta Puente Hermanos (PUENTE HNOS),5685.0
2026-10-02T15:29:24-03:00,Mis depositarios,Seleccionar la cuenta SBS (SBS),5009.0
2026-10-02T15:29:24-03:00,Mis depositarios,Seleccionar la cuenta Santander (Banco Santander),4961.0
2026-10-02T15:29:24-03:00,Mis depositarios,Seleccionar la cuenta Schroders (Schroders USD),5437.0
2026-10-02T15:29:24-03:00,Mis depositarios,Seleccionar todas las cuentas del depositario Adcap,5347.0
2026-10-02T15:29:24-03:00,Mis depositarios,Seleccionar todas las cuentas del depositario Allaria,5466.0
2026-10-02T15:29:24-03:00,Mis depositarios,Seleccionar todas las cuentas del depositario BBVA,5090.0
2026-10-02T15:29:24-03:00,Mis depositarios,Seleccionar todas las cuentas del depositario Balanz,4496.0
2026-10-02T15:29:24-03:00,Mis depositarios,Seleccionar todas las cuentas del depositario Banco Comafi,5317.0
2026-10-02T15:29:24-03:00,Mis depositarios,Seleccionar todas las cuentas del depositario Banco Macro,5216.0
2026-10-02T15:29:24-03:00,Mis depositarios,Seleccionar todas las cuentas del depositario Banco Nación,4080.0
2026-10-02T15:29:24-03:00,Mis depositarios,Seleccionar todas las cuentas del depositario Banco Patagonia,5072.0
2026-10-02T15:29:24-03:00,Mis depositarios,Seleccionar todas las cuentas del depositario Citi,5332.0
2026-10-02T15:29:24-03:00,Mis depositarios,Seleccionar todas las cuentas del depositario Cocos Capital,6342.0
2026-10-02T15:29:24-03:00,Mis depositarios,Seleccionar todas las cuentas del depositario Facimex,5441.0
2026-10-02T15:29:24-03:00,Mis depositarios,Seleccionar todas las cuentas del depositario Galicia,5582.0
2026-10-02T15:29:24-03:00,Mis depositarios,Seleccionar todas las cuentas del depositario ICBC,5897.0
2026-10-02T15:29:24-03:00,Mis depositarios,Seleccionar todas las cuentas del depositario Invertir En Bolsa,5532.0
2026-10-02T15:29:24-03:00,Mis depositarios,Seleccionar todas las cuentas del depositario Macro Securities,5029.0
2026-10-02T15:29:24-03:00,Mis depositarios,Seleccionar todas las cuentas del depositario Max Capital,4885.0
2026-10-02T15:29:24-03:00,Mis depositarios,Seleccionar todas las cuentas del depositario One618,5189.0
2026-10-02T15:29:24-03:00,Mis depositarios,Seleccionar todas las cuentas del depositario Portfolio Personal Inversiones,5455.0
2026-10-02T15:29:24-03:00,Mis depositarios,Seleccionar todas las cuentas del depositario Puente Hermanos,5503.0
2026-10-02T15:29:24-03:00,Mis depositarios,Seleccionar todas las cuentas del depositario SBS,4501.0
2026-10-02T15:29:24-03:00,Mis depositarios,Seleccionar todas las cuentas del depositario Santander,5296.0
2026-10-02T15:29:24-03:00,Mis depositarios,Seleccionar todas las cuentas del depositario Schroders,5245.0
2026-10-02T15:29:24-03:00,Mis depositarios,Seleccionar todas las cuentas disponibles,5484.0
2026-10-02T15:29:24-03:00,Mis operaciones,Primer ingreso al depositario Adcap,823.0
2026-10-02T15:29:24-03:00,Mis operaciones,Primer ingreso al menú Mis operaciones,5142.0
2026-10-02T15:29:24-03:00,Mis operaciones,Primer ingreso: Depositario Adcap filtro de 1 mes de operaciones,940.0
2026-10-02T15:29:24-03:00,Mis operaciones,Primer ingreso: Filtro de 1 mes de operaciones,4354.0
2026-10-02T15:29:24-03:00,Mis operaciones,Segundo ingreso al depositario Adcap,675.0
2026-10-02T15:29:24-03:00,Mis operaciones,Segundo ingreso al menú Mis operaciones,4220.0
2026-10-02T15:29:24-03:00,Mis operaciones,Segundo ingreso: Depositario Adcap filtro de 1 mes de operaciones,886.0
2026-10-02T15:29:24-03:00,Mis operaciones,Segundo ingreso: Filtro de 1 mes de operaciones,2782.0
2026-10-02T15:29:24-03:00,Mis portfolios,Primer ingreso al menú Mis portfolios,5072.0
2026-10-02T15:29:24-03:00,Mis portfolios,Primer ingreso al portfolio Oldelval SA desde Mis portfolios,5020.0
2026-10-02T15:29:24-03:00,Mis portfolios,Primer ingreso al portfolio Oldelval SDE desde Mis portfolios,4832.0
2026-10-02T15:29:24-03:00,Mis portfolios,Primer ingreso al portfolio Total Compañia desde Mis portfolios,4947.0
2026-10-02T15:29:24-03:00,Mis portfolios,Segundo ingreso al menú Mis portfolios,2191.0
2026-10-02T15:29:24-03:00,Mis portfolios,Segundo ingreso al portfolio Oldelval SA desde Mis portfolios,6288.0
2026-10-02T15:29:24-03:00,Mis portfolios,Segundo ingreso al portfolio Oldelval SDE desde Mis portfolios,5236.0
2026-10-02T15:29:24-03:00,Mis portfolios,Segundo ingreso al portfolio Total Compañia desde Mis portfolios,4858.0
2026-10-02T15:29:24-03:00,Rendimiento,Cambio de método de rentabilidad a TWR,1679.0
2026-10-02T15:29:24-03:00,Rendimiento,Portfolio Oldelval SA: Primer ingreso a la carta de rendimiento Desde el inicio con método MWR,794.0
2026-10-02T15:29:24-03:00,Rendimiento,Portfolio Oldelval SA: Primer ingreso a la carta de rendimiento Desde el inicio con método TWR,746.0
2026-10-02T15:29:24-03:00,Rendimiento,Portfolio Oldelval SA: Primer ingreso a la carta de rendimiento Desde principio de año con método MWR,781.0
2026-10-02T15:29:24-03:00,Rendimiento,Portfolio Oldelval SA: Primer ingreso a la carta de rendimiento Desde principio de año con método TWR,700.0
2026-10-02T15:29:24-03:00,Rendimiento,Portfolio Oldelval SA: Primer ingreso a la carta de rendimiento Desde principio de mes con método MWR,532.0
2026-10-02T15:29:24-03:00,Rendimiento,Portfolio Oldelval SA: Primer ingreso a la carta de rendimiento Desde principio de mes con método TWR,740.0
2026-10-02T15:29:24-03:00,Rendimiento,Portfolio Oldelval SA: Primer ingreso a la carta de rendimiento Última semana con método MWR,545.0
2026-10-02T15:29:24-03:00,Rendimiento,Portfolio Oldelval SA: Primer ingreso a la carta de rendimiento Última semana con método TWR,536.0
2026-10-02T15:29:24-03:00,Rendimiento,Portfolio Oldelval SA: Primer ingreso a la carta de rendimiento Último año con método MWR,723.0
2026-10-02T15:29:24-03:00,Rendimiento,Portfolio Oldelval SA: Primer ingreso a la carta de rendimiento Último año con método TWR,736.0
2026-10-02T15:29:24-03:00,Rendimiento,Portfolio Oldelval SA: Primer ingreso a la carta de rendimiento Último mes con método MWR,643.0
2026-10-02T15:29:24-03:00,Rendimiento,Portfolio Oldelval SA: Primer ingreso a la carta de rendimiento Último mes con método TWR,640.0
2026-10-02T15:29:24-03:00,Rendimiento,Portfolio Oldelval SA: Primer ingreso a la carta de rendimiento Últimos 3 meses con método MWR,746.0
2026-10-02T15:29:24-03:00,Rendimiento,Portfolio Oldelval SA: Primer ingreso a la carta de rendimiento Últimos 3 meses con método TWR,701.0
2026-10-02T15:29:24-03:00,Rendimiento,Portfolio Oldelval SA: Segundo ingreso a la carta de rendimiento Desde el inicio con método MWR,816.0
2026-10-02T15:29:24-03:00,Rendimiento,Portfolio Oldelval SA: Segundo ingreso a la carta de rendimiento Desde el inicio con método TWR,786.0
2026-10-02T15:29:24-03:00,Rendimiento,Portfolio Oldelval SA: Segundo ingreso a la carta de rendimiento Desde principio de año con método MWR,764.0
2026-10-02T15:29:24-03:00,Rendimiento,Portfolio Oldelval SA: Segundo ingreso a la carta de rendimiento Desde principio de año con método TWR,823.0
2026-10-02T15:29:24-03:00,Rendimiento,Portfolio Oldelval SA: Segundo ingreso a la carta de rendimiento Desde principio de mes con método MWR,560.0
2026-10-02T15:29:24-03:00,Rendimiento,Portfolio Oldelval SA: Segundo ingreso a la carta de rendimiento Desde principio de mes con método TWR,519.0
2026-10-02T15:29:24-03:00,Rendimiento,Portfolio Oldelval SA: Segundo ingreso a la carta de rendimiento Última semana con método MWR,601.0
2026-10-02T15:29:24-03:00,Rendimiento,Portfolio Oldelval SA: Segundo ingreso a la carta de rendimiento Última semana con método TWR,597.0
2026-10-02T15:29:24-03:00,Rendimiento,Portfolio Oldelval SA: Segundo ingreso a la carta de rendimiento Último año con método MWR,819.0
2026-10-02T15:29:24-03:00,Rendimiento,Portfolio Oldelval SA: Segundo ingreso a la carta de rendimiento Último año con método TWR,747.0
2026-10-02T15:29:24-03:00,Rendimiento,Portfolio Oldelval SA: Segundo ingreso a la carta de rendimiento Último mes con método MWR,738.0
2026-10-02T15:29:24-03:00,Rendimiento,Portfolio Oldelval SA: Segundo ingreso a la carta de rendimiento Último mes con método TWR,629.0
2026-10-02T15:29:24-03:00,Rendimiento,Portfolio Oldelval SA: Segundo ingreso a la carta de rendimiento Últimos 3 meses con método MWR,792.0
2026-10-02T15:29:24-03:00,Rendimiento,Portfolio Oldelval SA: Segundo ingreso a la carta de rendimiento Últimos 3 meses con método TWR,824.0
2026-10-02T15:29:24-03:00,Rendimiento,Portfolio Oldelval SDE: Primer ingreso a la carta de rendimiento Desde el inicio con método MWR,716.0
2026-10-02T15:29:24-03:00,Rendimiento,Portfolio Oldelval SDE: Primer ingreso a la carta de rendimiento Desde el inicio con método TWR,738.0
2026-10-02T15:29:24-03:00,Rendimiento,Portfolio Oldelval SDE: Primer ingreso a la carta de rendimiento Desde principio de año con método MWR,705.0
2026-10-02T15:29:24-03:00,Rendimiento,Portfolio Oldelval SDE: Primer ingreso a la carta de rendimiento Desde principio de año con método TWR,827.0
2026-10-02T15:29:24-03:00,Rendimiento,Portfolio Oldelval SDE: Primer ingreso a la carta de rendimiento Desde principio de mes con método MWR,558.0
2026-10-02T15:29:24-03:00,Rendimiento,Portfolio Oldelval SDE: Primer ingreso a la carta de rendimiento Desde principio de mes con método TWR,562.0
2026-10-02T15:29:24-03:00,Rendimiento,Portfolio Oldelval SDE: Primer ingreso a la carta de rendimiento Última semana con método MWR,541.0
2026-10-02T15:29:24-03:00,Rendimiento,Portfolio Oldelval SDE: Primer ingreso a la carta de rendimiento Última semana con método TWR,545.0
2026-10-02T15:29:24-03:00,Rendimiento,Portfolio Oldelval SDE: Primer ingreso a la carta de rendimiento Último año con método MWR,719.0
2026-10-02T15:29:24-03:00,Rendimiento,Portfolio Oldelval SDE: Primer ingreso a la carta de rendimiento Último año con método TWR,817.0
2026-10-02T15:29:24-03:00,Rendimiento,Portfolio Oldelval SDE: Primer ingreso a la carta de rendimiento Último mes con método MWR,621.0
2026-10-02T15:29:24-03:00,Rendimiento,Portfolio Oldelval SDE: Primer ingreso a la carta de rendimiento Último mes con método TWR,606.0
2026-10-02T15:29:24-03:00,Rendimiento,Portfolio Oldelval SDE: Primer ingreso a la carta de rendimiento Últimos 3 meses con método MWR,802.0
2026-10-02T15:29:24-03:00,Rendimiento,Portfolio Oldelval SDE: Primer ingreso a la carta de rendimiento Últimos 3 meses con método TWR,923.0
2026-10-02T15:29:24-03:00,Rendimiento,Portfolio Oldelval SDE: Segundo ingreso a la carta de rendimiento Desde el inicio con método MWR,694.0
2026-10-02T15:29:24-03:00,Rendimiento,Portfolio Oldelval SDE: Segundo ingreso a la carta de rendimiento Desde el inicio con método TWR,718.0
2026-10-02T15:29:24-03:00,Rendimiento,Portfolio Oldelval SDE: Segundo ingreso a la carta de rendimiento Desde principio de año con método MWR,662.0
2026-10-02T15:29:24-03:00,Rendimiento,Portfolio Oldelval SDE: Segundo ingreso a la carta de rendimiento Desde principio de año con método TWR,782.0
2026-10-02T15:29:24-03:00,Rendimiento,Portfolio Oldelval SDE: Segundo ingreso a la carta de rendimiento Desde principio de mes con método MWR,535.0
2026-10-02T15:29:24-03:00,Rendimiento,Portfolio Oldelval SDE: Segundo ingreso a la carta de rendimiento Desde principio de mes con método TWR,564.0
2026-10-02T15:29:24-03:00,Rendimiento,Portfolio Oldelval SDE: Segundo ingreso a la carta de rendimiento Última semana con método MWR,517.0
2026-10-02T15:29:24-03:00,Rendimiento,Portfolio Oldelval SDE: Segundo ingreso a la carta de rendimiento Última semana con método TWR,550.0
2026-10-02T15:29:24-03:00,Rendimiento,Portfolio Oldelval SDE: Segundo ingreso a la carta de rendimiento Último año con método MWR,778.0
2026-10-02T15:29:24-03:00,Rendimiento,Portfolio Oldelval SDE: Segundo ingreso a la carta de rendimiento Último año con método TWR,823.0
2026-10-02T15:29:24-03:00,Rendimiento,Portfolio Oldelval SDE: Segundo ingreso a la carta de rendimiento Último mes con método MWR,620.0
2026-10-02T15:29:24-03:00,Rendimiento,Portfolio Oldelval SDE: Segundo ingreso a la carta de rendimiento Último mes con método TWR,611.0
2026-10-02T15:29:24-03:00,Rendimiento,Portfolio Oldelval SDE: Segundo ingreso a la carta de rendimiento Últimos 3 meses con método MWR,713.0
2026-10-02T15:29:24-03:00,Rendimiento,Portfolio Oldelval SDE: Segundo ingreso a la carta de rendimiento Últimos 3 meses con método TWR,664.0
2026-10-02T15:29:24-03:00,Rendimiento,Portfolio Total: Primer ingreso a la carta de rendimiento Desde el inicio con método MWR,762.0
2026-10-02T15:29:24-03:00,Rendimiento,Portfolio Total: Primer ingreso a la carta de rendimiento Desde el inicio con método TWR,739.0
2026-10-02T15:29:24-03:00,Rendimiento,Portfolio Total: Primer ingreso a la carta de rendimiento Desde principio de año con método MWR,735.0
2026-10-02T15:29:24-03:00,Rendimiento,Portfolio Total: Primer ingreso a la carta de rendimiento Desde principio de año con método TWR,889.0
2026-10-02T15:29:24-03:00,Rendimiento,Portfolio Total: Primer ingreso a la carta de rendimiento Desde principio de mes con método MWR,503.0
2026-10-02T15:29:24-03:00,Rendimiento,Portfolio Total: Primer ingreso a la carta de rendimiento Desde principio de mes con método TWR,497.0
2026-10-02T15:29:24-03:00,Rendimiento,Portfolio Total: Primer ingreso a la carta de rendimiento Última semana con método MWR,533.0
2026-10-02T15:29:24-03:00,Rendimiento,Portfolio Total: Primer ingreso a la carta de rendimiento Última semana con método TWR,490.0
2026-10-02T15:29:24-03:00,Rendimiento,Portfolio Total: Primer ingreso a la carta de rendimiento Último año con método MWR,710.0
2026-10-02T15:29:24-03:00,Rendimiento,Portfolio Total: Primer ingreso a la carta de rendimiento Último año con método TWR,798.0
2026-10-02T15:29:24-03:00,Rendimiento,Portfolio Total: Primer ingreso a la carta de rendimiento Último mes con método MWR,653.0
2026-10-02T15:29:24-03:00,Rendimiento,Portfolio Total: Primer ingreso a la carta de rendimiento Último mes con método TWR,547.0
2026-10-02T15:29:24-03:00,Rendimiento,Portfolio Total: Primer ingreso a la carta de rendimiento Últimos 3 meses con método MWR,673.0
2026-10-02T15:29:24-03:00,Rendimiento,Portfolio Total: Primer ingreso a la carta de rendimiento Últimos 3 meses con método TWR,649.0
2026-10-02T15:29:24-03:00,Rendimiento,Portfolio Total: Segundo ingreso a la carta de rendimiento Desde el inicio con método MWR,689.0
2026-10-02T15:29:24-03:00,Rendimiento,Portfolio Total: Segundo ingreso a la carta de rendimiento Desde el inicio con método TWR,695.0
2026-10-02T15:29:24-03:00,Rendimiento,Portfolio Total: Segundo ingreso a la carta de rendimiento Desde principio de año con método MWR,696.0
2026-10-02T15:29:24-03:00,Rendimiento,Portfolio Total: Segundo ingreso a la carta de rendimiento Desde principio de año con método TWR,807.0
2026-10-02T15:29:24-03:00,Rendimiento,Portfolio Total: Segundo ingreso a la carta de rendimiento Desde principio de mes con método MWR,476.0
2026-10-02T15:29:24-03:00,Rendimiento,Portfolio Total: Segundo ingreso a la carta de rendimiento Desde principio de mes con método TWR,488.0
2026-10-02T15:29:24-03:00,Rendimiento,Portfolio Total: Segundo ingreso a la carta de rendimiento Última semana con método MWR,558.0
2026-10-02T15:29:24-03:00,Rendimiento,Portfolio Total: Segundo ingreso a la carta de rendimiento Última semana con método TWR,515.0
2026-10-02T15:29:24-03:00,Rendimiento,Portfolio Total: Segundo ingreso a la carta de rendimiento Último año con método MWR,694.0
2026-10-02T15:29:24-03:00,Rendimiento,Portfolio Total: Segundo ingreso a la carta de rendimiento Último año con método TWR,805.0
2026-10-02T15:29:24-03:00,Rendimiento,Portfolio Total: Segundo ingreso a la carta de rendimiento Último mes con método MWR,578.0
2026-10-02T15:29:24-03:00,Rendimiento,Portfolio Total: Segundo ingreso a la carta de rendimiento Último mes con método TWR,638.0
2026-10-02T15:29:24-03:00,Rendimiento,Portfolio Total: Segundo ingreso a la carta de rendimiento Últimos 3 meses con método MWR,653.0
2026-10-02T15:29:24-03:00,Rendimiento,Portfolio Total: Segundo ingreso a la carta de rendimiento Últimos 3 meses con método TWR,807.0
2026-10-02T15:29:24-03:00,Rendimiento,Primer ingreso al menú Rendimiento,3616.0
2026-10-02T15:29:24-03:00,Rendimiento,Primer ingreso al portfolio Oldelval SA,1839.0
2026-10-02T15:29:24-03:00,Rendimiento,Primer ingreso al portfolio Oldelval SDE,1373.0
2026-10-02T15:29:24-03:00,Rendimiento,Primer ingreso al portfolio Total,2085.0
2026-10-02T15:29:24-03:00,Rendimiento,Segundo ingreso al portfolio Oldelval SA,1317.0
2026-10-02T15:29:24-03:00,Rendimiento,Segundo ingreso al portfolio Oldelval SDE,1109.0
2026-10-02T15:29:24-03:00,Rendimiento,Segundo ingreso al portfolio Total,1098.0
2026-10-06T15:24:41-03:00,Agenda,Primer ingreso al menú Agenda,3220.0
2026-10-06T15:24:41-03:00,Agenda,"Primer ingreso: Tipo de instrumento Bonos, estado: Cobrado",712.0
2026-10-06T15:24:41-03:00,Agenda,"Primer ingreso: Tipo de instrumento Bonos, estado: Cobrado, fecha: 1 mes hacia atras",1090.0
2026-10-06T15:24:41-03:00,Agenda,"Primer ingreso: Tipo de instrumento Bonos, estado: Cobrado, fecha: 3 meses hacia atras",1148.0
2026-10-06T15:24:41-03:00,Agenda,"Primer ingreso: Tipo de instrumento Bonos, estado: Pendiente",858.0
2026-10-06T15:24:41-03:00,Agenda,"Primer ingreso: Tipo de instrumento Bonos, estado: Pendiente, fecha: 1 mes hacia atras",1193.0
2026-10-06T15:24:41-03:00,Agenda,"Primer ingreso: Tipo de instrumento Operaciones a descuento, estado: Cobrado, Concepto: Cancelación anticipada",797.0
2026-10-06T15:24:41-03:00,Agenda,"Primer ingreso: Tipo de instrumento Operaciones a descuento, estado: Cobrado, Concepto: Cancelación anticipada, fecha: 1 mes hacia atras",861.0
2026-10-06T15:24:41-03:00,Agenda,"Primer ingreso: Tipo de instrumento Operaciones a descuento, estado: Cobrado, Concepto: Cancelación anticipada, fecha: 3 meses hacia atras",879.0
2026-10-06T15:24:41-03:00,Agenda,"Primer ingreso: Tipo de instrumento Operaciones a descuento, estado: Cobrado, Concepto: Vencimiento",666.0
2026-10-06T15:24:41-03:00,Agenda,"Primer ingreso: Tipo de instrumento Operaciones a descuento, estado: Cobrado, Concepto: Vencimiento, fecha: 1 mes hacia atras",876.0
2026-10-06T15:24:41-03:00,Agenda,"Primer ingreso: Tipo de instrumento Operaciones a descuento, estado: Cobrado, Concepto: Vencimiento, fecha: 3 meses hacia atras",981.0
2026-10-06T15:24:41-03:00,Agenda,"Primer ingreso: Tipo de instrumento Operaciones a descuento, estado: Cobrado, Concepto: Venta",697.0
2026-10-06T15:24:41-03:00,Agenda,"Primer ingreso: Tipo de instrumento Operaciones a descuento, estado: Cobrado, Concepto: Venta, fecha: 1 mes hacia atras",850.0
2026-10-06T15:24:41-03:00,Agenda,"Primer ingreso: Tipo de instrumento Operaciones a descuento, estado: Cobrado, Concepto: Venta, fecha: 3 meses hacia atras",854.0
2026-10-06T15:24:41-03:00,Agenda,"Primer ingreso: Tipo de instrumento Operaciones a descuento, estado: Pendiente",550.0
2026-10-06T15:24:41-03:00,Agenda,"Primer ingreso: Tipo de instrumento Operaciones a descuento, estado: Pendiente, fecha: 1 mes hacia atras",1135.0
2026-10-06T15:24:41-03:00,Agenda,"Primer ingreso: Tipo de instrumento Operaciones a plazo, estado: Cobrado, Concepto: Cancelación anticipada",808.0
2026-10-06T15:24:41-03:00,Agenda,"Primer ingreso: Tipo de instrumento Operaciones a plazo, estado: Cobrado, Concepto: Cancelación anticipada, fecha: 1 mes hacia atras",891.0
2026-10-06T15:24:41-03:00,Agenda,"Primer ingreso: Tipo de instrumento Operaciones a plazo, estado: Cobrado, Concepto: Cancelación anticipada, fecha: 3 meses hacia atras",878.0
2026-10-06T15:24:41-03:00,Agenda,"Primer ingreso: Tipo de instrumento Operaciones a plazo, estado: Cobrado, Concepto: Vencimiento",712.0
2026-10-06T15:24:41-03:00,Agenda,"Primer ingreso: Tipo de instrumento Operaciones a plazo, estado: Cobrado, Concepto: Vencimiento, fecha: 1 mes hacia atras",911.0
2026-10-06T15:24:41-03:00,Agenda,"Primer ingreso: Tipo de instrumento Operaciones a plazo, estado: Cobrado, Concepto: Vencimiento, fecha: 3 meses hacia atras",866.0
2026-10-06T15:24:41-03:00,Agenda,"Primer ingreso: Tipo de instrumento Operaciones a plazo, estado: Cobrado, Concepto: Venta",847.0
2026-10-06T15:24:41-03:00,Agenda,"Primer ingreso: Tipo de instrumento Operaciones a plazo, estado: Cobrado, Concepto: Venta, fecha: 1 mes hacia atras",888.0
2026-10-06T15:24:41-03:00,Agenda,"Primer ingreso: Tipo de instrumento Operaciones a plazo, estado: Cobrado, Concepto: Venta, fecha: 3 meses hacia atras",857.0
2026-10-06T15:24:41-03:00,Agenda,"Primer ingreso: Tipo de instrumento Operaciones a plazo, estado: Pendiente",540.0
2026-10-06T15:24:41-03:00,Agenda,"Primer ingreso: Tipo de instrumento Operaciones a plazo, estado: Pendiente, fecha: 1 mes hacia atras",1106.0
2026-10-06T15:24:41-03:00,Agenda,Segundo ingreso al menú Agenda,3720.0
2026-10-06T15:24:41-03:00,Agenda,"Segundo ingreso: Tipo de instrumento Bonos, estado: Cobrado",684.0
2026-10-06T15:24:41-03:00,Agenda,"Segundo ingreso: Tipo de instrumento Bonos, estado: Cobrado, fecha: 1 mes hacia atras",1082.0
2026-10-06T15:24:41-03:00,Agenda,"Segundo ingreso: Tipo de instrumento Bonos, estado: Cobrado, fecha: 3 meses hacia atras",1129.0
2026-10-06T15:24:41-03:00,Agenda,"Segundo ingreso: Tipo de instrumento Bonos, estado: Pendiente, fecha: 1 mes hacia atras",1207.0
2026-10-06T15:24:41-03:00,Agenda,"Segundo ingreso: Tipo de instrumento Bonos, estado: pendiente",644.0
2026-10-06T15:24:41-03:00,Agenda,"Segundo ingreso: Tipo de instrumento Operaciones a descuento, estado: Cobrado, Concepto: Cancelación anticipada",829.0
2026-10-06T15:24:41-03:00,Agenda,"Segundo ingreso: Tipo de instrumento Operaciones a descuento, estado: Cobrado, Concepto: Cancelación anticipada, fecha: 1 mes hacia atras",862.0
2026-10-06T15:24:41-03:00,Agenda,"Segundo ingreso: Tipo de instrumento Operaciones a descuento, estado: Cobrado, Concepto: Cancelación anticipada, fecha: 3 meses hacia atras",875.0
2026-10-06T15:24:41-03:00,Agenda,"Segundo ingreso: Tipo de instrumento Operaciones a descuento, estado: Cobrado, Concepto: Vencimiento",734.0
2026-10-06T15:24:41-03:00,Agenda,"Segundo ingreso: Tipo de instrumento Operaciones a descuento, estado: Cobrado, Concepto: Vencimiento, fecha: 1 mes hacia atras",872.0
2026-10-06T15:24:41-03:00,Agenda,"Segundo ingreso: Tipo de instrumento Operaciones a descuento, estado: Cobrado, Concepto: Vencimiento, fecha: 3 meses hacia atras",850.0
2026-10-06T15:24:41-03:00,Agenda,"Segundo ingreso: Tipo de instrumento Operaciones a descuento, estado: Cobrado, Concepto: Venta",685.0
2026-10-06T15:24:41-03:00,Agenda,"Segundo ingreso: Tipo de instrumento Operaciones a descuento, estado: Cobrado, Concepto: Venta, fecha: 1 mes hacia atras",887.0
2026-10-06T15:24:41-03:00,Agenda,"Segundo ingreso: Tipo de instrumento Operaciones a descuento, estado: Cobrado, Concepto: Venta, fecha: 3 meses hacia atras",862.0
2026-10-06T15:24:41-03:00,Agenda,"Segundo ingreso: Tipo de instrumento Operaciones a descuento, estado: Pendiente, fecha: 1 mes hacia atras",1134.0
2026-10-06T15:24:41-03:00,Agenda,"Segundo ingreso: Tipo de instrumento Operaciones a descuento, estado: pendiente",666.0
2026-10-06T15:24:41-03:00,Agenda,"Segundo ingreso: Tipo de instrumento Operaciones a plazo, estado: Cobrado, Concepto: Cancelación anticipada",805.0
2026-10-06T15:24:41-03:00,Agenda,"Segundo ingreso: Tipo de instrumento Operaciones a plazo, estado: Cobrado, Concepto: Cancelación anticipada, fecha: 1 mes hacia atras",868.0
2026-10-06T15:24:41-03:00,Agenda,"Segundo ingreso: Tipo de instrumento Operaciones a plazo, estado: Cobrado, Concepto: Cancelación anticipada, fecha: 3 meses hacia atras",870.0
2026-10-06T15:24:41-03:00,Agenda,"Segundo ingreso: Tipo de instrumento Operaciones a plazo, estado: Cobrado, Concepto: Vencimiento",726.0
2026-10-06T15:24:41-03:00,Agenda,"Segundo ingreso: Tipo de instrumento Operaciones a plazo, estado: Cobrado, Concepto: Vencimiento, fecha: 1 mes hacia atras",867.0
2026-10-06T15:24:41-03:00,Agenda,"Segundo ingreso: Tipo de instrumento Operaciones a plazo, estado: Cobrado, Concepto: Vencimiento, fecha: 3 meses hacia atras",885.0
2026-10-06T15:24:41-03:00,Agenda,"Segundo ingreso: Tipo de instrumento Operaciones a plazo, estado: Cobrado, Concepto: Venta",682.0
2026-10-06T15:24:41-03:00,Agenda,"Segundo ingreso: Tipo de instrumento Operaciones a plazo, estado: Cobrado, Concepto: Venta, fecha: 1 mes hacia atras",881.0
2026-10-06T15:24:41-03:00,Agenda,"Segundo ingreso: Tipo de instrumento Operaciones a plazo, estado: Cobrado, Concepto: Venta, fecha: 3 meses hacia atras",837.0
2026-10-06T15:24:41-03:00,Agenda,"Segundo ingreso: Tipo de instrumento Operaciones a plazo, estado: Pendiente, fecha: 1 mes hacia atras",1084.0
2026-10-06T15:24:41-03:00,Agenda,"Segundo ingreso: Tipo de instrumento Operaciones a plazo, estado: pendiente",536.0
2026-10-06T15:24:41-03:00,Home,Ingreso a MPC,4369.0
2026-10-06T15:24:41-03:00,Home,Primer ingreso al menú Home,4685.0
2026-10-06T15:24:41-03:00,Home,Primer ingreso al portfolio Oldelval SA desde el Home,7097.0
2026-10-06T15:24:41-03:00,Home,Primer ingreso al portfolio Oldelval SDE desde el Home,5510.0
2026-10-06T15:24:41-03:00,Home,Primer ingreso al portfolio Total Compañia desde el Home,6647.0
2026-10-06T15:24:41-03:00,Home,Segundo ingreso al menú Home,2816.0
2026-10-06T15:24:41-03:00,Home,Segundo ingreso al portfolio Oldelval SA desde el Home,6206.0
2026-10-06T15:24:41-03:00,Home,Segundo ingreso al portfolio Oldelval SDE desde el Home,5423.0
2026-10-06T15:24:41-03:00,Home,Segundo ingreso al portfolio Total Compañia desde el Home,7538.0
2026-10-06T15:24:41-03:00,Mis depositarios,Agrupar por especie todas las cuentas disponibles,1133.0
2026-10-06T15:24:41-03:00,Mis depositarios,Deseleccionar la cuenta Adcap (ADCAP),5604.0
2026-10-06T15:24:41-03:00,Mis depositarios,Deseleccionar la cuenta Allaria (ALLARIA),5529.0
2026-10-06T15:24:41-03:00,Mis depositarios,Deseleccionar la cuenta BBVA (Banco BBVA),5376.0
2026-10-06T15:24:41-03:00,Mis depositarios,Deseleccionar la cuenta Balanz (BALANZ CAPITAL VALORES SA),4969.0
2026-10-06T15:24:41-03:00,Mis depositarios,Deseleccionar la cuenta Banco Comafi (Banco Comafi),5442.0
2026-10-06T15:24:41-03:00,Mis depositarios,Deseleccionar la cuenta Banco Macro (BANCO MACRO),5150.0
2026-10-06T15:24:41-03:00,Mis depositarios,Deseleccionar la cuenta Banco Macro (Banco Maco B),3928.0
2026-10-06T15:24:41-03:00,Mis depositarios,Deseleccionar la cuenta Banco Macro (Banco Macro USD),5290.0
2026-10-06T15:24:41-03:00,Mis depositarios,Deseleccionar la cuenta Banco Nación (Banco Nacion),5073.0
2026-10-06T15:24:41-03:00,Mis depositarios,Deseleccionar la cuenta Banco Patagonia (BANCO PATAGONIA),5189.0
2026-10-06T15:24:41-03:00,Mis depositarios,Deseleccionar la cuenta Banco Patagonia (Banco Patagonia USD),4565.0
2026-10-06T15:24:41-03:00,Mis depositarios,Deseleccionar la cuenta Citi (Banco Citi),5342.0
2026-10-06T15:24:41-03:00,Mis depositarios,Deseleccionar la cuenta Cocos Capital (Cocos Capital SA),4615.0
2026-10-06T15:24:41-03:00,Mis depositarios,Deseleccionar la cuenta Facimex (FACIMEX),5288.0
2026-10-06T15:24:41-03:00,Mis depositarios,Deseleccionar la cuenta Galicia (BANCO GALICIA),5366.0
2026-10-06T15:24:41-03:00,Mis depositarios,Deseleccionar la cuenta Galicia (Galicia SDE),5402.0
2026-10-06T15:24:41-03:00,Mis depositarios,Deseleccionar la cuenta Galicia (Galicia USD),6027.0
2026-10-06T15:24:41-03:00,Mis depositarios,Deseleccionar la cuenta ICBC (BANCO ICBC),4729.0
2026-10-06T15:24:41-03:00,Mis depositarios,Deseleccionar la cuenta ICBC (Banco ICBC (B)),4847.0
2026-10-06T15:24:41-03:00,Mis depositarios,Deseleccionar la cuenta ICBC (Banco ICBC USD),6263.0
2026-10-06T15:24:41-03:00,Mis depositarios,Deseleccionar la cuenta Invertir En Bolsa (INVERTIR EN BOLSA),4965.0
2026-10-06T15:24:41-03:00,Mis depositarios,Deseleccionar la cuenta Macro Securities (MACRO SECURITIES),4757.0
2026-10-06T15:24:41-03:00,Mis depositarios,Deseleccionar la cuenta Max Capital (MAX CAPITAL SA),5206.0
2026-10-06T15:24:41-03:00,Mis depositarios,Deseleccionar la cuenta One618 (ONE 618),5042.0
2026-10-06T15:24:41-03:00,Mis depositarios,Deseleccionar la cuenta Portfolio Personal Inversiones (Prueba),5126.0
2026-10-06T15:24:41-03:00,Mis depositarios,Deseleccionar la cuenta Puente Hermanos (PUENTE HNOS),5024.0
2026-10-06T15:24:41-03:00,Mis depositarios,Deseleccionar la cuenta SBS (SBS),5860.0
2026-10-06T15:24:41-03:00,Mis depositarios,Deseleccionar la cuenta Santander (Banco Santander),6059.0
2026-10-06T15:24:41-03:00,Mis depositarios,Deseleccionar la cuenta Schroders (Schroders USD),4696.0
2026-10-06T15:24:41-03:00,Mis depositarios,Deseleccionar todas las cuentas del depositario Adcap,4976.0
2026-10-06T15:24:41-03:00,Mis depositarios,Deseleccionar todas las cuentas del depositario Allaria,5541.0
2026-10-06T15:24:41-03:00,Mis depositarios,Deseleccionar todas las cuentas del depositario BBVA,4469.0
2026-10-06T15:24:41-03:00,Mis depositarios,Deseleccionar todas las cuentas del depositario Balanz,4037.0
2026-10-06T15:24:41-03:00,Mis depositarios,Deseleccionar todas las cuentas del depositario Banco Comafi,5386.0
2026-10-06T15:24:41-03:00,Mis depositarios,Deseleccionar todas las cuentas del depositario Banco Macro,5208.0
2026-10-06T15:24:41-03:00,Mis depositarios,Deseleccionar todas las cuentas del depositario Banco Nación,5290.0
2026-10-06T15:24:41-03:00,Mis depositarios,Deseleccionar todas las cuentas del depositario Banco Patagonia,4854.0
2026-10-06T15:24:41-03:00,Mis depositarios,Deseleccionar todas las cuentas del depositario Citi,5186.0
2026-10-06T15:24:41-03:00,Mis depositarios,Deseleccionar todas las cuentas del depositario Cocos Capital,4988.0
2026-10-06T15:24:41-03:00,Mis depositarios,Deseleccionar todas las cuentas del depositario Facimex,4848.0
2026-10-06T15:24:41-03:00,Mis depositarios,Deseleccionar todas las cuentas del depositario Galicia,5331.0
2026-10-06T15:24:41-03:00,Mis depositarios,Deseleccionar todas las cuentas del depositario ICBC,5129.0
2026-10-06T15:24:41-03:00,Mis depositarios,Deseleccionar todas las cuentas del depositario Invertir En Bolsa,5014.0
2026-10-06T15:24:41-03:00,Mis depositarios,Deseleccionar todas las cuentas del depositario Macro Securities,5372.0
2026-10-06T15:24:41-03:00,Mis depositarios,Deseleccionar todas las cuentas del depositario Max Capital,6268.0
2026-10-06T15:24:41-03:00,Mis depositarios,Deseleccionar todas las cuentas del depositario One618,5159.0
2026-10-06T15:24:41-03:00,Mis depositarios,Deseleccionar todas las cuentas del depositario Portfolio Personal Inversiones,5026.0
2026-10-06T15:24:41-03:00,Mis depositarios,Deseleccionar todas las cuentas del depositario Puente Hermanos,5460.0
2026-10-06T15:24:41-03:00,Mis depositarios,Deseleccionar todas las cuentas del depositario SBS,4785.0
2026-10-06T15:24:41-03:00,Mis depositarios,Deseleccionar todas las cuentas del depositario Santander,4783.0
2026-10-06T15:24:41-03:00,Mis depositarios,Deseleccionar todas las cuentas del depositario Schroders,5356.0
2026-10-06T15:24:41-03:00,Mis depositarios,Deseleccionar todas las cuentas disponibles,4890.0
2026-10-06T15:24:41-03:00,Mis depositarios,Primer ingreso al menú Mis depositarios,4757.0
2026-10-06T15:24:41-03:00,Mis depositarios,Seleccionar la cuenta Adcap (ADCAP),5461.0
2026-10-06T15:24:41-03:00,Mis depositarios,Seleccionar la cuenta Allaria (ALLARIA),5384.0
2026-10-06T15:24:41-03:00,Mis depositarios,Seleccionar la cuenta BBVA (Banco BBVA),6030.0
2026-10-06T15:24:41-03:00,Mis depositarios,Seleccionar la cuenta Balanz (BALANZ CAPITAL VALORES SA),5656.0
2026-10-06T15:24:41-03:00,Mis depositarios,Seleccionar la cuenta Banco Comafi (Banco Comafi),5020.0
2026-10-06T15:24:41-03:00,Mis depositarios,Seleccionar la cuenta Banco Macro (BANCO MACRO),5170.0
2026-10-06T15:24:41-03:00,Mis depositarios,Seleccionar la cuenta Banco Macro (Banco Maco B),6112.0
2026-10-06T15:24:41-03:00,Mis depositarios,Seleccionar la cuenta Banco Macro (Banco Macro USD),5002.0
2026-10-06T15:24:41-03:00,Mis depositarios,Seleccionar la cuenta Banco Nación (Banco Nacion),6029.0
2026-10-06T15:24:41-03:00,Mis depositarios,Seleccionar la cuenta Banco Patagonia (BANCO PATAGONIA),5134.0
2026-10-06T15:24:41-03:00,Mis depositarios,Seleccionar la cuenta Banco Patagonia (Banco Patagonia USD),5225.0
2026-10-06T15:24:41-03:00,Mis depositarios,Seleccionar la cuenta Citi (Banco Citi),5471.0
2026-10-06T15:24:41-03:00,Mis depositarios,Seleccionar la cuenta Cocos Capital (Cocos Capital SA),5219.0
2026-10-06T15:24:41-03:00,Mis depositarios,Seleccionar la cuenta Facimex (FACIMEX),5182.0
2026-10-06T15:24:41-03:00,Mis depositarios,Seleccionar la cuenta Galicia (BANCO GALICIA),5405.0
2026-10-06T15:24:41-03:00,Mis depositarios,Seleccionar la cuenta Galicia (Galicia SDE),4945.0
2026-10-06T15:24:41-03:00,Mis depositarios,Seleccionar la cuenta Galicia (Galicia USD),5188.0
2026-10-06T15:24:41-03:00,Mis depositarios,Seleccionar la cuenta ICBC (BANCO ICBC),5366.0
2026-10-06T15:24:41-03:00,Mis depositarios,Seleccionar la cuenta ICBC (Banco ICBC (B)),5019.0
2026-10-06T15:24:41-03:00,Mis depositarios,Seleccionar la cuenta ICBC (Banco ICBC USD),5438.0
2026-10-06T15:24:41-03:00,Mis depositarios,Seleccionar la cuenta Invertir En Bolsa (INVERTIR EN BOLSA),4445.0
2026-10-06T15:24:41-03:00,Mis depositarios,Seleccionar la cuenta Macro Securities (MACRO SECURITIES),5633.0
2026-10-06T15:24:41-03:00,Mis depositarios,Seleccionar la cuenta Max Capital (MAX CAPITAL SA),5780.0
2026-10-06T15:24:41-03:00,Mis depositarios,Seleccionar la cuenta One618 (ONE 618),5228.0
2026-10-06T15:24:41-03:00,Mis depositarios,Seleccionar la cuenta Portfolio Personal Inversiones (Prueba),5491.0
2026-10-06T15:24:41-03:00,Mis depositarios,Seleccionar la cuenta Puente Hermanos (PUENTE HNOS),5919.0
2026-10-06T15:24:41-03:00,Mis depositarios,Seleccionar la cuenta SBS (SBS),5112.0
2026-10-06T15:24:41-03:00,Mis depositarios,Seleccionar la cuenta Santander (Banco Santander),5076.0
2026-10-06T15:24:41-03:00,Mis depositarios,Seleccionar la cuenta Schroders (Schroders USD),5171.0
2026-10-06T15:24:41-03:00,Mis depositarios,Seleccionar todas las cuentas del depositario Adcap,4928.0
2026-10-06T15:24:41-03:00,Mis depositarios,Seleccionar todas las cuentas del depositario Allaria,5501.0
2026-10-06T15:24:41-03:00,Mis depositarios,Seleccionar todas las cuentas del depositario BBVA,5233.0
2026-10-06T15:24:41-03:00,Mis depositarios,Seleccionar todas las cuentas del depositario Balanz,4806.0
2026-10-06T15:24:41-03:00,Mis depositarios,Seleccionar todas las cuentas del depositario Banco Comafi,5467.0
2026-10-06T15:24:41-03:00,Mis depositarios,Seleccionar todas las cuentas del depositario Banco Macro,5098.0
2026-10-06T15:24:41-03:00,Mis depositarios,Seleccionar todas las cuentas del depositario Banco Nación,5269.0
2026-10-06T15:24:41-03:00,Mis depositarios,Seleccionar todas las cuentas del depositario Banco Patagonia,5324.0
2026-10-06T15:24:41-03:00,Mis depositarios,Seleccionar todas las cuentas del depositario Citi,5316.0
2026-10-06T15:24:41-03:00,Mis depositarios,Seleccionar todas las cuentas del depositario Cocos Capital,5541.0
2026-10-06T15:24:41-03:00,Mis depositarios,Seleccionar todas las cuentas del depositario Facimex,4934.0
2026-10-06T15:24:41-03:00,Mis depositarios,Seleccionar todas las cuentas del depositario Galicia,5448.0
2026-10-06T15:24:41-03:00,Mis depositarios,Seleccionar todas las cuentas del depositario ICBC,5369.0
2026-10-06T15:24:41-03:00,Mis depositarios,Seleccionar todas las cuentas del depositario Invertir En Bolsa,4949.0
2026-10-06T15:24:41-03:00,Mis depositarios,Seleccionar todas las cuentas del depositario Macro Securities,5349.0
2026-10-06T15:24:41-03:00,Mis depositarios,Seleccionar todas las cuentas del depositario Max Capital,5232.0
2026-10-06T15:24:41-03:00,Mis depositarios,Seleccionar todas las cuentas del depositario One618,5008.0
2026-10-06T15:24:41-03:00,Mis depositarios,Seleccionar todas las cuentas del depositario Portfolio Personal Inversiones,5490.0
2026-10-06T15:24:41-03:00,Mis depositarios,Seleccionar todas las cuentas del depositario Puente Hermanos,4847.0
2026-10-06T15:24:41-03:00,Mis depositarios,Seleccionar todas las cuentas del depositario SBS,5108.0
2026-10-06T15:24:41-03:00,Mis depositarios,Seleccionar todas las cuentas del depositario Santander,5288.0
2026-10-06T15:24:41-03:00,Mis depositarios,Seleccionar todas las cuentas del depositario Schroders,6722.0
2026-10-06T15:24:41-03:00,Mis depositarios,Seleccionar todas las cuentas disponibles,6089.0
2026-10-06T15:24:41-03:00,Mis operaciones,Primer ingreso al depositario Adcap,789.0
2026-10-06T15:24:41-03:00,Mis operaciones,Primer ingreso al menú Mis operaciones,5529.0
2026-10-06T15:24:41-03:00,Mis operaciones,Primer ingreso: Depositario Adcap filtro de 1 mes de operaciones,811.0
2026-10-06T15:24:41-03:00,Mis operaciones,Primer ingreso: Filtro de 1 mes de operaciones,3475.0
2026-10-06T15:24:41-03:00,Mis operaciones,Segundo ingreso al depositario Adcap,637.0
2026-10-06T15:24:41-03:00,Mis operaciones,Segundo ingreso al menú Mis operaciones,3938.0
2026-10-06T15:24:41-03:00,Mis operaciones,Segundo ingreso: Depositario Adcap filtro de 1 mes de operaciones,810.0
2026-10-06T15:24:41-03:00,Mis operaciones,Segundo ingreso: Filtro de 1 mes de operaciones,2366.0
2026-10-06T15:24:41-03:00,Mis portfolios,Primer ingreso al menú Mis portfolios,4306.0
2026-10-06T15:24:41-03:00,Mis portfolios,Primer ingreso al portfolio Oldelval SA desde Mis portfolios,5088.0
2026-10-06T15:24:41-03:00,Mis portfolios,Primer ingreso al portfolio Oldelval SDE desde Mis portfolios,4594.0
2026-10-06T15:24:41-03:00,Mis portfolios,Primer ingreso al portfolio Total Compañia desde Mis portfolios,4973.0
2026-10-06T15:24:41-03:00,Mis portfolios,Segundo ingreso al menú Mis portfolios,2030.0
2026-10-06T15:24:41-03:00,Mis portfolios,Segundo ingreso al portfolio Oldelval SA desde Mis portfolios,5070.0
2026-10-06T15:24:41-03:00,Mis portfolios,Segundo ingreso al portfolio Oldelval SDE desde Mis portfolios,4431.0
2026-10-06T15:24:41-03:00,Mis portfolios,Segundo ingreso al portfolio Total Compañia desde Mis portfolios,4458.0
2026-10-06T15:24:41-03:00,Rendimiento,Cambio de método de rentabilidad a TWR,1863.0
2026-10-06T15:24:41-03:00,Rendimiento,Portfolio Oldelval SA: Primer ingreso a la carta de rendimiento Desde el inicio con método MWR,604.0
2026-10-06T15:24:41-03:00,Rendimiento,Portfolio Oldelval SA: Primer ingreso a la carta de rendimiento Desde el inicio con método TWR,665.0
2026-10-06T15:24:41-03:00,Rendimiento,Portfolio Oldelval SA: Primer ingreso a la carta de rendimiento Desde principio de año con método MWR,629.0
2026-10-06T15:24:41-03:00,Rendimiento,Portfolio Oldelval SA: Primer ingreso a la carta de rendimiento Desde principio de año con método TWR,605.0
2026-10-06T15:24:41-03:00,Rendimiento,Portfolio Oldelval SA: Primer ingreso a la carta de rendimiento Desde principio de mes con método MWR,479.0
2026-10-06T15:24:41-03:00,Rendimiento,Portfolio Oldelval SA: Primer ingreso a la carta de rendimiento Desde principio de mes con método TWR,415.0
2026-10-06T15:24:41-03:00,Rendimiento,Portfolio Oldelval SA: Primer ingreso a la carta de rendimiento Última semana con método MWR,417.0
2026-10-06T15:24:41-03:00,Rendimiento,Portfolio Oldelval SA: Primer ingreso a la carta de rendimiento Última semana con método TWR,405.0
2026-10-06T15:24:41-03:00,Rendimiento,Portfolio Oldelval SA: Primer ingreso a la carta de rendimiento Último año con método MWR,758.0
2026-10-06T15:24:41-03:00,Rendimiento,Portfolio Oldelval SA: Primer ingreso a la carta de rendimiento Último año con método TWR,621.0
2026-10-06T15:24:41-03:00,Rendimiento,Portfolio Oldelval SA: Primer ingreso a la carta de rendimiento Último mes con método MWR,483.0
2026-10-06T15:24:41-03:00,Rendimiento,Portfolio Oldelval SA: Primer ingreso a la carta de rendimiento Último mes con método TWR,513.0
2026-10-06T15:24:41-03:00,Rendimiento,Portfolio Oldelval SA: Primer ingreso a la carta de rendimiento Últimos 3 meses con método MWR,597.0
2026-10-06T15:24:41-03:00,Rendimiento,Portfolio Oldelval SA: Primer ingreso a la carta de rendimiento Últimos 3 meses con método TWR,623.0
2026-10-06T15:24:41-03:00,Rendimiento,Portfolio Oldelval SA: Segundo ingreso a la carta de rendimiento Desde el inicio con método MWR,676.0
2026-10-06T15:24:41-03:00,Rendimiento,Portfolio Oldelval SA: Segundo ingreso a la carta de rendimiento Desde el inicio con método TWR,583.0
2026-10-06T15:24:41-03:00,Rendimiento,Portfolio Oldelval SA: Segundo ingreso a la carta de rendimiento Desde principio de año con método MWR,706.0
2026-10-06T15:24:41-03:00,Rendimiento,Portfolio Oldelval SA: Segundo ingreso a la carta de rendimiento Desde principio de año con método TWR,641.0
2026-10-06T15:24:41-03:00,Rendimiento,Portfolio Oldelval SA: Segundo ingreso a la carta de rendimiento Desde principio de mes con método MWR,441.0
2026-10-06T15:24:41-03:00,Rendimiento,Portfolio Oldelval SA: Segundo ingreso a la carta de rendimiento Desde principio de mes con método TWR,419.0
2026-10-06T15:24:41-03:00,Rendimiento,Portfolio Oldelval SA: Segundo ingreso a la carta de rendimiento Última semana con método MWR,426.0
2026-10-06T15:24:41-03:00,Rendimiento,Portfolio Oldelval SA: Segundo ingreso a la carta de rendimiento Última semana con método TWR,460.0
2026-10-06T15:24:41-03:00,Rendimiento,Portfolio Oldelval SA: Segundo ingreso a la carta de rendimiento Último año con método MWR,690.0
2026-10-06T15:24:41-03:00,Rendimiento,Portfolio Oldelval SA: Segundo ingreso a la carta de rendimiento Último año con método TWR,614.0
2026-10-06T15:24:41-03:00,Rendimiento,Portfolio Oldelval SA: Segundo ingreso a la carta de rendimiento Último mes con método MWR,532.0
2026-10-06T15:24:41-03:00,Rendimiento,Portfolio Oldelval SA: Segundo ingreso a la carta de rendimiento Último mes con método TWR,568.0
2026-10-06T15:24:41-03:00,Rendimiento,Portfolio Oldelval SA: Segundo ingreso a la carta de rendimiento Últimos 3 meses con método MWR,605.0
2026-10-06T15:24:41-03:00,Rendimiento,Portfolio Oldelval SA: Segundo ingreso a la carta de rendimiento Últimos 3 meses con método TWR,713.0
2026-10-06T15:24:41-03:00,Rendimiento,Portfolio Oldelval SDE: Primer ingreso a la carta de rendimiento Desde el inicio con método MWR,613.0
2026-10-06T15:24:41-03:00,Rendimiento,Portfolio Oldelval SDE: Primer ingreso a la carta de rendimiento Desde el inicio con método TWR,634.0
2026-10-06T15:24:41-03:00,Rendimiento,Portfolio Oldelval SDE: Primer ingreso a la carta de rendimiento Desde principio de año con método MWR,589.0
2026-10-06T15:24:41-03:00,Rendimiento,Portfolio Oldelval SDE: Primer ingreso a la carta de rendimiento Desde principio de año con método TWR,558.0
2026-10-06T15:24:41-03:00,Rendimiento,Portfolio Oldelval SDE: Primer ingreso a la carta de rendimiento Desde principio de mes con método MWR,413.0
2026-10-06T15:24:41-03:00,Rendimiento,Portfolio Oldelval SDE: Primer ingreso a la carta de rendimiento Desde principio de mes con método TWR,410.0
2026-10-06T15:24:41-03:00,Rendimiento,Portfolio Oldelval SDE: Primer ingreso a la carta de rendimiento Última semana con método MWR,487.0
2026-10-06T15:24:41-03:00,Rendimiento,Portfolio Oldelval SDE: Primer ingreso a la carta de rendimiento Última semana con método TWR,405.0
2026-10-06T15:24:41-03:00,Rendimiento,Portfolio Oldelval SDE: Primer ingreso a la carta de rendimiento Último año con método MWR,554.0
2026-10-06T15:24:41-03:00,Rendimiento,Portfolio Oldelval SDE: Primer ingreso a la carta de rendimiento Último año con método TWR,571.0
2026-10-06T15:24:41-03:00,Rendimiento,Portfolio Oldelval SDE: Primer ingreso a la carta de rendimiento Último mes con método MWR,485.0
2026-10-06T15:24:41-03:00,Rendimiento,Portfolio Oldelval SDE: Primer ingreso a la carta de rendimiento Último mes con método TWR,490.0
2026-10-06T15:24:41-03:00,Rendimiento,Portfolio Oldelval SDE: Primer ingreso a la carta de rendimiento Últimos 3 meses con método MWR,628.0
2026-10-06T15:24:41-03:00,Rendimiento,Portfolio Oldelval SDE: Primer ingreso a la carta de rendimiento Últimos 3 meses con método TWR,605.0
2026-10-06T15:24:41-03:00,Rendimiento,Portfolio Oldelval SDE: Segundo ingreso a la carta de rendimiento Desde el inicio con método MWR,599.0
2026-10-06T15:24:41-03:00,Rendimiento,Portfolio Oldelval SDE: Segundo ingreso a la carta de rendimiento Desde el inicio con método TWR,573.0
2026-10-06T15:24:41-03:00,Rendimiento,Portfolio Oldelval SDE: Segundo ingreso a la carta de rendimiento Desde principio de año con método MWR,537.0
2026-10-06T15:24:41-03:00,Rendimiento,Portfolio Oldelval SDE: Segundo ingreso a la carta de rendimiento Desde principio de año con método TWR,600.0
2026-10-06T15:24:41-03:00,Rendimiento,Portfolio Oldelval SDE: Segundo ingreso a la carta de rendimiento Desde principio de mes con método MWR,410.0
2026-10-06T15:24:41-03:00,Rendimiento,Portfolio Oldelval SDE: Segundo ingreso a la carta de rendimiento Desde principio de mes con método TWR,474.0
2026-10-06T15:24:41-03:00,Rendimiento,Portfolio Oldelval SDE: Segundo ingreso a la carta de rendimiento Última semana con método MWR,404.0
2026-10-06T15:24:41-03:00,Rendimiento,Portfolio Oldelval SDE: Segundo ingreso a la carta de rendimiento Última semana con método TWR,426.0
2026-10-06T15:24:41-03:00,Rendimiento,Portfolio Oldelval SDE: Segundo ingreso a la carta de rendimiento Último año con método MWR,616.0
2026-10-06T15:24:41-03:00,Rendimiento,Portfolio Oldelval SDE: Segundo ingreso a la carta de rendimiento Último año con método TWR,736.0
2026-10-06T15:24:41-03:00,Rendimiento,Portfolio Oldelval SDE: Segundo ingreso a la carta de rendimiento Último mes con método MWR,467.0
2026-10-06T15:24:41-03:00,Rendimiento,Portfolio Oldelval SDE: Segundo ingreso a la carta de rendimiento Último mes con método TWR,497.0
2026-10-06T15:24:41-03:00,Rendimiento,Portfolio Oldelval SDE: Segundo ingreso a la carta de rendimiento Últimos 3 meses con método MWR,627.0
2026-10-06T15:24:41-03:00,Rendimiento,Portfolio Oldelval SDE: Segundo ingreso a la carta de rendimiento Últimos 3 meses con método TWR,612.0
2026-10-06T15:24:41-03:00,Rendimiento,Portfolio Total: Primer ingreso a la carta de rendimiento Desde el inicio con método MWR,719.0
2026-10-06T15:24:41-03:00,Rendimiento,Portfolio Total: Primer ingreso a la carta de rendimiento Desde el inicio con método TWR,605.0
2026-10-06T15:24:41-03:00,Rendimiento,Portfolio Total: Primer ingreso a la carta de rendimiento Desde principio de año con método MWR,649.0
2026-10-06T15:24:41-03:00,Rendimiento,Portfolio Total: Primer ingreso a la carta de rendimiento Desde principio de año con método TWR,634.0
2026-10-06T15:24:41-03:00,Rendimiento,Portfolio Total: Primer ingreso a la carta de rendimiento Desde principio de mes con método MWR,433.0
2026-10-06T15:24:41-03:00,Rendimiento,Portfolio Total: Primer ingreso a la carta de rendimiento Desde principio de mes con método TWR,440.0
2026-10-06T15:24:41-03:00,Rendimiento,Portfolio Total: Primer ingreso a la carta de rendimiento Última semana con método MWR,432.0
2026-10-06T15:24:41-03:00,Rendimiento,Portfolio Total: Primer ingreso a la carta de rendimiento Última semana con método TWR,416.0
2026-10-06T15:24:41-03:00,Rendimiento,Portfolio Total: Primer ingreso a la carta de rendimiento Último año con método MWR,668.0
2026-10-06T15:24:41-03:00,Rendimiento,Portfolio Total: Primer ingreso a la carta de rendimiento Último año con método TWR,685.0
2026-10-06T15:24:41-03:00,Rendimiento,Portfolio Total: Primer ingreso a la carta de rendimiento Último mes con método MWR,475.0
2026-10-06T15:24:41-03:00,Rendimiento,Portfolio Total: Primer ingreso a la carta de rendimiento Último mes con método TWR,522.0
2026-10-06T15:24:41-03:00,Rendimiento,Portfolio Total: Primer ingreso a la carta de rendimiento Últimos 3 meses con método MWR,609.0
2026-10-06T15:24:41-03:00,Rendimiento,Portfolio Total: Primer ingreso a la carta de rendimiento Últimos 3 meses con método TWR,653.0
2026-10-06T15:24:41-03:00,Rendimiento,Portfolio Total: Segundo ingreso a la carta de rendimiento Desde el inicio con método MWR,703.0
2026-10-06T15:24:41-03:00,Rendimiento,Portfolio Total: Segundo ingreso a la carta de rendimiento Desde el inicio con método TWR,694.0
2026-10-06T15:24:41-03:00,Rendimiento,Portfolio Total: Segundo ingreso a la carta de rendimiento Desde principio de año con método MWR,650.0
2026-10-06T15:24:41-03:00,Rendimiento,Portfolio Total: Segundo ingreso a la carta de rendimiento Desde principio de año con método TWR,642.0
2026-10-06T15:24:41-03:00,Rendimiento,Portfolio Total: Segundo ingreso a la carta de rendimiento Desde principio de mes con método MWR,554.0
2026-10-06T15:24:41-03:00,Rendimiento,Portfolio Total: Segundo ingreso a la carta de rendimiento Desde principio de mes con método TWR,444.0
2026-10-06T15:24:41-03:00,Rendimiento,Portfolio Total: Segundo ingreso a la carta de rendimiento Última semana con método MWR,440.0
2026-10-06T15:24:41-03:00,Rendimiento,Portfolio Total: Segundo ingreso a la carta de rendimiento Última semana con método TWR,493.0
2026-10-06T15:24:41-03:00,Rendimiento,Portfolio Total: Segundo ingreso a la carta de rendimiento Último año con método MWR,664.0
2026-10-06T15:24:41-03:00,Rendimiento,Portfolio Total: Segundo ingreso a la carta de rendimiento Último año con método TWR,653.0
2026-10-06T15:24:41-03:00,Rendimiento,Portfolio Total: Segundo ingreso a la carta de rendimiento Último mes con método MWR,601.0
2026-10-06T15:24:41-03:00,Rendimiento,Portfolio Total: Segundo ingreso a la carta de rendimiento Último mes con método TWR,524.0
2026-10-06T15:24:41-03:00,Rendimiento,Portfolio Total: Segundo ingreso a la carta de rendimiento Últimos 3 meses con método MWR,602.0
2026-10-06T15:24:41-03:00,Rendimiento,Portfolio Total: Segundo ingreso a la carta de rendimiento Últimos 3 meses con método TWR,675.0
2026-10-06T15:24:41-03:00,Rendimiento,Primer ingreso al menú Rendimiento,2982.0
2026-10-06T15:24:41-03:00,Rendimiento,Primer ingreso al portfolio Oldelval SA,1814.0
2026-10-06T15:24:41-03:00,Rendimiento,Primer ingreso al portfolio Oldelval SDE,1343.0
2026-10-06T15:24:41-03:00,Rendimiento,Primer ingreso al portfolio Total,2211.0
2026-10-06T15:24:41-03:00,Rendimiento,Segundo ingreso al portfolio Oldelval SA,919.0
2026-10-06T15:24:41-03:00,Rendimiento,Segundo ingreso al portfolio Oldelval SDE,1007.0
2026-10-06T15:24:41-03:00,Rendimiento,Segundo ingreso al portfolio Total,987.0
2026-10-07T15:29:33-03:00,Agenda,Primer ingreso al menú Agenda,4796.0
2026-10-07T15:29:33-03:00,Agenda,"Primer ingreso: Tipo de instrumento Bonos, estado: Cobrado",1071.0
2026-10-07T15:29:33-03:00,Agenda,"Primer ingreso: Tipo de instrumento Bonos, estado: Cobrado, fecha: 1 mes hacia atras",1592.0
2026-10-07T15:29:33-03:00,Agenda,"Primer ingreso: Tipo de instrumento Bonos, estado: Cobrado, fecha: 3 meses hacia atras",1581.0
2026-10-07T15:29:33-03:00,Agenda,"Primer ingreso: Tipo de instrumento Bonos, estado: Pendiente",1165.0
2026-10-07T15:29:33-03:00,Agenda,"Primer ingreso: Tipo de instrumento Bonos, estado: Pendiente, fecha: 1 mes hacia atras",1826.0
2026-10-07T15:29:33-03:00,Agenda,"Primer ingreso: Tipo de instrumento Operaciones a descuento, estado: Cobrado, Concepto: Cancelación anticipada",1210.0
2026-10-07T15:29:33-03:00,Agenda,"Primer ingreso: Tipo de instrumento Operaciones a descuento, estado: Cobrado, Concepto: Cancelación anticipada, fecha: 1 mes hacia atras",1203.0
2026-10-07T15:29:33-03:00,Agenda,"Primer ingreso: Tipo de instrumento Operaciones a descuento, estado: Cobrado, Concepto: Cancelación anticipada, fecha: 3 meses hacia atras",1128.0
2026-10-07T15:29:33-03:00,Agenda,"Primer ingreso: Tipo de instrumento Operaciones a descuento, estado: Cobrado, Concepto: Vencimiento",954.0
2026-10-07T15:29:33-03:00,Agenda,"Primer ingreso: Tipo de instrumento Operaciones a descuento, estado: Cobrado, Concepto: Vencimiento, fecha: 1 mes hacia atras",1308.0
2026-10-07T15:29:33-03:00,Agenda,"Primer ingreso: Tipo de instrumento Operaciones a descuento, estado: Cobrado, Concepto: Vencimiento, fecha: 3 meses hacia atras",1176.0
2026-10-07T15:29:33-03:00,Agenda,"Primer ingreso: Tipo de instrumento Operaciones a descuento, estado: Cobrado, Concepto: Venta",956.0
2026-10-07T15:29:33-03:00,Agenda,"Primer ingreso: Tipo de instrumento Operaciones a descuento, estado: Cobrado, Concepto: Venta, fecha: 1 mes hacia atras",1138.0
2026-10-07T15:29:33-03:00,Agenda,"Primer ingreso: Tipo de instrumento Operaciones a descuento, estado: Cobrado, Concepto: Venta, fecha: 3 meses hacia atras",1161.0
2026-10-07T15:29:33-03:00,Agenda,"Primer ingreso: Tipo de instrumento Operaciones a descuento, estado: Pendiente",790.0
2026-10-07T15:29:33-03:00,Agenda,"Primer ingreso: Tipo de instrumento Operaciones a descuento, estado: Pendiente, fecha: 1 mes hacia atras",1556.0
2026-10-07T15:29:33-03:00,Agenda,"Primer ingreso: Tipo de instrumento Operaciones a plazo, estado: Cobrado, Concepto: Cancelación anticipada",1252.0
2026-10-07T15:29:33-03:00,Agenda,"Primer ingreso: Tipo de instrumento Operaciones a plazo, estado: Cobrado, Concepto: Cancelación anticipada, fecha: 1 mes hacia atras",1174.0
2026-10-07T15:29:33-03:00,Agenda,"Primer ingreso: Tipo de instrumento Operaciones a plazo, estado: Cobrado, Concepto: Cancelación anticipada, fecha: 3 meses hacia atras",1196.0
2026-10-07T15:29:33-03:00,Agenda,"Primer ingreso: Tipo de instrumento Operaciones a plazo, estado: Cobrado, Concepto: Vencimiento",989.0
2026-10-07T15:29:33-03:00,Agenda,"Primer ingreso: Tipo de instrumento Operaciones a plazo, estado: Cobrado, Concepto: Vencimiento, fecha: 1 mes hacia atras",1404.0
2026-10-07T15:29:33-03:00,Agenda,"Primer ingreso: Tipo de instrumento Operaciones a plazo, estado: Cobrado, Concepto: Vencimiento, fecha: 3 meses hacia atras",1231.0
2026-10-07T15:29:33-03:00,Agenda,"Primer ingreso: Tipo de instrumento Operaciones a plazo, estado: Cobrado, Concepto: Venta",979.0
2026-10-07T15:29:33-03:00,Agenda,"Primer ingreso: Tipo de instrumento Operaciones a plazo, estado: Cobrado, Concepto: Venta, fecha: 1 mes hacia atras",1205.0
2026-10-07T15:29:33-03:00,Agenda,"Primer ingreso: Tipo de instrumento Operaciones a plazo, estado: Cobrado, Concepto: Venta, fecha: 3 meses hacia atras",1234.0
2026-10-07T15:29:33-03:00,Agenda,"Primer ingreso: Tipo de instrumento Operaciones a plazo, estado: Pendiente",810.0
2026-10-07T15:29:33-03:00,Agenda,"Primer ingreso: Tipo de instrumento Operaciones a plazo, estado: Pendiente, fecha: 1 mes hacia atras",1890.0
2026-10-07T15:29:33-03:00,Agenda,Segundo ingreso al menú Agenda,4295.0
2026-10-07T15:29:33-03:00,Agenda,"Segundo ingreso: Tipo de instrumento Bonos, estado: Cobrado",947.0
2026-10-07T15:29:33-03:00,Agenda,"Segundo ingreso: Tipo de instrumento Bonos, estado: Cobrado, fecha: 1 mes hacia atras",1451.0
2026-10-07T15:29:33-03:00,Agenda,"Segundo ingreso: Tipo de instrumento Bonos, estado: Cobrado, fecha: 3 meses hacia atras",1515.0
2026-10-07T15:29:33-03:00,Agenda,"Segundo ingreso: Tipo de instrumento Bonos, estado: Pendiente, fecha: 1 mes hacia atras",1595.0
2026-10-07T15:29:33-03:00,Agenda,"Segundo ingreso: Tipo de instrumento Bonos, estado: pendiente",966.0
2026-10-07T15:29:33-03:00,Agenda,"Segundo ingreso: Tipo de instrumento Operaciones a descuento, estado: Cobrado, Concepto: Cancelación anticipada",1131.0
2026-10-07T15:29:33-03:00,Agenda,"Segundo ingreso: Tipo de instrumento Operaciones a descuento, estado: Cobrado, Concepto: Cancelación anticipada, fecha: 1 mes hacia atras",1136.0
2026-10-07T15:29:33-03:00,Agenda,"Segundo ingreso: Tipo de instrumento Operaciones a descuento, estado: Cobrado, Concepto: Cancelación anticipada, fecha: 3 meses hacia atras",1150.0
2026-10-07T15:29:33-03:00,Agenda,"Segundo ingreso: Tipo de instrumento Operaciones a descuento, estado: Cobrado, Concepto: Vencimiento",948.0
2026-10-07T15:29:33-03:00,Agenda,"Segundo ingreso: Tipo de instrumento Operaciones a descuento, estado: Cobrado, Concepto: Vencimiento, fecha: 1 mes hacia atras",1133.0
2026-10-07T15:29:33-03:00,Agenda,"Segundo ingreso: Tipo de instrumento Operaciones a descuento, estado: Cobrado, Concepto: Vencimiento, fecha: 3 meses hacia atras",1121.0
2026-10-07T15:29:33-03:00,Agenda,"Segundo ingreso: Tipo de instrumento Operaciones a descuento, estado: Cobrado, Concepto: Venta",949.0
2026-10-07T15:29:33-03:00,Agenda,"Segundo ingreso: Tipo de instrumento Operaciones a descuento, estado: Cobrado, Concepto: Venta, fecha: 1 mes hacia atras",1255.0
2026-10-07T15:29:33-03:00,Agenda,"Segundo ingreso: Tipo de instrumento Operaciones a descuento, estado: Cobrado, Concepto: Venta, fecha: 3 meses hacia atras",1116.0
2026-10-07T15:29:33-03:00,Agenda,"Segundo ingreso: Tipo de instrumento Operaciones a descuento, estado: Pendiente, fecha: 1 mes hacia atras",1570.0
2026-10-07T15:29:33-03:00,Agenda,"Segundo ingreso: Tipo de instrumento Operaciones a descuento, estado: pendiente",876.0
2026-10-07T15:29:33-03:00,Agenda,"Segundo ingreso: Tipo de instrumento Operaciones a plazo, estado: Cobrado, Concepto: Cancelación anticipada",1318.0
2026-10-07T15:29:33-03:00,Agenda,"Segundo ingreso: Tipo de instrumento Operaciones a plazo, estado: Cobrado, Concepto: Cancelación anticipada, fecha: 1 mes hacia atras",1180.0
2026-10-07T15:29:33-03:00,Agenda,"Segundo ingreso: Tipo de instrumento Operaciones a plazo, estado: Cobrado, Concepto: Cancelación anticipada, fecha: 3 meses hacia atras",1162.0
2026-10-07T15:29:33-03:00,Agenda,"Segundo ingreso: Tipo de instrumento Operaciones a plazo, estado: Cobrado, Concepto: Vencimiento",952.0
2026-10-07T15:29:33-03:00,Agenda,"Segundo ingreso: Tipo de instrumento Operaciones a plazo, estado: Cobrado, Concepto: Vencimiento, fecha: 1 mes hacia atras",1140.0
2026-10-07T15:29:33-03:00,Agenda,"Segundo ingreso: Tipo de instrumento Operaciones a plazo, estado: Cobrado, Concepto: Vencimiento, fecha: 3 meses hacia atras",1176.0
2026-10-07T15:29:33-03:00,Agenda,"Segundo ingreso: Tipo de instrumento Operaciones a plazo, estado: Cobrado, Concepto: Venta",912.0
2026-10-07T15:29:33-03:00,Agenda,"Segundo ingreso: Tipo de instrumento Operaciones a plazo, estado: Cobrado, Concepto: Venta, fecha: 1 mes hacia atras",1145.0
2026-10-07T15:29:33-03:00,Agenda,"Segundo ingreso: Tipo de instrumento Operaciones a plazo, estado: Cobrado, Concepto: Venta, fecha: 3 meses hacia atras",1166.0
2026-10-07T15:29:33-03:00,Agenda,"Segundo ingreso: Tipo de instrumento Operaciones a plazo, estado: Pendiente, fecha: 1 mes hacia atras",1532.0
2026-10-07T15:29:33-03:00,Agenda,"Segundo ingreso: Tipo de instrumento Operaciones a plazo, estado: pendiente",779.0
2026-10-07T15:29:33-03:00,Home,Ingreso a MPC,5856.0
2026-10-07T15:29:33-03:00,Home,Primer ingreso al menú Home,8011.0
2026-10-07T15:29:33-03:00,Home,Primer ingreso al portfolio Oldelval SA desde el Home,9421.0
2026-10-07T15:29:33-03:00,Home,Primer ingreso al portfolio Oldelval SDE desde el Home,6885.0
2026-10-07T15:29:33-03:00,Home,Primer ingreso al portfolio Total Compañia desde el Home,7195.0
2026-10-07T15:29:33-03:00,Home,Segundo ingreso al menú Home,3360.0
2026-10-07T15:29:33-03:00,Home,Segundo ingreso al portfolio Oldelval SA desde el Home,9495.0
2026-10-07T15:29:33-03:00,Home,Segundo ingreso al portfolio Oldelval SDE desde el Home,7370.0
2026-10-07T15:29:33-03:00,Home,Segundo ingreso al portfolio Total Compañia desde el Home,7788.0
2026-10-07T15:29:33-03:00,Mis depositarios,Agrupar por especie todas las cuentas disponibles,1494.0
2026-10-07T15:29:33-03:00,Mis depositarios,Deseleccionar la cuenta Adcap (ADCAP),6152.0
2026-10-07T15:29:33-03:00,Mis depositarios,Deseleccionar la cuenta Allaria (ALLARIA),6350.0
2026-10-07T15:29:33-03:00,Mis depositarios,Deseleccionar la cuenta BBVA (Banco BBVA),5637.0
2026-10-07T15:29:33-03:00,Mis depositarios,Deseleccionar la cuenta Balanz (BALANZ CAPITAL VALORES SA),5608.0
2026-10-07T15:29:33-03:00,Mis depositarios,Deseleccionar la cuenta Banco Comafi (Banco Comafi),6164.0
2026-10-07T15:29:33-03:00,Mis depositarios,Deseleccionar la cuenta Banco Macro (BANCO MACRO),6017.0
2026-10-07T15:29:33-03:00,Mis depositarios,Deseleccionar la cuenta Banco Macro (Banco Maco B),5522.0
2026-10-07T15:29:33-03:00,Mis depositarios,Deseleccionar la cuenta Banco Macro (Banco Macro USD),6155.0
2026-10-07T15:29:33-03:00,Mis depositarios,Deseleccionar la cuenta Banco Nación (Banco Nacion),5586.0
2026-10-07T15:29:33-03:00,Mis depositarios,Deseleccionar la cuenta Banco Patagonia (BANCO PATAGONIA),5690.0
2026-10-07T15:29:33-03:00,Mis depositarios,Deseleccionar la cuenta Banco Patagonia (Banco Patagonia USD),5154.0
2026-10-07T15:29:33-03:00,Mis depositarios,Deseleccionar la cuenta Citi (Banco Citi),5788.0
2026-10-07T15:29:33-03:00,Mis depositarios,Deseleccionar la cuenta Cocos Capital (Cocos Capital SA),5694.0
2026-10-07T15:29:33-03:00,Mis depositarios,Deseleccionar la cuenta Facimex (FACIMEX),5750.0
2026-10-07T15:29:33-03:00,Mis depositarios,Deseleccionar la cuenta Galicia (BANCO GALICIA),5912.0
2026-10-07T15:29:33-03:00,Mis depositarios,Deseleccionar la cuenta Galicia (Galicia SDE),6091.0
2026-10-07T15:29:33-03:00,Mis depositarios,Deseleccionar la cuenta Galicia (Galicia USD),5367.0
2026-10-07T15:29:33-03:00,Mis depositarios,Deseleccionar la cuenta ICBC (BANCO ICBC),5321.0
2026-10-07T15:29:33-03:00,Mis depositarios,Deseleccionar la cuenta ICBC (Banco ICBC (B)),5899.0
2026-10-07T15:29:33-03:00,Mis depositarios,Deseleccionar la cuenta ICBC (Banco ICBC USD),5536.0
2026-10-07T15:29:33-03:00,Mis depositarios,Deseleccionar la cuenta Invertir En Bolsa (INVERTIR EN BOLSA),5454.0
2026-10-07T15:29:33-03:00,Mis depositarios,Deseleccionar la cuenta Macro Securities (MACRO SECURITIES),6104.0
2026-10-07T15:29:33-03:00,Mis depositarios,Deseleccionar la cuenta Max Capital (MAX CAPITAL SA),5325.0
2026-10-07T15:29:33-03:00,Mis depositarios,Deseleccionar la cuenta One618 (ONE 618),6119.0
2026-10-07T15:29:33-03:00,Mis depositarios,Deseleccionar la cuenta Portfolio Personal Inversiones (Prueba),6086.0
2026-10-07T15:29:33-03:00,Mis depositarios,Deseleccionar la cuenta Puente Hermanos (PUENTE HNOS),6900.0
2026-10-07T15:29:33-03:00,Mis depositarios,Deseleccionar la cuenta SBS (SBS),6088.0
2026-10-07T15:29:33-03:00,Mis depositarios,Deseleccionar la cuenta Santander (Banco Santander),5826.0
2026-10-07T15:29:33-03:00,Mis depositarios,Deseleccionar la cuenta Schroders (Schroders USD),5540.0
2026-10-07T15:29:33-03:00,Mis depositarios,Deseleccionar todas las cuentas del depositario Adcap,5531.0
2026-10-07T15:29:33-03:00,Mis depositarios,Deseleccionar todas las cuentas del depositario Allaria,4875.0
2026-10-07T15:29:33-03:00,Mis depositarios,Deseleccionar todas las cuentas del depositario BBVA,5559.0
2026-10-07T15:29:33-03:00,Mis depositarios,Deseleccionar todas las cuentas del depositario Balanz,5690.0
2026-10-07T15:29:33-03:00,Mis depositarios,Deseleccionar todas las cuentas del depositario Banco Comafi,5073.0
2026-10-07T15:29:33-03:00,Mis depositarios,Deseleccionar todas las cuentas del depositario Banco Macro,5468.0
2026-10-07T15:29:33-03:00,Mis depositarios,Deseleccionar todas las cuentas del depositario Banco Nación,5466.0
2026-10-07T15:29:33-03:00,Mis depositarios,Deseleccionar todas las cuentas del depositario Banco Patagonia,5378.0
2026-10-07T15:29:33-03:00,Mis depositarios,Deseleccionar todas las cuentas del depositario Citi,5531.0
2026-10-07T15:29:33-03:00,Mis depositarios,Deseleccionar todas las cuentas del depositario Cocos Capital,5575.0
2026-10-07T15:29:33-03:00,Mis depositarios,Deseleccionar todas las cuentas del depositario Facimex,5249.0
2026-10-07T15:29:33-03:00,Mis depositarios,Deseleccionar todas las cuentas del depositario Galicia,4871.0
2026-10-07T15:29:33-03:00,Mis depositarios,Deseleccionar todas las cuentas del depositario ICBC,5496.0
2026-10-07T15:29:33-03:00,Mis depositarios,Deseleccionar todas las cuentas del depositario Invertir En Bolsa,5280.0
2026-10-07T15:29:33-03:00,Mis depositarios,Deseleccionar todas las cuentas del depositario Macro Securities,5640.0
2026-10-07T15:29:33-03:00,Mis depositarios,Deseleccionar todas las cuentas del depositario Max Capital,5360.0
2026-10-07T15:29:33-03:00,Mis depositarios,Deseleccionar todas las cuentas del depositario One618,5781.0
2026-10-07T15:29:33-03:00,Mis depositarios,Deseleccionar todas las cuentas del depositario Portfolio Personal Inversiones,5389.0
2026-10-07T15:29:33-03:00,Mis depositarios,Deseleccionar todas las cuentas del depositario Puente Hermanos,5257.0
2026-10-07T15:29:33-03:00,Mis depositarios,Deseleccionar todas las cuentas del depositario SBS,5531.0
2026-10-07T15:29:33-03:00,Mis depositarios,Deseleccionar todas las cuentas del depositario Santander,5390.0
2026-10-07T15:29:33-03:00,Mis depositarios,Deseleccionar todas las cuentas del depositario Schroders,5252.0
2026-10-07T15:29:33-03:00,Mis depositarios,Deseleccionar todas las cuentas disponibles,5090.0
2026-10-07T15:29:33-03:00,Mis depositarios,Primer ingreso al menú Mis depositarios,5217.0
2026-10-07T15:29:33-03:00,Mis depositarios,Seleccionar la cuenta Adcap (ADCAP),5884.0
2026-10-07T15:29:33-03:00,Mis depositarios,Seleccionar la cuenta Allaria (ALLARIA),5397.0
2026-10-07T15:29:33-03:00,Mis depositarios,Seleccionar la cuenta BBVA (Banco BBVA),5680.0
2026-10-07T15:29:33-03:00,Mis depositarios,Seleccionar la cuenta Balanz (BALANZ CAPITAL VALORES SA),6627.0
2026-10-07T15:29:33-03:00,Mis depositarios,Seleccionar la cuenta Banco Comafi (Banco Comafi),4966.0
2026-10-07T15:29:33-03:00,Mis depositarios,Seleccionar la cuenta Banco Macro (BANCO MACRO),5935.0
2026-10-07T15:29:33-03:00,Mis depositarios,Seleccionar la cuenta Banco Macro (Banco Maco B),5781.0
2026-10-07T15:29:33-03:00,Mis depositarios,Seleccionar la cuenta Banco Macro (Banco Macro USD),5617.0
2026-10-07T15:29:33-03:00,Mis depositarios,Seleccionar la cuenta Banco Nación (Banco Nacion),6394.0
2026-10-07T15:29:33-03:00,Mis depositarios,Seleccionar la cuenta Banco Patagonia (BANCO PATAGONIA),5889.0
2026-10-07T15:29:33-03:00,Mis depositarios,Seleccionar la cuenta Banco Patagonia (Banco Patagonia USD),5341.0
2026-10-07T15:29:33-03:00,Mis depositarios,Seleccionar la cuenta Citi (Banco Citi),5752.0
2026-10-07T15:29:33-03:00,Mis depositarios,Seleccionar la cuenta Cocos Capital (Cocos Capital SA),5620.0
2026-10-07T15:29:33-03:00,Mis depositarios,Seleccionar la cuenta Facimex (FACIMEX),5595.0
2026-10-07T15:29:33-03:00,Mis depositarios,Seleccionar la cuenta Galicia (BANCO GALICIA),5333.0
2026-10-07T15:29:33-03:00,Mis depositarios,Seleccionar la cuenta Galicia (Galicia SDE),5591.0
2026-10-07T15:29:33-03:00,Mis depositarios,Seleccionar la cuenta Galicia (Galicia USD),5028.0
2026-10-07T15:29:33-03:00,Mis depositarios,Seleccionar la cuenta ICBC (BANCO ICBC),5260.0
2026-10-07T15:29:33-03:00,Mis depositarios,Seleccionar la cuenta ICBC (Banco ICBC (B)),6912.0
2026-10-07T15:29:33-03:00,Mis depositarios,Seleccionar la cuenta ICBC (Banco ICBC USD),6364.0
2026-10-07T15:29:33-03:00,Mis depositarios,Seleccionar la cuenta Invertir En Bolsa (INVERTIR EN BOLSA),5826.0
2026-10-07T15:29:33-03:00,Mis depositarios,Seleccionar la cuenta Macro Securities (MACRO SECURITIES),6070.0
2026-10-07T15:29:33-03:00,Mis depositarios,Seleccionar la cuenta Max Capital (MAX CAPITAL SA),6331.0
2026-10-07T15:29:33-03:00,Mis depositarios,Seleccionar la cuenta One618 (ONE 618),4890.0
2026-10-07T15:29:33-03:00,Mis depositarios,Seleccionar la cuenta Portfolio Personal Inversiones (Prueba),5305.0
2026-10-07T15:29:33-03:00,Mis depositarios,Seleccionar la cuenta Puente Hermanos (PUENTE HNOS),5862.0
2026-10-07T15:29:33-03:00,Mis depositarios,Seleccionar la cuenta SBS (SBS),5451.0
2026-10-07T15:29:33-03:00,Mis depositarios,Seleccionar la cuenta Santander (Banco Santander),5460.0
2026-10-07T15:29:33-03:00,Mis depositarios,Seleccionar la cuenta Schroders (Schroders USD),5909.0
2026-10-07T15:29:33-03:00,Mis depositarios,Seleccionar todas las cuentas del depositario Adcap,5705.0
2026-10-07T15:29:33-03:00,Mis depositarios,Seleccionar todas las cuentas del depositario Allaria,5735.0
2026-10-07T15:29:33-03:00,Mis depositarios,Seleccionar todas las cuentas del depositario BBVA,5298.0
2026-10-07T15:29:33-03:00,Mis depositarios,Seleccionar todas las cuentas del depositario Balanz,5855.0
2026-10-07T15:29:33-03:00,Mis depositarios,Seleccionar todas las cuentas del depositario Banco Comafi,5779.0
2026-10-07T15:29:33-03:00,Mis depositarios,Seleccionar todas las cuentas del depositario Banco Macro,5501.0
2026-10-07T15:29:33-03:00,Mis depositarios,Seleccionar todas las cuentas del depositario Banco Nación,5447.0
2026-10-07T15:29:33-03:00,Mis depositarios,Seleccionar todas las cuentas del depositario Banco Patagonia,5540.0
2026-10-07T15:29:33-03:00,Mis depositarios,Seleccionar todas las cuentas del depositario Citi,5613.0
2026-10-07T15:29:33-03:00,Mis depositarios,Seleccionar todas las cuentas del depositario Cocos Capital,5453.0
2026-10-07T15:29:33-03:00,Mis depositarios,Seleccionar todas las cuentas del depositario Facimex,5882.0
2026-10-07T15:29:33-03:00,Mis depositarios,Seleccionar todas las cuentas del depositario Galicia,5694.0
2026-10-07T15:29:33-03:00,Mis depositarios,Seleccionar todas las cuentas del depositario ICBC,5628.0
2026-10-07T15:29:33-03:00,Mis depositarios,Seleccionar todas las cuentas del depositario Invertir En Bolsa,6381.0
2026-10-07T15:29:33-03:00,Mis depositarios,Seleccionar todas las cuentas del depositario Macro Securities,5553.0
2026-10-07T15:29:33-03:00,Mis depositarios,Seleccionar todas las cuentas del depositario Max Capital,5425.0
2026-10-07T15:29:33-03:00,Mis depositarios,Seleccionar todas las cuentas del depositario One618,5666.0
2026-10-07T15:29:33-03:00,Mis depositarios,Seleccionar todas las cuentas del depositario Portfolio Personal Inversiones,5439.0
2026-10-07T15:29:33-03:00,Mis depositarios,Seleccionar todas las cuentas del depositario Puente Hermanos,5243.0
2026-10-07T15:29:33-03:00,Mis depositarios,Seleccionar todas las cuentas del depositario SBS,6160.0
2026-10-07T15:29:33-03:00,Mis depositarios,Seleccionar todas las cuentas del depositario Santander,5403.0
2026-10-07T15:29:33-03:00,Mis depositarios,Seleccionar todas las cuentas del depositario Schroders,5244.0
2026-10-07T15:29:33-03:00,Mis depositarios,Seleccionar todas las cuentas disponibles,5374.0
2026-10-07T15:29:33-03:00,Mis operaciones,Primer ingreso al depositario Adcap,1093.0
2026-10-07T15:29:33-03:00,Mis operaciones,Primer ingreso al menú Mis operaciones,5990.0
2026-10-07T15:29:33-03:00,Mis operaciones,Primer ingreso: Depositario Adcap filtro de 1 mes de operaciones,1113.0
2026-10-07T15:29:33-03:00,Mis operaciones,Primer ingreso: Filtro de 1 mes de operaciones,4074.0
2026-10-07T15:29:33-03:00,Mis operaciones,Segundo ingreso al depositario Adcap,991.0
2026-10-07T15:29:33-03:00,Mis operaciones,Segundo ingreso al menú Mis operaciones,4815.0
2026-10-07T15:29:33-03:00,Mis operaciones,Segundo ingreso: Depositario Adcap filtro de 1 mes de operaciones,1118.0
2026-10-07T15:29:33-03:00,Mis operaciones,Segundo ingreso: Filtro de 1 mes de operaciones,3069.0
2026-10-07T15:29:33-03:00,Mis portfolios,Primer ingreso al menú Mis portfolios,6920.0
2026-10-07T15:29:33-03:00,Mis portfolios,Primer ingreso al portfolio Oldelval SA desde Mis portfolios,6209.0
2026-10-07T15:29:33-03:00,Mis portfolios,Primer ingreso al portfolio Oldelval SDE desde Mis portfolios,5477.0
2026-10-07T15:29:33-03:00,Mis portfolios,Primer ingreso al portfolio Total Compañia desde Mis portfolios,5973.0
2026-10-07T15:29:33-03:00,Mis portfolios,Segundo ingreso al menú Mis portfolios,2158.0
2026-10-07T15:29:33-03:00,Mis portfolios,Segundo ingreso al portfolio Oldelval SA desde Mis portfolios,5564.0
2026-10-07T15:29:33-03:00,Mis portfolios,Segundo ingreso al portfolio Oldelval SDE desde Mis portfolios,10263.0
2026-10-07T15:29:33-03:00,Mis portfolios,Segundo ingreso al portfolio Total Compañia desde Mis portfolios,5720.0
2026-10-07T15:29:33-03:00,Rendimiento,Cambio de método de rentabilidad a TWR,2271.0
2026-10-07T15:29:33-03:00,Rendimiento,Portfolio Oldelval SA: Primer ingreso a la carta de rendimiento Desde el inicio con método MWR,957.0
2026-10-07T15:29:33-03:00,Rendimiento,Portfolio Oldelval SA: Primer ingreso a la carta de rendimiento Desde el inicio con método TWR,989.0
2026-10-07T15:29:33-03:00,Rendimiento,Portfolio Oldelval SA: Primer ingreso a la carta de rendimiento Desde principio de año con método MWR,1036.0
2026-10-07T15:29:33-03:00,Rendimiento,Portfolio Oldelval SA: Primer ingreso a la carta de rendimiento Desde principio de año con método TWR,997.0
2026-10-07T15:29:33-03:00,Rendimiento,Portfolio Oldelval SA: Primer ingreso a la carta de rendimiento Desde principio de mes con método MWR,836.0
2026-10-07T15:29:33-03:00,Rendimiento,Portfolio Oldelval SA: Primer ingreso a la carta de rendimiento Desde principio de mes con método TWR,900.0
2026-10-07T15:29:33-03:00,Rendimiento,Portfolio Oldelval SA: Primer ingreso a la carta de rendimiento Última semana con método MWR,701.0
2026-10-07T15:29:33-03:00,Rendimiento,Portfolio Oldelval SA: Primer ingreso a la carta de rendimiento Última semana con método TWR,758.0
2026-10-07T15:29:33-03:00,Rendimiento,Portfolio Oldelval SA: Primer ingreso a la carta de rendimiento Último año con método MWR,1006.0
2026-10-07T15:29:33-03:00,Rendimiento,Portfolio Oldelval SA: Primer ingreso a la carta de rendimiento Último año con método TWR,1105.0
2026-10-07T15:29:33-03:00,Rendimiento,Portfolio Oldelval SA: Primer ingreso a la carta de rendimiento Último mes con método MWR,866.0
2026-10-07T15:29:33-03:00,Rendimiento,Portfolio Oldelval SA: Primer ingreso a la carta de rendimiento Último mes con método TWR,1415.0
2026-10-07T15:29:33-03:00,Rendimiento,Portfolio Oldelval SA: Primer ingreso a la carta de rendimiento Últimos 3 meses con método MWR,980.0
2026-10-07T15:29:33-03:00,Rendimiento,Portfolio Oldelval SA: Primer ingreso a la carta de rendimiento Últimos 3 meses con método TWR,1012.0
2026-10-07T15:29:33-03:00,Rendimiento,Portfolio Oldelval SA: Segundo ingreso a la carta de rendimiento Desde el inicio con método MWR,977.0
2026-10-07T15:29:33-03:00,Rendimiento,Portfolio Oldelval SA: Segundo ingreso a la carta de rendimiento Desde el inicio con método TWR,1049.0
2026-10-07T15:29:33-03:00,Rendimiento,Portfolio Oldelval SA: Segundo ingreso a la carta de rendimiento Desde principio de año con método MWR,1002.0
2026-10-07T15:29:33-03:00,Rendimiento,Portfolio Oldelval SA: Segundo ingreso a la carta de rendimiento Desde principio de año con método TWR,1016.0
2026-10-07T15:29:33-03:00,Rendimiento,Portfolio Oldelval SA: Segundo ingreso a la carta de rendimiento Desde principio de mes con método MWR,832.0
2026-10-07T15:29:33-03:00,Rendimiento,Portfolio Oldelval SA: Segundo ingreso a la carta de rendimiento Desde principio de mes con método TWR,789.0
2026-10-07T15:29:33-03:00,Rendimiento,Portfolio Oldelval SA: Segundo ingreso a la carta de rendimiento Última semana con método MWR,783.0
2026-10-07T15:29:33-03:00,Rendimiento,Portfolio Oldelval SA: Segundo ingreso a la carta de rendimiento Última semana con método TWR,856.0
2026-10-07T15:29:33-03:00,Rendimiento,Portfolio Oldelval SA: Segundo ingreso a la carta de rendimiento Último año con método MWR,1096.0
2026-10-07T15:29:33-03:00,Rendimiento,Portfolio Oldelval SA: Segundo ingreso a la carta de rendimiento Último año con método TWR,992.0
2026-10-07T15:29:33-03:00,Rendimiento,Portfolio Oldelval SA: Segundo ingreso a la carta de rendimiento Último mes con método MWR,1097.0
2026-10-07T15:29:33-03:00,Rendimiento,Portfolio Oldelval SA: Segundo ingreso a la carta de rendimiento Último mes con método TWR,951.0
2026-10-07T15:29:33-03:00,Rendimiento,Portfolio Oldelval SA: Segundo ingreso a la carta de rendimiento Últimos 3 meses con método MWR,926.0
2026-10-07T15:29:33-03:00,Rendimiento,Portfolio Oldelval SA: Segundo ingreso a la carta de rendimiento Últimos 3 meses con método TWR,1018.0
2026-10-07T15:29:33-03:00,Rendimiento,Portfolio Oldelval SDE: Primer ingreso a la carta de rendimiento Desde el inicio con método MWR,969.0
2026-10-07T15:29:33-03:00,Rendimiento,Portfolio Oldelval SDE: Primer ingreso a la carta de rendimiento Desde el inicio con método TWR,997.0
2026-10-07T15:29:33-03:00,Rendimiento,Portfolio Oldelval SDE: Primer ingreso a la carta de rendimiento Desde principio de año con método MWR,948.0
2026-10-07T15:29:33-03:00,Rendimiento,Portfolio Oldelval SDE: Primer ingreso a la carta de rendimiento Desde principio de año con método TWR,1008.0
2026-10-07T15:29:33-03:00,Rendimiento,Portfolio Oldelval SDE: Primer ingreso a la carta de rendimiento Desde principio de mes con método MWR,768.0
2026-10-07T15:29:33-03:00,Rendimiento,Portfolio Oldelval SDE: Primer ingreso a la carta de rendimiento Desde principio de mes con método TWR,898.0
2026-10-07T15:29:33-03:00,Rendimiento,Portfolio Oldelval SDE: Primer ingreso a la carta de rendimiento Última semana con método MWR,758.0
2026-10-07T15:29:33-03:00,Rendimiento,Portfolio Oldelval SDE: Primer ingreso a la carta de rendimiento Última semana con método TWR,866.0
2026-10-07T15:29:33-03:00,Rendimiento,Portfolio Oldelval SDE: Primer ingreso a la carta de rendimiento Último año con método MWR,954.0
2026-10-07T15:29:33-03:00,Rendimiento,Portfolio Oldelval SDE: Primer ingreso a la carta de rendimiento Último año con método TWR,972.0
2026-10-07T15:29:33-03:00,Rendimiento,Portfolio Oldelval SDE: Primer ingreso a la carta de rendimiento Último mes con método MWR,923.0
2026-10-07T15:29:33-03:00,Rendimiento,Portfolio Oldelval SDE: Primer ingreso a la carta de rendimiento Último mes con método TWR,907.0
2026-10-07T15:29:33-03:00,Rendimiento,Portfolio Oldelval SDE: Primer ingreso a la carta de rendimiento Últimos 3 meses con método MWR,915.0
2026-10-07T15:29:33-03:00,Rendimiento,Portfolio Oldelval SDE: Primer ingreso a la carta de rendimiento Últimos 3 meses con método TWR,1023.0
2026-10-07T15:29:33-03:00,Rendimiento,Portfolio Oldelval SDE: Segundo ingreso a la carta de rendimiento Desde el inicio con método MWR,1032.0
2026-10-07T15:29:33-03:00,Rendimiento,Portfolio Oldelval SDE: Segundo ingreso a la carta de rendimiento Desde el inicio con método TWR,940.0
2026-10-07T15:29:33-03:00,Rendimiento,Portfolio Oldelval SDE: Segundo ingreso a la carta de rendimiento Desde principio de año con método MWR,998.0
2026-10-07T15:29:33-03:00,Rendimiento,Portfolio Oldelval SDE: Segundo ingreso a la carta de rendimiento Desde principio de año con método TWR,943.0
2026-10-07T15:29:33-03:00,Rendimiento,Portfolio Oldelval SDE: Segundo ingreso a la carta de rendimiento Desde principio de mes con método MWR,760.0
2026-10-07T15:29:33-03:00,Rendimiento,Portfolio Oldelval SDE: Segundo ingreso a la carta de rendimiento Desde principio de mes con método TWR,837.0
2026-10-07T15:29:33-03:00,Rendimiento,Portfolio Oldelval SDE: Segundo ingreso a la carta de rendimiento Última semana con método MWR,843.0
2026-10-07T15:29:33-03:00,Rendimiento,Portfolio Oldelval SDE: Segundo ingreso a la carta de rendimiento Última semana con método TWR,813.0
2026-10-07T15:29:33-03:00,Rendimiento,Portfolio Oldelval SDE: Segundo ingreso a la carta de rendimiento Último año con método MWR,974.0
2026-10-07T15:29:33-03:00,Rendimiento,Portfolio Oldelval SDE: Segundo ingreso a la carta de rendimiento Último año con método TWR,1067.0
2026-10-07T15:29:33-03:00,Rendimiento,Portfolio Oldelval SDE: Segundo ingreso a la carta de rendimiento Último mes con método MWR,822.0
2026-10-07T15:29:33-03:00,Rendimiento,Portfolio Oldelval SDE: Segundo ingreso a la carta de rendimiento Último mes con método TWR,1013.0
2026-10-07T15:29:33-03:00,Rendimiento,Portfolio Oldelval SDE: Segundo ingreso a la carta de rendimiento Últimos 3 meses con método MWR,979.0
2026-10-07T15:29:33-03:00,Rendimiento,Portfolio Oldelval SDE: Segundo ingreso a la carta de rendimiento Últimos 3 meses con método TWR,1141.0
2026-10-07T15:29:33-03:00,Rendimiento,Portfolio Total: Primer ingreso a la carta de rendimiento Desde el inicio con método MWR,1083.0
2026-10-07T15:29:33-03:00,Rendimiento,Portfolio Total: Primer ingreso a la carta de rendimiento Desde el inicio con método TWR,1141.0
2026-10-07T15:29:33-03:00,Rendimiento,Portfolio Total: Primer ingreso a la carta de rendimiento Desde principio de año con método MWR,984.0
2026-10-07T15:29:33-03:00,Rendimiento,Portfolio Total: Primer ingreso a la carta de rendimiento Desde principio de año con método TWR,1017.0
2026-10-07T15:29:33-03:00,Rendimiento,Portfolio Total: Primer ingreso a la carta de rendimiento Desde principio de mes con método MWR,818.0
2026-10-07T15:29:33-03:00,Rendimiento,Portfolio Total: Primer ingreso a la carta de rendimiento Desde principio de mes con método TWR,785.0
2026-10-07T15:29:33-03:00,Rendimiento,Portfolio Total: Primer ingreso a la carta de rendimiento Última semana con método MWR,805.0
2026-10-07T15:29:33-03:00,Rendimiento,Portfolio Total: Primer ingreso a la carta de rendimiento Última semana con método TWR,760.0
2026-10-07T15:29:33-03:00,Rendimiento,Portfolio Total: Primer ingreso a la carta de rendimiento Último año con método MWR,1156.0
2026-10-07T15:29:33-03:00,Rendimiento,Portfolio Total: Primer ingreso a la carta de rendimiento Último año con método TWR,1039.0
2026-10-07T15:29:33-03:00,Rendimiento,Portfolio Total: Primer ingreso a la carta de rendimiento Último mes con método MWR,923.0
2026-10-07T15:29:33-03:00,Rendimiento,Portfolio Total: Primer ingreso a la carta de rendimiento Último mes con método TWR,853.0
2026-10-07T15:29:33-03:00,Rendimiento,Portfolio Total: Primer ingreso a la carta de rendimiento Últimos 3 meses con método MWR,1107.0
2026-10-07T15:29:33-03:00,Rendimiento,Portfolio Total: Primer ingreso a la carta de rendimiento Últimos 3 meses con método TWR,982.0
2026-10-07T15:29:33-03:00,Rendimiento,Portfolio Total: Segundo ingreso a la carta de rendimiento Desde el inicio con método MWR,1058.0
2026-10-07T15:29:33-03:00,Rendimiento,Portfolio Total: Segundo ingreso a la carta de rendimiento Desde el inicio con método TWR,1055.0
2026-10-07T15:29:33-03:00,Rendimiento,Portfolio Total: Segundo ingreso a la carta de rendimiento Desde principio de año con método MWR,1078.0
2026-10-07T15:29:33-03:00,Rendimiento,Portfolio Total: Segundo ingreso a la carta de rendimiento Desde principio de año con método TWR,1074.0
2026-10-07T15:29:33-03:00,Rendimiento,Portfolio Total: Segundo ingreso a la carta de rendimiento Desde principio de mes con método MWR,836.0
2026-10-07T15:29:33-03:00,Rendimiento,Portfolio Total: Segundo ingreso a la carta de rendimiento Desde principio de mes con método TWR,794.0
2026-10-07T15:29:33-03:00,Rendimiento,Portfolio Total: Segundo ingreso a la carta de rendimiento Última semana con método MWR,947.0
2026-10-07T15:29:33-03:00,Rendimiento,Portfolio Total: Segundo ingreso a la carta de rendimiento Última semana con método TWR,842.0
2026-10-07T15:29:33-03:00,Rendimiento,Portfolio Total: Segundo ingreso a la carta de rendimiento Último año con método MWR,1040.0
2026-10-07T15:29:33-03:00,Rendimiento,Portfolio Total: Segundo ingreso a la carta de rendimiento Último año con método TWR,1132.0
2026-10-07T15:29:33-03:00,Rendimiento,Portfolio Total: Segundo ingreso a la carta de rendimiento Último mes con método MWR,899.0
2026-10-07T15:29:33-03:00,Rendimiento,Portfolio Total: Segundo ingreso a la carta de rendimiento Último mes con método TWR,1006.0
2026-10-07T15:29:33-03:00,Rendimiento,Portfolio Total: Segundo ingreso a la carta de rendimiento Últimos 3 meses con método MWR,998.0
2026-10-07T15:29:33-03:00,Rendimiento,Portfolio Total: Segundo ingreso a la carta de rendimiento Últimos 3 meses con método TWR,1082.0
2026-10-07T15:29:33-03:00,Rendimiento,Primer ingreso al menú Rendimiento,3592.0
2026-10-07T15:29:33-03:00,Rendimiento,Primer ingreso al portfolio Oldelval SA,2768.0
2026-10-07T15:29:33-03:00,Rendimiento,Primer ingreso al portfolio Oldelval SDE,1906.0
2026-10-07T15:29:33-03:00,Rendimiento,Primer ingreso al portfolio Total,2500.0
2026-10-07T15:29:33-03:00,Rendimiento,Segundo ingreso al portfolio Oldelval SA,1484.0
2026-10-07T15:29:33-03:00,Rendimiento,Segundo ingreso al portfolio Oldelval SDE,1378.0
2026-10-07T15:29:33-03:00,Rendimiento,Segundo ingreso al portfolio Total,1384.0
