Timestamp,Ambiente,Cliente,Versión,Sección,Descripción,Usuarios concurrentes,Corridas,Muestras,P95 (ms),P50 (ms),Stdev (ms),Delta vs 1 usuario (%),Baseline 1 usuario (versión)
2026-08-29T15:40:47-03:00,Production,CFI,V1.14.0,Rendimiento,Cambio de método de rentabilidad a TWR,1,4,4,16432.45,12476.0,2081.37,,V1.13.4
2026-08-29T15:40:47-03:00,Production,CFI,V1.14.0,Rendimiento,Cambio de método de rentabilidad a TWR,2,3,6,19405.75,15327.0,3600.42,-18.09,V1.13.4
2026-08-29T15:40:47-03:00,Production,CFI,V1.14.0,Rendimiento,Cambio de método de rentabilidad a TWR,4,3,12,33489.45,24255.5,4769.31,-103.8,V1.13.4
2026-08-29T15:40:47-03:00,Production,CFI,V1.14.0,Rendimiento,Ingreso a MPC,2,3,6,6215.25,4768.0,788.49,,V1.13.4
2026-08-29T15:40:47-03:00,Production,CFI,V1.14.0,Rendimiento,Ingreso a MPC,4,3,12,7278.8,6440.5,1026.21,,V1.13.4
2026-08-29T15:40:47-03:00,Production,CFI,V1.14.0,Rendimiento,Portfolio CFI: Primer ingreso a la carta de rendimiento Desde el inicio con método MWR,1,4,4,6520.35,5297.5,787.06,,V1.13.4
2026-08-29T15:40:47-03:00,Production,CFI,V1.14.0,Rendimiento,Portfolio CFI: Primer ingreso a la carta de rendimiento Desde el inicio con método MWR,2,3,6,8190.75,6118.0,1127.48,-25.62,V1.13.4
2026-08-29T15:40:47-03:00,Production,CFI,V1.14.0,Rendimiento,Portfolio CFI: Primer ingreso a la carta de rendimiento Desde el inicio con método MWR,4,3,12,20470.6,9723.0,5428.07,-213.95,V1.13.4
2026-08-29T15:40:47-03:00,Production,CFI,V1.14.0,Rendimiento,Portfolio CFI: Primer ingreso a la carta de rendimiento Desde el inicio con método TWR,1,4,4,7568.75,5785.5,1150.54,,V1.13.4
2026-08-29T15:40:47-03:00,Production,CFI,V1.14.0,Rendimiento,Portfolio CFI: Primer ingreso a la carta de rendimiento Desde el inicio con método TWR,2,3,6,9893.5,7090.0,1802.43,-30.72,V1.13.4
2026-08-29T15:40:47-03:00,Production,CFI,V1.14.0,Rendimiento,Portfolio CFI: Primer ingreso a la carta de rendimiento Desde el inicio con método TWR,4,3,12,18581.9,12367.0,3941.43,-145.51,V1.13.4
2026-08-29T15:40:47-03:00,Production,CFI,V1.14.0,Rendimiento,Portfolio CFI: Primer ingreso a la carta de rendimiento Desde principio de año con método MWR,1,4,4,1318.35,1135.0,189.22,,V1.13.4
2026-08-29T15:40:47-03:00,Production,CFI,V1.14.0,Rendimiento,Portfolio CFI: Primer ingreso a la carta de rendimiento Desde principio de año con método MWR,2,3,6,6534.5,1552.0,2309.95,-395.66,V1.13.4
2026-08-29T15:40:47-03:00,Production,CFI,V1.14.0,Rendimiento,Portfolio CFI: Primer ingreso a la carta de rendimiento Desde principio de año con método MWR,4,3,12,7370.4,2956.5,2215.77,-459.06,V1.13.4
2026-08-29T15:40:47-03:00,Production,CFI,V1.14.0,Rendimiento,Portfolio CFI: Primer ingreso a la carta de rendimiento Desde principio de año con método TWR,1,4,4,1397.2,1258.0,98.89,,V1.13.4
2026-08-29T15:40:47-03:00,Production,CFI,V1.14.0,Rendimiento,Portfolio CFI: Primer ingreso a la carta de rendimiento Desde principio de año con método TWR,2,3,6,2203.0,1561.5,421.32,-57.67,V1.13.4
2026-08-29T15:40:47-03:00,Production,CFI,V1.14.0,Rendimiento,Portfolio CFI: Primer ingreso a la carta de rendimiento Desde principio de año con método TWR,4,3,12,9075.1,2490.0,2805.88,-549.52,V1.13.4
2026-08-29T15:40:47-03:00,Production,CFI,V1.14.0,Rendimiento,Portfolio CFI: Primer ingreso a la carta de rendimiento Desde principio de mes con método MWR,1,4,4,547.95,450.0,83.8,,V1.13.4
2026-08-29T15:40:47-03:00,Production,CFI,V1.14.0,Rendimiento,Portfolio CFI: Primer ingreso a la carta de rendimiento Desde principio de mes con método MWR,2,3,6,700.25,534.5,83.92,-27.79,V1.13.4
2026-08-29T15:40:47-03:00,Production,CFI,V1.14.0,Rendimiento,Portfolio CFI: Primer ingreso a la carta de rendimiento Desde principio de mes con método MWR,4,3,12,5331.5,718.0,1972.09,-872.99,V1.13.4
2026-08-29T15:40:47-03:00,Production,CFI,V1.14.0,Rendimiento,Portfolio CFI: Primer ingreso a la carta de rendimiento Desde principio de mes con método TWR,1,4,4,471.7,448.5,26.3,,V1.13.4
2026-08-29T15:40:47-03:00,Production,CFI,V1.14.0,Rendimiento,Portfolio CFI: Primer ingreso a la carta de rendimiento Desde principio de mes con método TWR,2,3,6,800.0,591.5,116.94,-69.6,V1.13.4
2026-08-29T15:40:47-03:00,Production,CFI,V1.14.0,Rendimiento,Portfolio CFI: Primer ingreso a la carta de rendimiento Desde principio de mes con método TWR,4,3,12,5043.15,908.5,2197.79,-969.14,V1.13.4
2026-08-29T15:40:47-03:00,Production,CFI,V1.14.0,Rendimiento,Portfolio CFI: Primer ingreso a la carta de rendimiento Última semana con método MWR,1,4,4,486.35,400.0,52.38,,V1.13.4
2026-08-29T15:40:47-03:00,Production,CFI,V1.14.0,Rendimiento,Portfolio CFI: Primer ingreso a la carta de rendimiento Última semana con método MWR,2,3,6,614.25,528.0,86.29,-26.3,V1.13.4
2026-08-29T15:40:47-03:00,Production,CFI,V1.14.0,Rendimiento,Portfolio CFI: Primer ingreso a la carta de rendimiento Última semana con método MWR,4,3,12,2834.25,570.5,1070.33,-482.76,V1.13.4
2026-08-29T15:40:47-03:00,Production,CFI,V1.14.0,Rendimiento,Portfolio CFI: Primer ingreso a la carta de rendimiento Última semana con método TWR,1,4,4,474.2,409.0,42.38,,V1.13.4
2026-08-29T15:40:47-03:00,Production,CFI,V1.14.0,Rendimiento,Portfolio CFI: Primer ingreso a la carta de rendimiento Última semana con método TWR,2,3,6,1125.75,574.5,298.36,-137.4,V1.13.4
2026-08-29T15:40:47-03:00,Production,CFI,V1.14.0,Rendimiento,Portfolio CFI: Primer ingreso a la carta de rendimiento Última semana con método TWR,4,3,12,1067.5,581.5,197.61,-125.12,V1.13.4
2026-08-29T15:40:47-03:00,Production,CFI,V1.14.0,Rendimiento,Portfolio CFI: Primer ingreso a la carta de rendimiento Último año con método MWR,1,4,4,2025.3,1876.5,135.7,,V1.13.4
2026-08-29T15:40:47-03:00,Production,CFI,V1.14.0,Rendimiento,Portfolio CFI: Primer ingreso a la carta de rendimiento Último año con método MWR,2,3,6,5624.25,2750.5,1359.78,-177.7,V1.13.4
2026-08-29T15:40:47-03:00,Production,CFI,V1.14.0,Rendimiento,Portfolio CFI: Primer ingreso a la carta de rendimiento Último año con método MWR,4,3,12,7702.05,4190.5,1983.7,-280.29,V1.13.4
2026-08-29T15:40:47-03:00,Production,CFI,V1.14.0,Rendimiento,Portfolio CFI: Primer ingreso a la carta de rendimiento Último año con método TWR,1,4,4,2903.7,2368.0,478.53,,V1.13.4
2026-08-29T15:40:47-03:00,Production,CFI,V1.14.0,Rendimiento,Portfolio CFI: Primer ingreso a la carta de rendimiento Último año con método TWR,2,3,6,2935.5,2238.5,558.55,-1.1,V1.13.4
2026-08-29T15:40:47-03:00,Production,CFI,V1.14.0,Rendimiento,Portfolio CFI: Primer ingreso a la carta de rendimiento Último año con método TWR,4,3,12,6684.0,4006.0,1444.6,-130.19,V1.13.4
2026-08-29T15:40:47-03:00,Production,CFI,V1.14.0,Rendimiento,Portfolio CFI: Primer ingreso a la carta de rendimiento Último mes con método MWR,1,4,4,647.15,508.5,92.74,,V1.13.4
2026-08-29T15:40:47-03:00,Production,CFI,V1.14.0,Rendimiento,Portfolio CFI: Primer ingreso a la carta de rendimiento Último mes con método MWR,2,3,6,4088.5,697.0,1660.88,-531.77,V1.13.4
2026-08-29T15:40:47-03:00,Production,CFI,V1.14.0,Rendimiento,Portfolio CFI: Primer ingreso a la carta de rendimiento Último mes con método MWR,4,3,12,6671.8,957.5,2166.9,-930.95,V1.13.4
2026-08-29T15:40:47-03:00,Production,CFI,V1.14.0,Rendimiento,Portfolio CFI: Primer ingreso a la carta de rendimiento Último mes con método TWR,1,4,4,587.05,490.5,71.65,,V1.13.4
2026-08-29T15:40:47-03:00,Production,CFI,V1.14.0,Rendimiento,Portfolio CFI: Primer ingreso a la carta de rendimiento Último mes con método TWR,2,3,6,2987.5,706.0,1121.46,-408.9,V1.13.4
2026-08-29T15:40:47-03:00,Production,CFI,V1.14.0,Rendimiento,Portfolio CFI: Primer ingreso a la carta de rendimiento Último mes con método TWR,4,3,12,4258.2,813.5,1464.12,-625.36,V1.13.4
2026-08-29T15:40:47-03:00,Production,CFI,V1.14.0,Rendimiento,Portfolio CFI: Primer ingreso a la carta de rendimiento Últimos 3 meses con método MWR,1,4,4,1611.6,796.5,446.17,,V1.13.4
2026-08-29T15:40:47-03:00,Production,CFI,V1.14.0,Rendimiento,Portfolio CFI: Primer ingreso a la carta de rendimiento Últimos 3 meses con método MWR,2,3,6,1131.0,836.5,184.69,29.82,V1.13.4
2026-08-29T15:40:47-03:00,Production,CFI,V1.14.0,Rendimiento,Portfolio CFI: Primer ingreso a la carta de rendimiento Últimos 3 meses con método MWR,4,3,12,7255.45,1584.0,2326.75,-350.2,V1.13.4
2026-08-29T15:40:47-03:00,Production,CFI,V1.14.0,Rendimiento,Portfolio CFI: Primer ingreso a la carta de rendimiento Últimos 3 meses con método TWR,1,4,4,937.6,798.5,92.86,,V1.13.4
2026-08-29T15:40:47-03:00,Production,CFI,V1.14.0,Rendimiento,Portfolio CFI: Primer ingreso a la carta de rendimiento Últimos 3 meses con método TWR,2,3,6,1803.25,930.0,421.19,-92.33,V1.13.4
2026-08-29T15:40:47-03:00,Production,CFI,V1.14.0,Rendimiento,Portfolio CFI: Primer ingreso a la carta de rendimiento Últimos 3 meses con método TWR,4,3,12,9375.0,1411.5,3123.52,-899.89,V1.13.4
2026-08-29T15:40:47-03:00,Production,CFI,V1.14.0,Rendimiento,Portfolio CFI: Segundo ingreso a la carta de rendimiento Desde el inicio con método MWR,1,4,4,6440.6,5884.5,640.9,,V1.13.4
2026-08-29T15:40:47-03:00,Production,CFI,V1.14.0,Rendimiento,Portfolio CFI: Segundo ingreso a la carta de rendimiento Desde el inicio con método MWR,2,3,6,9759.0,6779.0,2052.55,-51.52,V1.13.4
2026-08-29T15:40:47-03:00,Production,CFI,V1.14.0,Rendimiento,Portfolio CFI: Segundo ingreso a la carta de rendimiento Desde el inicio con método MWR,4,3,12,19205.9,9877.0,4552.1,-198.2,V1.13.4
2026-08-29T15:40:47-03:00,Production,CFI,V1.14.0,Rendimiento,Portfolio CFI: Segundo ingreso a la carta de rendimiento Desde el inicio con método TWR,1,4,4,6506.55,5796.0,615.16,,V1.13.4
2026-08-29T15:40:47-03:00,Production,CFI,V1.14.0,Rendimiento,Portfolio CFI: Segundo ingreso a la carta de rendimiento Desde el inicio con método TWR,2,3,6,10607.75,5840.5,2591.54,-63.03,V1.13.4
2026-08-29T15:40:47-03:00,Production,CFI,V1.14.0,Rendimiento,Portfolio CFI: Segundo ingreso a la carta de rendimiento Desde el inicio con método TWR,4,3,12,17844.0,9386.0,4394.21,-174.25,V1.13.4
2026-08-29T15:40:47-03:00,Production,CFI,V1.14.0,Rendimiento,Portfolio CFI: Segundo ingreso a la carta de rendimiento Desde principio de año con método MWR,1,4,4,1638.5,1193.5,256.8,,V1.13.4
2026-08-29T15:40:47-03:00,Production,CFI,V1.14.0,Rendimiento,Portfolio CFI: Segundo ingreso a la carta de rendimiento Desde principio de año con método MWR,2,3,6,2538.75,1541.5,515.61,-54.94,V1.13.4
2026-08-29T15:40:47-03:00,Production,CFI,V1.14.0,Rendimiento,Portfolio CFI: Segundo ingreso a la carta de rendimiento Desde principio de año con método MWR,4,3,12,12369.6,4908.5,3926.86,-654.93,V1.13.4
2026-08-29T15:40:47-03:00,Production,CFI,V1.14.0,Rendimiento,Portfolio CFI: Segundo ingreso a la carta de rendimiento Desde principio de año con método TWR,1,4,4,1543.3,1204.0,201.33,,V1.13.4
2026-08-29T15:40:47-03:00,Production,CFI,V1.14.0,Rendimiento,Portfolio CFI: Segundo ingreso a la carta de rendimiento Desde principio de año con método TWR,2,3,6,3513.0,2210.5,796.93,-127.63,V1.13.4
2026-08-29T15:40:47-03:00,Production,CFI,V1.14.0,Rendimiento,Portfolio CFI: Segundo ingreso a la carta de rendimiento Desde principio de año con método TWR,4,3,12,10755.3,2951.5,3316.93,-596.9,V1.13.4
2026-08-29T15:40:47-03:00,Production,CFI,V1.14.0,Rendimiento,Portfolio CFI: Segundo ingreso a la carta de rendimiento Desde principio de mes con método MWR,1,4,4,545.9,494.0,44.12,,V1.13.4
2026-08-29T15:40:47-03:00,Production,CFI,V1.14.0,Rendimiento,Portfolio CFI: Segundo ingreso a la carta de rendimiento Desde principio de mes con método MWR,2,3,6,1948.75,628.5,653.32,-256.98,V1.13.4
2026-08-29T15:40:47-03:00,Production,CFI,V1.14.0,Rendimiento,Portfolio CFI: Segundo ingreso a la carta de rendimiento Desde principio de mes con método MWR,4,3,12,4012.15,1548.5,1244.25,-634.96,V1.13.4
2026-08-29T15:40:47-03:00,Production,CFI,V1.14.0,Rendimiento,Portfolio CFI: Segundo ingreso a la carta de rendimiento Desde principio de mes con método TWR,1,4,4,607.8,514.5,76.04,,V1.13.4
2026-08-29T15:40:47-03:00,Production,CFI,V1.14.0,Rendimiento,Portfolio CFI: Segundo ingreso a la carta de rendimiento Desde principio de mes con método TWR,2,3,6,3530.5,922.0,1247.56,-480.87,V1.13.4
2026-08-29T15:40:47-03:00,Production,CFI,V1.14.0,Rendimiento,Portfolio CFI: Segundo ingreso a la carta de rendimiento Desde principio de mes con método TWR,4,3,12,6679.4,864.5,2190.19,-998.95,V1.13.4
2026-08-29T15:40:47-03:00,Production,CFI,V1.14.0,Rendimiento,Portfolio CFI: Segundo ingreso a la carta de rendimiento Última semana con método MWR,1,4,4,593.6,434.5,86.41,,V1.13.4
2026-08-29T15:40:47-03:00,Production,CFI,V1.14.0,Rendimiento,Portfolio CFI: Segundo ingreso a la carta de rendimiento Última semana con método MWR,2,3,6,970.75,605.0,194.3,-63.54,V1.13.4
2026-08-29T15:40:47-03:00,Production,CFI,V1.14.0,Rendimiento,Portfolio CFI: Segundo ingreso a la carta de rendimiento Última semana con método MWR,4,3,12,1279.0,674.0,282.27,-115.46,V1.13.4
2026-08-29T15:40:47-03:00,Production,CFI,V1.14.0,Rendimiento,Portfolio CFI: Segundo ingreso a la carta de rendimiento Última semana con método TWR,1,4,4,580.35,506.5,43.15,,V1.13.4
2026-08-29T15:40:47-03:00,Production,CFI,V1.14.0,Rendimiento,Portfolio CFI: Segundo ingreso a la carta de rendimiento Última semana con método TWR,2,3,6,703.25,644.5,84.12,-21.18,V1.13.4
2026-08-29T15:40:47-03:00,Production,CFI,V1.14.0,Rendimiento,Portfolio CFI: Segundo ingreso a la carta de rendimiento Última semana con método TWR,4,3,12,8356.25,862.5,3237.06,-1339.86,V1.13.4
2026-08-29T15:40:47-03:00,Production,CFI,V1.14.0,Rendimiento,Portfolio CFI: Segundo ingreso a la carta de rendimiento Último año con método MWR,1,4,4,1961.4,1876.0,195.58,,V1.13.4
2026-08-29T15:40:47-03:00,Production,CFI,V1.14.0,Rendimiento,Portfolio CFI: Segundo ingreso a la carta de rendimiento Último año con método MWR,2,3,6,4482.0,2188.5,1158.41,-128.51,V1.13.4
2026-08-29T15:40:47-03:00,Production,CFI,V1.14.0,Rendimiento,Portfolio CFI: Segundo ingreso a la carta de rendimiento Último año con método MWR,4,3,12,11614.45,3727.5,3724.45,-492.15,V1.13.4
2026-08-29T15:40:47-03:00,Production,CFI,V1.14.0,Rendimiento,Portfolio CFI: Segundo ingreso a la carta de rendimiento Último año con método TWR,1,4,4,1848.7,1826.0,97.15,,V1.13.4
2026-08-29T15:40:47-03:00,Production,CFI,V1.14.0,Rendimiento,Portfolio CFI: Segundo ingreso a la carta de rendimiento Último año con método TWR,2,3,6,2875.0,2129.0,407.59,-55.51,V1.13.4
2026-08-29T15:40:47-03:00,Production,CFI,V1.14.0,Rendimiento,Portfolio CFI: Segundo ingreso a la carta de rendimiento Último año con método TWR,4,3,12,10590.75,3954.0,2925.74,-472.88,V1.13.4
2026-08-29T15:40:47-03:00,Production,CFI,V1.14.0,Rendimiento,Portfolio CFI: Segundo ingreso a la carta de rendimiento Último mes con método MWR,1,4,4,850.85,551.5,158.62,,V1.13.4
2026-08-29T15:40:47-03:00,Production,CFI,V1.14.0,Rendimiento,Portfolio CFI: Segundo ingreso a la carta de rendimiento Último mes con método MWR,2,3,6,1552.25,726.0,414.72,-82.44,V1.13.4
2026-08-29T15:40:47-03:00,Production,CFI,V1.14.0,Rendimiento,Portfolio CFI: Segundo ingreso a la carta de rendimiento Último mes con método MWR,4,3,12,3583.65,976.0,1190.71,-321.18,V1.13.4
2026-08-29T15:40:47-03:00,Production,CFI,V1.14.0,Rendimiento,Portfolio CFI: Segundo ingreso a la carta de rendimiento Último mes con método TWR,1,4,4,777.95,574.5,108.03,,V1.13.4
2026-08-29T15:40:47-03:00,Production,CFI,V1.14.0,Rendimiento,Portfolio CFI: Segundo ingreso a la carta de rendimiento Último mes con método TWR,2,3,6,1061.5,670.5,193.32,-36.45,V1.13.4
2026-08-29T15:40:47-03:00,Production,CFI,V1.14.0,Rendimiento,Portfolio CFI: Segundo ingreso a la carta de rendimiento Último mes con método TWR,4,3,12,7168.1,817.0,2598.53,-821.41,V1.13.4
2026-08-29T15:40:47-03:00,Production,CFI,V1.14.0,Rendimiento,Portfolio CFI: Segundo ingreso a la carta de rendimiento Últimos 3 meses con método MWR,1,4,4,819.7,756.5,49.64,,V1.13.4
2026-08-29T15:40:47-03:00,Production,CFI,V1.14.0,Rendimiento,Portfolio CFI: Segundo ingreso a la carta de rendimiento Últimos 3 meses con método MWR,2,3,6,864.25,785.5,47.52,-5.43,V1.13.4
2026-08-29T15:40:47-03:00,Production,CFI,V1.14.0,Rendimiento,Portfolio CFI: Segundo ingreso a la carta de rendimiento Últimos 3 meses con método MWR,4,3,12,5063.45,954.0,1585.4,-517.72,V1.13.4
2026-08-29T15:40:47-03:00,Production,CFI,V1.14.0,Rendimiento,Portfolio CFI: Segundo ingreso a la carta de rendimiento Últimos 3 meses con método TWR,1,4,4,886.1,783.0,72.12,,V1.13.4
2026-08-29T15:40:47-03:00,Production,CFI,V1.14.0,Rendimiento,Portfolio CFI: Segundo ingreso a la carta de rendimiento Últimos 3 meses con método TWR,2,3,6,2126.25,969.5,585.79,-139.96,V1.13.4
2026-08-29T15:40:47-03:00,Production,CFI,V1.14.0,Rendimiento,Portfolio CFI: Segundo ingreso a la carta de rendimiento Últimos 3 meses con método TWR,4,3,12,5926.85,2301.5,1909.46,-568.87,V1.13.4
2026-08-29T15:40:47-03:00,Production,CFI,V1.14.0,Rendimiento,Portfolio FFI: Primer ingreso a la carta de rendimiento Desde el inicio con método MWR,1,4,4,5987.0,5319.0,449.86,,V1.13.4
2026-08-29T15:40:47-03:00,Production,CFI,V1.14.0,Rendimiento,Portfolio FFI: Primer ingreso a la carta de rendimiento Desde el inicio con método MWR,2,3,6,10439.25,5622.5,2275.05,-74.37,V1.13.4
2026-08-29T15:40:47-03:00,Production,CFI,V1.14.0,Rendimiento,Portfolio FFI: Primer ingreso a la carta de rendimiento Desde el inicio con método MWR,4,3,12,19615.15,10980.0,4863.62,-227.63,V1.13.4
2026-08-29T15:40:47-03:00,Production,CFI,V1.14.0,Rendimiento,Portfolio FFI: Primer ingreso a la carta de rendimiento Desde el inicio con método TWR,1,4,4,6637.65,5493.5,921.11,,V1.13.4
2026-08-29T15:40:47-03:00,Production,CFI,V1.14.0,Rendimiento,Portfolio FFI: Primer ingreso a la carta de rendimiento Desde el inicio con método TWR,2,3,6,7519.0,5876.0,937.3,-13.28,V1.13.4
2026-08-29T15:40:47-03:00,Production,CFI,V1.14.0,Rendimiento,Portfolio FFI: Primer ingreso a la carta de rendimiento Desde el inicio con método TWR,4,3,12,19456.15,9992.0,4480.27,-193.12,V1.13.4
2026-08-29T15:40:47-03:00,Production,CFI,V1.14.0,Rendimiento,Portfolio FFI: Primer ingreso a la carta de rendimiento Desde principio de año con método MWR,1,4,4,1505.85,1161.0,218.57,,V1.13.4
2026-08-29T15:40:47-03:00,Production,CFI,V1.14.0,Rendimiento,Portfolio FFI: Primer ingreso a la carta de rendimiento Desde principio de año con método MWR,2,3,6,5244.0,1937.5,1617.95,-248.24,V1.13.4
2026-08-29T15:40:47-03:00,Production,CFI,V1.14.0,Rendimiento,Portfolio FFI: Primer ingreso a la carta de rendimiento Desde principio de año con método MWR,4,3,12,6885.4,3851.5,2090.86,-357.24,V1.13.4
2026-08-29T15:40:47-03:00,Production,CFI,V1.14.0,Rendimiento,Portfolio FFI: Primer ingreso a la carta de rendimiento Desde principio de año con método TWR,1,4,4,1376.4,1187.0,164.49,,V1.13.4
2026-08-29T15:40:47-03:00,Production,CFI,V1.14.0,Rendimiento,Portfolio FFI: Primer ingreso a la carta de rendimiento Desde principio de año con método TWR,2,3,6,3280.25,1587.0,870.51,-138.32,V1.13.4
2026-08-29T15:40:47-03:00,Production,CFI,V1.14.0,Rendimiento,Portfolio FFI: Primer ingreso a la carta de rendimiento Desde principio de año con método TWR,4,3,12,7374.65,2030.0,2370.89,-435.79,V1.13.4
2026-08-29T15:40:47-03:00,Production,CFI,V1.14.0,Rendimiento,Portfolio FFI: Primer ingreso a la carta de rendimiento Desde principio de mes con método MWR,1,4,4,500.05,448.5,61.57,,V1.13.4
2026-08-29T15:40:47-03:00,Production,CFI,V1.14.0,Rendimiento,Portfolio FFI: Primer ingreso a la carta de rendimiento Desde principio de mes con método MWR,2,3,6,697.25,634.5,64.38,-39.44,V1.13.4
2026-08-29T15:40:47-03:00,Production,CFI,V1.14.0,Rendimiento,Portfolio FFI: Primer ingreso a la carta de rendimiento Desde principio de mes con método MWR,4,3,12,4852.35,849.5,1541.89,-870.37,V1.13.4
2026-08-29T15:40:47-03:00,Production,CFI,V1.14.0,Rendimiento,Portfolio FFI: Primer ingreso a la carta de rendimiento Desde principio de mes con método TWR,1,4,4,500.4,447.5,63.12,,V1.13.4
2026-08-29T15:40:47-03:00,Production,CFI,V1.14.0,Rendimiento,Portfolio FFI: Primer ingreso a la carta de rendimiento Desde principio de mes con método TWR,2,3,6,1869.5,719.5,581.79,-273.6,V1.13.4
2026-08-29T15:40:47-03:00,Production,CFI,V1.14.0,Rendimiento,Portfolio FFI: Primer ingreso a la carta de rendimiento Desde principio de mes con método TWR,4,3,12,5445.75,1146.0,1870.37,-988.28,V1.13.4
2026-08-29T15:40:47-03:00,Production,CFI,V1.14.0,Rendimiento,Portfolio FFI: Primer ingreso a la carta de rendimiento Última semana con método MWR,1,4,4,493.4,418.5,50.02,,V1.13.4
2026-08-29T15:40:47-03:00,Production,CFI,V1.14.0,Rendimiento,Portfolio FFI: Primer ingreso a la carta de rendimiento Última semana con método MWR,2,3,6,631.0,531.0,70.36,-27.89,V1.13.4
2026-08-29T15:40:47-03:00,Production,CFI,V1.14.0,Rendimiento,Portfolio FFI: Primer ingreso a la carta de rendimiento Última semana con método MWR,4,3,12,1517.15,628.5,423.4,-207.49,V1.13.4
2026-08-29T15:40:47-03:00,Production,CFI,V1.14.0,Rendimiento,Portfolio FFI: Primer ingreso a la carta de rendimiento Última semana con método TWR,1,4,4,472.25,416.5,39.15,,V1.13.4
2026-08-29T15:40:47-03:00,Production,CFI,V1.14.0,Rendimiento,Portfolio FFI: Primer ingreso a la carta de rendimiento Última semana con método TWR,2,3,6,2813.75,485.5,1145.55,-495.82,V1.13.4
2026-08-29T15:40:47-03:00,Production,CFI,V1.14.0,Rendimiento,Portfolio FFI: Primer ingreso a la carta de rendimiento Última semana con método TWR,4,3,12,7059.0,740.5,2496.79,-1394.76,V1.13.4
2026-08-29T15:40:47-03:00,Production,CFI,V1.14.0,Rendimiento,Portfolio FFI: Primer ingreso a la carta de rendimiento Último año con método MWR,1,4,4,2063.85,1753.5,187.68,,V1.13.4
2026-08-29T15:40:47-03:00,Production,CFI,V1.14.0,Rendimiento,Portfolio FFI: Primer ingreso a la carta de rendimiento Último año con método MWR,2,3,6,5906.75,3040.0,1694.42,-186.2,V1.13.4
2026-08-29T15:40:47-03:00,Production,CFI,V1.14.0,Rendimiento,Portfolio FFI: Primer ingreso a la carta de rendimiento Último año con método MWR,4,3,12,13896.6,3719.5,4376.88,-573.33,V1.13.4
2026-08-29T15:40:47-03:00,Production,CFI,V1.14.0,Rendimiento,Portfolio FFI: Primer ingreso a la carta de rendimiento Último año con método TWR,1,4,4,2032.2,1891.0,177.02,,V1.13.4
2026-08-29T15:40:47-03:00,Production,CFI,V1.14.0,Rendimiento,Portfolio FFI: Primer ingreso a la carta de rendimiento Último año con método TWR,2,3,6,3229.0,2111.5,586.48,-58.89,V1.13.4
2026-08-29T15:40:47-03:00,Production,CFI,V1.14.0,Rendimiento,Portfolio FFI: Primer ingreso a la carta de rendimiento Último año con método TWR,4,3,12,13869.7,3529.0,5066.78,-582.5,V1.13.4
2026-08-29T15:40:47-03:00,Production,CFI,V1.14.0,Rendimiento,Portfolio FFI: Primer ingreso a la carta de rendimiento Último mes con método MWR,1,4,4,546.9,472.0,40.57,,V1.13.4
2026-08-29T15:40:47-03:00,Production,CFI,V1.14.0,Rendimiento,Portfolio FFI: Primer ingreso a la carta de rendimiento Último mes con método MWR,2,3,6,1332.25,620.0,338.73,-143.6,V1.13.4
2026-08-29T15:40:47-03:00,Production,CFI,V1.14.0,Rendimiento,Portfolio FFI: Primer ingreso a la carta de rendimiento Último mes con método MWR,4,3,12,8098.25,852.5,3033.46,-1380.76,V1.13.4
2026-08-29T15:40:47-03:00,Production,CFI,V1.14.0,Rendimiento,Portfolio FFI: Primer ingreso a la carta de rendimiento Último mes con método TWR,1,4,4,588.3,520.0,55.88,,V1.13.4
2026-08-29T15:40:47-03:00,Production,CFI,V1.14.0,Rendimiento,Portfolio FFI: Primer ingreso a la carta de rendimiento Último mes con método TWR,2,3,6,782.75,599.5,109.7,-33.05,V1.13.4
2026-08-29T15:40:47-03:00,Production,CFI,V1.14.0,Rendimiento,Portfolio FFI: Primer ingreso a la carta de rendimiento Último mes con método TWR,4,3,12,2176.9,739.0,603.36,-270.03,V1.13.4
2026-08-29T15:40:47-03:00,Production,CFI,V1.14.0,Rendimiento,Portfolio FFI: Primer ingreso a la carta de rendimiento Últimos 3 meses con método MWR,1,4,4,849.1,742.0,94.87,,V1.13.4
2026-08-29T15:40:47-03:00,Production,CFI,V1.14.0,Rendimiento,Portfolio FFI: Primer ingreso a la carta de rendimiento Últimos 3 meses con método MWR,2,3,6,1998.5,965.0,499.52,-135.37,V1.13.4
2026-08-29T15:40:47-03:00,Production,CFI,V1.14.0,Rendimiento,Portfolio FFI: Primer ingreso a la carta de rendimiento Últimos 3 meses con método MWR,4,3,12,5071.45,1099.5,1501.52,-497.27,V1.13.4
2026-08-29T15:40:47-03:00,Production,CFI,V1.14.0,Rendimiento,Portfolio FFI: Primer ingreso a la carta de rendimiento Últimos 3 meses con método TWR,1,4,4,1518.65,822.0,399.21,,V1.13.4
2026-08-29T15:40:47-03:00,Production,CFI,V1.14.0,Rendimiento,Portfolio FFI: Primer ingreso a la carta de rendimiento Últimos 3 meses con método TWR,2,3,6,2071.5,1491.5,557.45,-36.4,V1.13.4
2026-08-29T15:40:47-03:00,Production,CFI,V1.14.0,Rendimiento,Portfolio FFI: Primer ingreso a la carta de rendimiento Últimos 3 meses con método TWR,4,3,12,9722.55,1731.5,3551.2,-540.21,V1.13.4
2026-08-29T15:40:47-03:00,Production,CFI,V1.14.0,Rendimiento,Portfolio FFI: Segundo ingreso a la carta de rendimiento Desde el inicio con método MWR,1,4,4,6055.55,5089.0,667.28,,V1.13.4
2026-08-29T15:40:47-03:00,Production,CFI,V1.14.0,Rendimiento,Portfolio FFI: Segundo ingreso a la carta de rendimiento Desde el inicio con método MWR,2,3,6,7177.25,6422.5,875.32,-18.52,V1.13.4
2026-08-29T15:40:47-03:00,Production,CFI,V1.14.0,Rendimiento,Portfolio FFI: Segundo ingreso a la carta de rendimiento Desde el inicio con método MWR,4,3,12,17444.7,9777.0,4164.43,-188.08,V1.13.4
2026-08-29T15:40:47-03:00,Production,CFI,V1.14.0,Rendimiento,Portfolio FFI: Segundo ingreso a la carta de rendimiento Desde el inicio con método TWR,1,4,4,5690.25,5230.5,393.38,,V1.13.4
2026-08-29T15:40:47-03:00,Production,CFI,V1.14.0,Rendimiento,Portfolio FFI: Segundo ingreso a la carta de rendimiento Desde el inicio con método TWR,2,3,6,10706.25,6162.0,2327.93,-88.15,V1.13.4
2026-08-29T15:40:47-03:00,Production,CFI,V1.14.0,Rendimiento,Portfolio FFI: Segundo ingreso a la carta de rendimiento Desde el inicio con método TWR,4,3,12,17218.25,8763.0,4099.39,-202.59,V1.13.4
2026-08-29T15:40:47-03:00,Production,CFI,V1.14.0,Rendimiento,Portfolio FFI: Segundo ingreso a la carta de rendimiento Desde principio de año con método MWR,1,4,4,1601.95,1197.0,230.76,,V1.13.4
2026-08-29T15:40:47-03:00,Production,CFI,V1.14.0,Rendimiento,Portfolio FFI: Segundo ingreso a la carta de rendimiento Desde principio de año con método MWR,2,3,6,3622.75,2894.0,934.61,-126.15,V1.13.4
2026-08-29T15:40:47-03:00,Production,CFI,V1.14.0,Rendimiento,Portfolio FFI: Segundo ingreso a la carta de rendimiento Desde principio de año con método MWR,4,3,12,8770.45,3140.5,2721.93,-447.49,V1.13.4
2026-08-29T15:40:47-03:00,Production,CFI,V1.14.0,Rendimiento,Portfolio FFI: Segundo ingreso a la carta de rendimiento Desde principio de año con método TWR,1,4,4,1352.85,1271.5,173.22,,V1.13.4
2026-08-29T15:40:47-03:00,Production,CFI,V1.14.0,Rendimiento,Portfolio FFI: Segundo ingreso a la carta de rendimiento Desde principio de año con método TWR,2,3,6,2532.25,2396.5,552.38,-87.18,V1.13.4
2026-08-29T15:40:47-03:00,Production,CFI,V1.14.0,Rendimiento,Portfolio FFI: Segundo ingreso a la carta de rendimiento Desde principio de año con método TWR,4,3,12,7661.05,2992.5,2638.27,-466.29,V1.13.4
2026-08-29T15:40:47-03:00,Production,CFI,V1.14.0,Rendimiento,Portfolio FFI: Segundo ingreso a la carta de rendimiento Desde principio de mes con método MWR,1,4,4,808.45,534.0,165.05,,V1.13.4
2026-08-29T15:40:47-03:00,Production,CFI,V1.14.0,Rendimiento,Portfolio FFI: Segundo ingreso a la carta de rendimiento Desde principio de mes con método MWR,2,3,6,2859.75,685.0,1084.85,-253.73,V1.13.4
2026-08-29T15:40:47-03:00,Production,CFI,V1.14.0,Rendimiento,Portfolio FFI: Segundo ingreso a la carta de rendimiento Desde principio de mes con método MWR,4,3,12,4704.65,1203.5,1502.22,-481.93,V1.13.4
2026-08-29T15:40:47-03:00,Production,CFI,V1.14.0,Rendimiento,Portfolio FFI: Segundo ingreso a la carta de rendimiento Desde principio de mes con método TWR,1,4,4,602.5,532.5,64.34,,V1.13.4
2026-08-29T15:40:47-03:00,Production,CFI,V1.14.0,Rendimiento,Portfolio FFI: Segundo ingreso a la carta de rendimiento Desde principio de mes con método TWR,2,3,6,960.0,716.0,161.93,-59.34,V1.13.4
2026-08-29T15:40:47-03:00,Production,CFI,V1.14.0,Rendimiento,Portfolio FFI: Segundo ingreso a la carta de rendimiento Desde principio de mes con método TWR,4,3,12,7517.6,704.5,2671.03,-1147.73,V1.13.4
2026-08-29T15:40:47-03:00,Production,CFI,V1.14.0,Rendimiento,Portfolio FFI: Segundo ingreso a la carta de rendimiento Última semana con método MWR,1,4,4,608.85,489.0,86.24,,V1.13.4
2026-08-29T15:40:47-03:00,Production,CFI,V1.14.0,Rendimiento,Portfolio FFI: Segundo ingreso a la carta de rendimiento Última semana con método MWR,2,3,6,854.0,645.0,134.51,-40.26,V1.13.4
2026-08-29T15:40:47-03:00,Production,CFI,V1.14.0,Rendimiento,Portfolio FFI: Segundo ingreso a la carta de rendimiento Última semana con método MWR,4,3,12,7722.95,926.5,2747.17,-1168.45,V1.13.4
2026-08-29T15:40:47-03:00,Production,CFI,V1.14.0,Rendimiento,Portfolio FFI: Segundo ingreso a la carta de rendimiento Última semana con método TWR,1,4,4,588.6,497.5,70.24,,V1.13.4
2026-08-29T15:40:47-03:00,Production,CFI,V1.14.0,Rendimiento,Portfolio FFI: Segundo ingreso a la carta de rendimiento Última semana con método TWR,2,3,6,748.5,604.5,80.75,-27.17,V1.13.4
2026-08-29T15:40:47-03:00,Production,CFI,V1.14.0,Rendimiento,Portfolio FFI: Segundo ingreso a la carta de rendimiento Última semana con método TWR,4,3,12,4141.05,1267.5,1341.72,-603.54,V1.13.4
2026-08-29T15:40:47-03:00,Production,CFI,V1.14.0,Rendimiento,Portfolio FFI: Segundo ingreso a la carta de rendimiento Último año con método MWR,1,4,4,2787.95,1938.0,443.87,,V1.13.4
2026-08-29T15:40:47-03:00,Production,CFI,V1.14.0,Rendimiento,Portfolio FFI: Segundo ingreso a la carta de rendimiento Último año con método MWR,2,3,6,3584.25,1925.0,852.9,-28.56,V1.13.4
2026-08-29T15:40:47-03:00,Production,CFI,V1.14.0,Rendimiento,Portfolio FFI: Segundo ingreso a la carta de rendimiento Último año con método MWR,4,3,12,14829.3,3984.5,5020.47,-431.91,V1.13.4
2026-08-29T15:40:47-03:00,Production,CFI,V1.14.0,Rendimiento,Portfolio FFI: Segundo ingreso a la carta de rendimiento Último año con método TWR,1,4,4,1837.8,1731.0,77.46,,V1.13.4
2026-08-29T15:40:47-03:00,Production,CFI,V1.14.0,Rendimiento,Portfolio FFI: Segundo ingreso a la carta de rendimiento Último año con método TWR,2,3,6,2966.5,2242.5,366.88,-61.42,V1.13.4
2026-08-29T15:40:47-03:00,Production,CFI,V1.14.0,Rendimiento,Portfolio FFI: Segundo ingreso a la carta de rendimiento Último año con método TWR,4,3,12,6954.7,3312.0,1847.54,-278.43,V1.13.4
2026-08-29T15:40:47-03:00,Production,CFI,V1.14.0,Rendimiento,Portfolio FFI: Segundo ingreso a la carta de rendimiento Último mes con método MWR,1,4,4,660.7,590.0,43.04,,V1.13.4
2026-08-29T15:40:47-03:00,Production,CFI,V1.14.0,Rendimiento,Portfolio FFI: Segundo ingreso a la carta de rendimiento Último mes con método MWR,2,3,6,889.25,709.0,115.68,-34.59,V1.13.4
2026-08-29T15:40:47-03:00,Production,CFI,V1.14.0,Rendimiento,Portfolio FFI: Segundo ingreso a la carta de rendimiento Último mes con método MWR,4,3,12,3135.95,1187.5,830.76,-374.64,V1.13.4
2026-08-29T15:40:47-03:00,Production,CFI,V1.14.0,Rendimiento,Portfolio FFI: Segundo ingreso a la carta de rendimiento Último mes con método TWR,1,4,4,725.95,573.5,96.66,,V1.13.4
2026-08-29T15:40:47-03:00,Production,CFI,V1.14.0,Rendimiento,Portfolio FFI: Segundo ingreso a la carta de rendimiento Último mes con método TWR,2,3,6,1610.5,723.5,439.28,-121.85,V1.13.4
2026-08-29T15:40:47-03:00,Production,CFI,V1.14.0,Rendimiento,Portfolio FFI: Segundo ingreso a la carta de rendimiento Último mes con método TWR,4,3,12,4034.25,1686.5,1352.18,-455.72,V1.13.4
2026-08-29T15:40:47-03:00,Production,CFI,V1.14.0,Rendimiento,Portfolio FFI: Segundo ingreso a la carta de rendimiento Últimos 3 meses con método MWR,1,4,4,1619.8,918.0,386.04,,V1.13.4
2026-08-29T15:40:47-03:00,Production,CFI,V1.14.0,Rendimiento,Portfolio FFI: Segundo ingreso a la carta de rendimiento Últimos 3 meses con método MWR,2,3,6,1215.0,901.0,170.43,24.99,V1.13.4
2026-08-29T15:40:47-03:00,Production,CFI,V1.14.0,Rendimiento,Portfolio FFI: Segundo ingreso a la carta de rendimiento Últimos 3 meses con método MWR,4,3,12,6159.85,2259.0,1948.95,-280.28,V1.13.4
2026-08-29T15:40:47-03:00,Production,CFI,V1.14.0,Rendimiento,Portfolio FFI: Segundo ingreso a la carta de rendimiento Últimos 3 meses con método TWR,1,4,4,1190.55,861.5,199.87,,V1.13.4
2026-08-29T15:40:47-03:00,Production,CFI,V1.14.0,Rendimiento,Portfolio FFI: Segundo ingreso a la carta de rendimiento Últimos 3 meses con método TWR,2,3,6,4113.0,1234.5,1346.08,-245.47,V1.13.4
2026-08-29T15:40:47-03:00,Production,CFI,V1.14.0,Rendimiento,Portfolio FFI: Segundo ingreso a la carta de rendimiento Últimos 3 meses con método TWR,4,3,12,10736.65,1396.0,3704.5,-801.82,V1.13.4
2026-08-29T15:40:47-03:00,Production,CFI,V1.14.0,Rendimiento,Portfolio FPC: Primer ingreso a la carta de rendimiento Desde el inicio con método MWR,1,4,4,5530.0,4705.0,620.18,,V1.13.4
2026-08-29T15:40:47-03:00,Production,CFI,V1.14.0,Rendimiento,Portfolio FPC: Primer ingreso a la carta de rendimiento Desde el inicio con método MWR,2,3,6,8609.75,5628.5,1679.19,-55.69,V1.13.4
2026-08-29T15:40:47-03:00,Production,CFI,V1.14.0,Rendimiento,Portfolio FPC: Primer ingreso a la carta de rendimiento Desde el inicio con método MWR,4,3,12,14779.75,6313.0,3833.52,-167.26,V1.13.4
2026-08-29T15:40:47-03:00,Production,CFI,V1.14.0,Rendimiento,Portfolio FPC: Primer ingreso a la carta de rendimiento Desde el inicio con método TWR,1,4,4,5758.2,5226.0,602.66,,V1.13.4
2026-08-29T15:40:47-03:00,Production,CFI,V1.14.0,Rendimiento,Portfolio FPC: Primer ingreso a la carta de rendimiento Desde el inicio con método TWR,2,3,6,8308.75,5529.0,1492.21,-44.29,V1.13.4
2026-08-29T15:40:47-03:00,Production,CFI,V1.14.0,Rendimiento,Portfolio FPC: Primer ingreso a la carta de rendimiento Desde el inicio con método TWR,4,3,12,13566.7,8338.5,2880.98,-135.61,V1.13.4
2026-08-29T15:40:47-03:00,Production,CFI,V1.14.0,Rendimiento,Portfolio FPC: Primer ingreso a la carta de rendimiento Desde principio de año con método MWR,1,4,4,1218.6,1098.0,97.34,,V1.13.4
2026-08-29T15:40:47-03:00,Production,CFI,V1.14.0,Rendimiento,Portfolio FPC: Primer ingreso a la carta de rendimiento Desde principio de año con método MWR,2,3,6,1754.0,1311.5,254.75,-43.94,V1.13.4
2026-08-29T15:40:47-03:00,Production,CFI,V1.14.0,Rendimiento,Portfolio FPC: Primer ingreso a la carta de rendimiento Desde principio de año con método MWR,4,3,12,11178.45,2582.0,4231.49,-817.32,V1.13.4
2026-08-29T15:40:47-03:00,Production,CFI,V1.14.0,Rendimiento,Portfolio FPC: Primer ingreso a la carta de rendimiento Desde principio de año con método TWR,1,4,4,1142.1,1014.0,96.99,,V1.13.4
2026-08-29T15:40:47-03:00,Production,CFI,V1.14.0,Rendimiento,Portfolio FPC: Primer ingreso a la carta de rendimiento Desde principio de año con método TWR,2,3,6,2557.5,1184.5,670.81,-123.93,V1.13.4
2026-08-29T15:40:47-03:00,Production,CFI,V1.14.0,Rendimiento,Portfolio FPC: Primer ingreso a la carta de rendimiento Desde principio de año con método TWR,4,3,12,4627.0,1488.0,1428.32,-305.13,V1.13.4
2026-08-29T15:40:47-03:00,Production,CFI,V1.14.0,Rendimiento,Portfolio FPC: Primer ingreso a la carta de rendimiento Desde principio de mes con método MWR,1,4,4,486.6,452.5,57.85,,V1.13.4
2026-08-29T15:40:47-03:00,Production,CFI,V1.14.0,Rendimiento,Portfolio FPC: Primer ingreso a la carta de rendimiento Desde principio de mes con método MWR,2,3,6,2988.5,612.5,1130.73,-514.16,V1.13.4
2026-08-29T15:40:47-03:00,Production,CFI,V1.14.0,Rendimiento,Portfolio FPC: Primer ingreso a la carta de rendimiento Desde principio de mes con método MWR,4,3,12,6958.0,1013.0,2336.63,-1329.92,V1.13.4
2026-08-29T15:40:47-03:00,Production,CFI,V1.14.0,Rendimiento,Portfolio FPC: Primer ingreso a la carta de rendimiento Desde principio de mes con método TWR,1,4,4,471.4,453.5,38.4,,V1.13.4
2026-08-29T15:40:47-03:00,Production,CFI,V1.14.0,Rendimiento,Portfolio FPC: Primer ingreso a la carta de rendimiento Desde principio de mes con método TWR,2,3,6,1250.0,628.0,318.13,-165.17,V1.13.4
2026-08-29T15:40:47-03:00,Production,CFI,V1.14.0,Rendimiento,Portfolio FPC: Primer ingreso a la carta de rendimiento Desde principio de mes con método TWR,4,3,12,6151.25,1207.0,2050.42,-1204.89,V1.13.4
2026-08-29T15:40:47-03:00,Production,CFI,V1.14.0,Rendimiento,Portfolio FPC: Primer ingreso a la carta de rendimiento Última semana con método MWR,1,4,4,481.9,407.5,52.95,,V1.13.4
2026-08-29T15:40:47-03:00,Production,CFI,V1.14.0,Rendimiento,Portfolio FPC: Primer ingreso a la carta de rendimiento Última semana con método MWR,2,3,6,1480.0,522.5,478.66,-207.12,V1.13.4
2026-08-29T15:40:47-03:00,Production,CFI,V1.14.0,Rendimiento,Portfolio FPC: Primer ingreso a la carta de rendimiento Última semana con método MWR,4,3,12,6277.1,809.5,2417.41,-1202.57,V1.13.4
2026-08-29T15:40:47-03:00,Production,CFI,V1.14.0,Rendimiento,Portfolio FPC: Primer ingreso a la carta de rendimiento Última semana con método TWR,1,4,4,467.3,401.0,41.65,,V1.13.4
2026-08-29T15:40:47-03:00,Production,CFI,V1.14.0,Rendimiento,Portfolio FPC: Primer ingreso a la carta de rendimiento Última semana con método TWR,2,3,6,592.25,499.0,71.61,-26.74,V1.13.4
2026-08-29T15:40:47-03:00,Production,CFI,V1.14.0,Rendimiento,Portfolio FPC: Primer ingreso a la carta de rendimiento Última semana con método TWR,4,3,12,4223.7,1385.0,1515.75,-803.85,V1.13.4
2026-08-29T15:40:47-03:00,Production,CFI,V1.14.0,Rendimiento,Portfolio FPC: Primer ingreso a la carta de rendimiento Último año con método MWR,1,4,4,1886.1,1712.0,117.75,,V1.13.4
2026-08-29T15:40:47-03:00,Production,CFI,V1.14.0,Rendimiento,Portfolio FPC: Primer ingreso a la carta de rendimiento Último año con método MWR,2,3,6,3214.25,2124.5,697.09,-70.42,V1.13.4
2026-08-29T15:40:47-03:00,Production,CFI,V1.14.0,Rendimiento,Portfolio FPC: Primer ingreso a la carta de rendimiento Último año con método MWR,4,3,12,8232.55,2260.0,2693.66,-336.49,V1.13.4
2026-08-29T15:40:47-03:00,Production,CFI,V1.14.0,Rendimiento,Portfolio FPC: Primer ingreso a la carta de rendimiento Último año con método TWR,1,4,4,2632.4,2061.5,538.67,,V1.13.4
2026-08-29T15:40:47-03:00,Production,CFI,V1.14.0,Rendimiento,Portfolio FPC: Primer ingreso a la carta de rendimiento Último año con método TWR,2,3,6,5131.75,2974.5,1433.63,-94.95,V1.13.4
2026-08-29T15:40:47-03:00,Production,CFI,V1.14.0,Rendimiento,Portfolio FPC: Primer ingreso a la carta de rendimiento Último año con método TWR,4,3,12,8808.8,2372.5,2604.52,-234.63,V1.13.4
2026-08-29T15:40:47-03:00,Production,CFI,V1.14.0,Rendimiento,Portfolio FPC: Primer ingreso a la carta de rendimiento Último mes con método MWR,1,4,4,566.4,488.5,48.84,,V1.13.4
2026-08-29T15:40:47-03:00,Production,CFI,V1.14.0,Rendimiento,Portfolio FPC: Primer ingreso a la carta de rendimiento Último mes con método MWR,2,3,6,4200.75,797.0,1656.51,-641.66,V1.13.4
2026-08-29T15:40:47-03:00,Production,CFI,V1.14.0,Rendimiento,Portfolio FPC: Primer ingreso a la carta de rendimiento Último mes con método MWR,4,3,12,5936.35,766.0,2062.84,-948.08,V1.13.4
2026-08-29T15:40:47-03:00,Production,CFI,V1.14.0,Rendimiento,Portfolio FPC: Primer ingreso a la carta de rendimiento Último mes con método TWR,1,4,4,597.15,507.5,54.11,,V1.13.4
2026-08-29T15:40:47-03:00,Production,CFI,V1.14.0,Rendimiento,Portfolio FPC: Primer ingreso a la carta de rendimiento Último mes con método TWR,2,3,6,3483.0,640.5,1410.79,-483.27,V1.13.4
2026-08-29T15:40:47-03:00,Production,CFI,V1.14.0,Rendimiento,Portfolio FPC: Primer ingreso a la carta de rendimiento Último mes con método TWR,4,3,12,4108.45,673.5,1294.84,-588.01,V1.13.4
2026-08-29T15:40:47-03:00,Production,CFI,V1.14.0,Rendimiento,Portfolio FPC: Primer ingreso a la carta de rendimiento Últimos 3 meses con método MWR,1,4,4,1067.2,735.0,190.55,,V1.13.4
2026-08-29T15:40:47-03:00,Production,CFI,V1.14.0,Rendimiento,Portfolio FPC: Primer ingreso a la carta de rendimiento Últimos 3 meses con método MWR,2,3,6,2319.0,970.0,712.49,-117.3,V1.13.4
2026-08-29T15:40:47-03:00,Production,CFI,V1.14.0,Rendimiento,Portfolio FPC: Primer ingreso a la carta de rendimiento Últimos 3 meses con método MWR,4,3,12,6378.05,1379.0,2020.0,-497.64,V1.13.4
2026-08-29T15:40:47-03:00,Production,CFI,V1.14.0,Rendimiento,Portfolio FPC: Primer ingreso a la carta de rendimiento Últimos 3 meses con método TWR,1,4,4,821.5,685.5,76.99,,V1.13.4
2026-08-29T15:40:47-03:00,Production,CFI,V1.14.0,Rendimiento,Portfolio FPC: Primer ingreso a la carta de rendimiento Últimos 3 meses con método TWR,2,3,6,4349.5,955.0,1716.05,-429.46,V1.13.4
2026-08-29T15:40:47-03:00,Production,CFI,V1.14.0,Rendimiento,Portfolio FPC: Primer ingreso a la carta de rendimiento Últimos 3 meses con método TWR,4,3,12,5083.75,883.5,1872.43,-518.84,V1.13.4
2026-08-29T15:40:47-03:00,Production,CFI,V1.14.0,Rendimiento,Portfolio FPC: Segundo ingreso a la carta de rendimiento Desde el inicio con método MWR,1,4,4,4938.4,4927.5,269.57,,V1.13.4
2026-08-29T15:40:47-03:00,Production,CFI,V1.14.0,Rendimiento,Portfolio FPC: Segundo ingreso a la carta de rendimiento Desde el inicio con método MWR,2,3,6,8584.5,5517.5,1584.9,-73.83,V1.13.4
2026-08-29T15:40:47-03:00,Production,CFI,V1.14.0,Rendimiento,Portfolio FPC: Segundo ingreso a la carta de rendimiento Desde el inicio con método MWR,4,3,12,12208.8,6481.0,2624.13,-147.22,V1.13.4
2026-08-29T15:40:47-03:00,Production,CFI,V1.14.0,Rendimiento,Portfolio FPC: Segundo ingreso a la carta de rendimiento Desde el inicio con método TWR,1,4,4,5859.2,4867.0,772.26,,V1.13.4
2026-08-29T15:40:47-03:00,Production,CFI,V1.14.0,Rendimiento,Portfolio FPC: Segundo ingreso a la carta de rendimiento Desde el inicio con método TWR,2,3,6,9162.0,5437.5,1879.95,-56.37,V1.13.4
2026-08-29T15:40:47-03:00,Production,CFI,V1.14.0,Rendimiento,Portfolio FPC: Segundo ingreso a la carta de rendimiento Desde el inicio con método TWR,4,3,12,10605.95,6573.5,2125.47,-81.01,V1.13.4
2026-08-29T15:40:47-03:00,Production,CFI,V1.14.0,Rendimiento,Portfolio FPC: Segundo ingreso a la carta de rendimiento Desde principio de año con método MWR,1,4,4,1196.25,1031.0,88.73,,V1.13.4
2026-08-29T15:40:47-03:00,Production,CFI,V1.14.0,Rendimiento,Portfolio FPC: Segundo ingreso a la carta de rendimiento Desde principio de año con método MWR,2,3,6,3631.5,1292.0,1141.11,-203.57,V1.13.4
2026-08-29T15:40:47-03:00,Production,CFI,V1.14.0,Rendimiento,Portfolio FPC: Segundo ingreso a la carta de rendimiento Desde principio de año con método MWR,4,3,12,8258.8,2314.0,2591.87,-590.39,V1.13.4
2026-08-29T15:40:47-03:00,Production,CFI,V1.14.0,Rendimiento,Portfolio FPC: Segundo ingreso a la carta de rendimiento Desde principio de año con método TWR,1,4,4,1367.15,1181.0,186.69,,V1.13.4
2026-08-29T15:40:47-03:00,Production,CFI,V1.14.0,Rendimiento,Portfolio FPC: Segundo ingreso a la carta de rendimiento Desde principio de año con método TWR,2,3,6,3386.75,1447.0,945.47,-147.72,V1.13.4
2026-08-29T15:40:47-03:00,Production,CFI,V1.14.0,Rendimiento,Portfolio FPC: Segundo ingreso a la carta de rendimiento Desde principio de año con método TWR,4,3,12,5791.05,2481.5,1584.56,-323.59,V1.13.4
2026-08-29T15:40:47-03:00,Production,CFI,V1.14.0,Rendimiento,Portfolio FPC: Segundo ingreso a la carta de rendimiento Desde principio de mes con método MWR,1,4,4,644.65,595.0,46.75,,V1.13.4
2026-08-29T15:40:47-03:00,Production,CFI,V1.14.0,Rendimiento,Portfolio FPC: Segundo ingreso a la carta de rendimiento Desde principio de mes con método MWR,2,3,6,3597.5,728.5,1395.46,-458.05,V1.13.4
2026-08-29T15:40:47-03:00,Production,CFI,V1.14.0,Rendimiento,Portfolio FPC: Segundo ingreso a la carta de rendimiento Desde principio de mes con método MWR,4,3,12,3210.25,712.5,1076.54,-397.98,V1.13.4
2026-08-29T15:40:47-03:00,Production,CFI,V1.14.0,Rendimiento,Portfolio FPC: Segundo ingreso a la carta de rendimiento Desde principio de mes con método TWR,1,4,4,602.05,467.5,70.44,,V1.13.4
2026-08-29T15:40:47-03:00,Production,CFI,V1.14.0,Rendimiento,Portfolio FPC: Segundo ingreso a la carta de rendimiento Desde principio de mes con método TWR,2,3,6,3643.25,647.0,1482.24,-505.14,V1.13.4
2026-08-29T15:40:47-03:00,Production,CFI,V1.14.0,Rendimiento,Portfolio FPC: Segundo ingreso a la carta de rendimiento Desde principio de mes con método TWR,4,3,12,3865.65,967.5,1194.59,-542.08,V1.13.4
2026-08-29T15:40:47-03:00,Production,CFI,V1.14.0,Rendimiento,Portfolio FPC: Segundo ingreso a la carta de rendimiento Última semana con método MWR,1,4,4,585.6,558.0,65.57,,V1.13.4
2026-08-29T15:40:47-03:00,Production,CFI,V1.14.0,Rendimiento,Portfolio FPC: Segundo ingreso a la carta de rendimiento Última semana con método MWR,2,3,6,631.75,579.5,59.01,-7.88,V1.13.4
2026-08-29T15:40:47-03:00,Production,CFI,V1.14.0,Rendimiento,Portfolio FPC: Segundo ingreso a la carta de rendimiento Última semana con método MWR,4,3,12,4170.9,688.5,1306.34,-612.24,V1.13.4
2026-08-29T15:40:47-03:00,Production,CFI,V1.14.0,Rendimiento,Portfolio FPC: Segundo ingreso a la carta de rendimiento Última semana con método TWR,1,4,4,572.75,501.0,64.72,,V1.13.4
2026-08-29T15:40:47-03:00,Production,CFI,V1.14.0,Rendimiento,Portfolio FPC: Segundo ingreso a la carta de rendimiento Última semana con método TWR,2,3,6,3439.5,943.5,1268.31,-500.52,V1.13.4
2026-08-29T15:40:47-03:00,Production,CFI,V1.14.0,Rendimiento,Portfolio FPC: Segundo ingreso a la carta de rendimiento Última semana con método TWR,4,3,12,2014.7,810.5,550.4,-251.76,V1.13.4
2026-08-29T15:40:47-03:00,Production,CFI,V1.14.0,Rendimiento,Portfolio FPC: Segundo ingreso a la carta de rendimiento Último año con método MWR,1,4,4,2726.55,1646.5,571.37,,V1.13.4
2026-08-29T15:40:47-03:00,Production,CFI,V1.14.0,Rendimiento,Portfolio FPC: Segundo ingreso a la carta de rendimiento Último año con método MWR,2,3,6,4254.25,1950.0,1107.12,-56.03,V1.13.4
2026-08-29T15:40:47-03:00,Production,CFI,V1.14.0,Rendimiento,Portfolio FPC: Segundo ingreso a la carta de rendimiento Último año con método MWR,4,3,12,5808.95,2681.0,1651.15,-113.05,V1.13.4
2026-08-29T15:40:47-03:00,Production,CFI,V1.14.0,Rendimiento,Portfolio FPC: Segundo ingreso a la carta de rendimiento Último año con método TWR,1,4,4,1644.95,1561.0,113.32,,V1.13.4
2026-08-29T15:40:47-03:00,Production,CFI,V1.14.0,Rendimiento,Portfolio FPC: Segundo ingreso a la carta de rendimiento Último año con método TWR,2,3,6,6675.0,2044.0,2267.15,-305.79,V1.13.4
2026-08-29T15:40:47-03:00,Production,CFI,V1.14.0,Rendimiento,Portfolio FPC: Segundo ingreso a la carta de rendimiento Último año con método TWR,4,3,12,10798.15,3595.5,3097.49,-556.44,V1.13.4
2026-08-29T15:40:47-03:00,Production,CFI,V1.14.0,Rendimiento,Portfolio FPC: Segundo ingreso a la carta de rendimiento Último mes con método MWR,1,4,4,1443.75,550.0,459.3,,V1.13.4
2026-08-29T15:40:47-03:00,Production,CFI,V1.14.0,Rendimiento,Portfolio FPC: Segundo ingreso a la carta de rendimiento Último mes con método MWR,2,3,6,790.75,731.0,65.67,45.23,V1.13.4
2026-08-29T15:40:47-03:00,Production,CFI,V1.14.0,Rendimiento,Portfolio FPC: Segundo ingreso a la carta de rendimiento Último mes con método MWR,4,3,12,5310.95,784.0,2074.19,-267.86,V1.13.4
2026-08-29T15:40:47-03:00,Production,CFI,V1.14.0,Rendimiento,Portfolio FPC: Segundo ingreso a la carta de rendimiento Último mes con método TWR,1,4,4,660.4,617.5,80.32,,V1.13.4
2026-08-29T15:40:47-03:00,Production,CFI,V1.14.0,Rendimiento,Portfolio FPC: Segundo ingreso a la carta de rendimiento Último mes con método TWR,2,3,6,865.5,689.0,115.86,-31.06,V1.13.4
2026-08-29T15:40:47-03:00,Production,CFI,V1.14.0,Rendimiento,Portfolio FPC: Segundo ingreso a la carta de rendimiento Último mes con método TWR,4,3,12,6376.45,2155.0,1914.59,-865.54,V1.13.4
2026-08-29T15:40:47-03:00,Production,CFI,V1.14.0,Rendimiento,Portfolio FPC: Segundo ingreso a la carta de rendimiento Últimos 3 meses con método MWR,1,4,4,848.25,770.0,85.54,,V1.13.4
2026-08-29T15:40:47-03:00,Production,CFI,V1.14.0,Rendimiento,Portfolio FPC: Segundo ingreso a la carta de rendimiento Últimos 3 meses con método MWR,2,3,6,5208.25,1393.0,1904.53,-514.0,V1.13.4
2026-08-29T15:40:47-03:00,Production,CFI,V1.14.0,Rendimiento,Portfolio FPC: Segundo ingreso a la carta de rendimiento Últimos 3 meses con método MWR,4,3,12,4683.55,1595.5,1448.85,-452.14,V1.13.4
2026-08-29T15:40:47-03:00,Production,CFI,V1.14.0,Rendimiento,Portfolio FPC: Segundo ingreso a la carta de rendimiento Últimos 3 meses con método TWR,1,4,4,852.15,694.5,93.76,,V1.13.4
2026-08-29T15:40:47-03:00,Production,CFI,V1.14.0,Rendimiento,Portfolio FPC: Segundo ingreso a la carta de rendimiento Últimos 3 meses con método TWR,2,3,6,1670.5,758.5,440.02,-96.03,V1.13.4
2026-08-29T15:40:47-03:00,Production,CFI,V1.14.0,Rendimiento,Portfolio FPC: Segundo ingreso a la carta de rendimiento Últimos 3 meses con método TWR,4,3,12,5781.6,1579.0,1760.88,-578.47,V1.13.4
2026-08-29T15:40:47-03:00,Production,CFI,V1.14.0,Rendimiento,Portfolio Fondo de Garantia CFI: Primer ingreso a la carta de rendimiento Desde el inicio con método MWR,1,4,4,5407.4,4915.5,459.82,,V1.13.4
2026-08-29T15:40:47-03:00,Production,CFI,V1.14.0,Rendimiento,Portfolio Fondo de Garantia CFI: Primer ingreso a la carta de rendimiento Desde el inicio con método MWR,2,3,6,11196.0,6231.5,2513.07,-107.05,V1.13.4
2026-08-29T15:40:47-03:00,Production,CFI,V1.14.0,Rendimiento,Portfolio Fondo de Garantia CFI: Primer ingreso a la carta de rendimiento Desde el inicio con método MWR,4,3,12,15289.55,7185.0,3870.62,-182.75,V1.13.4
2026-08-29T15:40:47-03:00,Production,CFI,V1.14.0,Rendimiento,Portfolio Fondo de Garantia CFI: Primer ingreso a la carta de rendimiento Desde el inicio con método TWR,1,4,4,6354.4,5425.0,752.41,,V1.13.4
2026-08-29T15:40:47-03:00,Production,CFI,V1.14.0,Rendimiento,Portfolio Fondo de Garantia CFI: Primer ingreso a la carta de rendimiento Desde el inicio con método TWR,2,3,6,7205.75,5293.0,907.49,-13.4,V1.13.4
2026-08-29T15:40:47-03:00,Production,CFI,V1.14.0,Rendimiento,Portfolio Fondo de Garantia CFI: Primer ingreso a la carta de rendimiento Desde el inicio con método TWR,4,3,12,21701.25,13189.0,5330.92,-241.52,V1.13.4
2026-08-29T15:40:47-03:00,Production,CFI,V1.14.0,Rendimiento,Portfolio Fondo de Garantia CFI: Primer ingreso a la carta de rendimiento Desde principio de año con método MWR,1,4,4,1203.45,1070.0,73.06,,V1.13.4
2026-08-29T15:40:47-03:00,Production,CFI,V1.14.0,Rendimiento,Portfolio Fondo de Garantia CFI: Primer ingreso a la carta de rendimiento Desde principio de año con método MWR,2,3,6,2224.25,1430.5,404.63,-84.82,V1.13.4
2026-08-29T15:40:47-03:00,Production,CFI,V1.14.0,Rendimiento,Portfolio Fondo de Garantia CFI: Primer ingreso a la carta de rendimiento Desde principio de año con método MWR,4,3,12,7710.85,2347.0,2521.27,-540.73,V1.13.4
2026-08-29T15:40:47-03:00,Production,CFI,V1.14.0,Rendimiento,Portfolio Fondo de Garantia CFI: Primer ingreso a la carta de rendimiento Desde principio de año con método TWR,1,4,4,1672.65,1167.5,279.69,,V1.13.4
2026-08-29T15:40:47-03:00,Production,CFI,V1.14.0,Rendimiento,Portfolio Fondo de Garantia CFI: Primer ingreso a la carta de rendimiento Desde principio de año con método TWR,2,3,6,3697.75,2245.5,866.09,-121.07,V1.13.4
2026-08-29T15:40:47-03:00,Production,CFI,V1.14.0,Rendimiento,Portfolio Fondo de Garantia CFI: Primer ingreso a la carta de rendimiento Desde principio de año con método TWR,4,3,12,4331.55,1642.5,1172.65,-158.96,V1.13.4
2026-08-29T15:40:47-03:00,Production,CFI,V1.14.0,Rendimiento,Portfolio Fondo de Garantia CFI: Primer ingreso a la carta de rendimiento Desde principio de mes con método MWR,1,4,4,534.45,474.5,58.94,,V1.13.4
2026-08-29T15:40:47-03:00,Production,CFI,V1.14.0,Rendimiento,Portfolio Fondo de Garantia CFI: Primer ingreso a la carta de rendimiento Desde principio de mes con método MWR,2,3,6,832.75,692.5,100.14,-55.81,V1.13.4
2026-08-29T15:40:47-03:00,Production,CFI,V1.14.0,Rendimiento,Portfolio Fondo de Garantia CFI: Primer ingreso a la carta de rendimiento Desde principio de mes con método MWR,4,3,12,1996.35,732.0,562.9,-273.53,V1.13.4
2026-08-29T15:40:47-03:00,Production,CFI,V1.14.0,Rendimiento,Portfolio Fondo de Garantia CFI: Primer ingreso a la carta de rendimiento Desde principio de mes con método TWR,1,4,4,556.35,541.0,63.6,,V1.13.4
2026-08-29T15:40:47-03:00,Production,CFI,V1.14.0,Rendimiento,Portfolio Fondo de Garantia CFI: Primer ingreso a la carta de rendimiento Desde principio de mes con método TWR,2,3,6,892.75,662.5,117.47,-60.47,V1.13.4
2026-08-29T15:40:47-03:00,Production,CFI,V1.14.0,Rendimiento,Portfolio Fondo de Garantia CFI: Primer ingreso a la carta de rendimiento Desde principio de mes con método TWR,4,3,12,1793.5,758.5,455.08,-222.37,V1.13.4
2026-08-29T15:40:47-03:00,Production,CFI,V1.14.0,Rendimiento,Portfolio Fondo de Garantia CFI: Primer ingreso a la carta de rendimiento Última semana con método MWR,1,4,4,523.55,479.5,53.63,,V1.13.4
2026-08-29T15:40:47-03:00,Production,CFI,V1.14.0,Rendimiento,Portfolio Fondo de Garantia CFI: Primer ingreso a la carta de rendimiento Última semana con método MWR,2,3,6,1432.25,670.0,408.38,-173.57,V1.13.4
2026-08-29T15:40:47-03:00,Production,CFI,V1.14.0,Rendimiento,Portfolio Fondo de Garantia CFI: Primer ingreso a la carta de rendimiento Última semana con método MWR,4,3,12,2858.35,709.0,900.79,-445.96,V1.13.4
2026-08-29T15:40:47-03:00,Production,CFI,V1.14.0,Rendimiento,Portfolio Fondo de Garantia CFI: Primer ingreso a la carta de rendimiento Última semana con método TWR,1,4,4,696.55,566.0,114.23,,V1.13.4
2026-08-29T15:40:47-03:00,Production,CFI,V1.14.0,Rendimiento,Portfolio Fondo de Garantia CFI: Primer ingreso a la carta de rendimiento Última semana con método TWR,2,3,6,725.75,609.5,105.65,-4.19,V1.13.4
2026-08-29T15:40:47-03:00,Production,CFI,V1.14.0,Rendimiento,Portfolio Fondo de Garantia CFI: Primer ingreso a la carta de rendimiento Última semana con método TWR,4,3,12,1552.7,718.0,347.28,-122.91,V1.13.4
2026-08-29T15:40:47-03:00,Production,CFI,V1.14.0,Rendimiento,Portfolio Fondo de Garantia CFI: Primer ingreso a la carta de rendimiento Último año con método MWR,1,4,4,2330.6,1869.5,269.2,,V1.13.4
2026-08-29T15:40:47-03:00,Production,CFI,V1.14.0,Rendimiento,Portfolio Fondo de Garantia CFI: Primer ingreso a la carta de rendimiento Último año con método MWR,2,3,6,3550.25,2022.0,777.48,-52.33,V1.13.4
2026-08-29T15:40:47-03:00,Production,CFI,V1.14.0,Rendimiento,Portfolio Fondo de Garantia CFI: Primer ingreso a la carta de rendimiento Último año con método MWR,4,3,12,12180.2,5209.0,3587.07,-422.62,V1.13.4
2026-08-29T15:40:47-03:00,Production,CFI,V1.14.0,Rendimiento,Portfolio Fondo de Garantia CFI: Primer ingreso a la carta de rendimiento Último año con método TWR,1,4,4,2182.5,1936.0,135.6,,V1.13.4
2026-08-29T15:40:47-03:00,Production,CFI,V1.14.0,Rendimiento,Portfolio Fondo de Garantia CFI: Primer ingreso a la carta de rendimiento Último año con método TWR,2,3,6,2588.25,1939.0,349.6,-18.59,V1.13.4
2026-08-29T15:40:47-03:00,Production,CFI,V1.14.0,Rendimiento,Portfolio Fondo de Garantia CFI: Primer ingreso a la carta de rendimiento Último año con método TWR,4,3,12,11451.4,3729.5,3167.21,-424.69,V1.13.4
2026-08-29T15:40:47-03:00,Production,CFI,V1.14.0,Rendimiento,Portfolio Fondo de Garantia CFI: Primer ingreso a la carta de rendimiento Último mes con método MWR,1,4,4,783.15,613.5,117.14,,V1.13.4
2026-08-29T15:40:47-03:00,Production,CFI,V1.14.0,Rendimiento,Portfolio Fondo de Garantia CFI: Primer ingreso a la carta de rendimiento Último mes con método MWR,2,3,6,2650.25,803.0,924.21,-238.41,V1.13.4
2026-08-29T15:40:47-03:00,Production,CFI,V1.14.0,Rendimiento,Portfolio Fondo de Garantia CFI: Primer ingreso a la carta de rendimiento Último mes con método MWR,4,3,12,8670.3,1182.5,3015.52,-1007.11,V1.13.4
2026-08-29T15:40:47-03:00,Production,CFI,V1.14.0,Rendimiento,Portfolio Fondo de Garantia CFI: Primer ingreso a la carta de rendimiento Último mes con método TWR,1,4,4,708.85,549.0,102.12,,V1.13.4
2026-08-29T15:40:47-03:00,Production,CFI,V1.14.0,Rendimiento,Portfolio Fondo de Garantia CFI: Primer ingreso a la carta de rendimiento Último mes con método TWR,2,3,6,1117.5,649.5,239.48,-57.65,V1.13.4
2026-08-29T15:40:47-03:00,Production,CFI,V1.14.0,Rendimiento,Portfolio Fondo de Garantia CFI: Primer ingreso a la carta de rendimiento Último mes con método TWR,4,3,12,3076.65,812.0,965.94,-334.03,V1.13.4
2026-08-29T15:40:47-03:00,Production,CFI,V1.14.0,Rendimiento,Portfolio Fondo de Garantia CFI: Primer ingreso a la carta de rendimiento Últimos 3 meses con método MWR,1,4,4,876.05,721.0,115.19,,V1.13.4
2026-08-29T15:40:47-03:00,Production,CFI,V1.14.0,Rendimiento,Portfolio Fondo de Garantia CFI: Primer ingreso a la carta de rendimiento Últimos 3 meses con método MWR,2,3,6,3199.25,991.0,1060.97,-265.19,V1.13.4
2026-08-29T15:40:47-03:00,Production,CFI,V1.14.0,Rendimiento,Portfolio Fondo de Garantia CFI: Primer ingreso a la carta de rendimiento Últimos 3 meses con método MWR,4,3,12,7212.35,1145.0,2700.44,-723.28,V1.13.4
2026-08-29T15:40:47-03:00,Production,CFI,V1.14.0,Rendimiento,Portfolio Fondo de Garantia CFI: Primer ingreso a la carta de rendimiento Últimos 3 meses con método TWR,1,4,4,827.45,778.5,84.33,,V1.13.4
2026-08-29T15:40:47-03:00,Production,CFI,V1.14.0,Rendimiento,Portfolio Fondo de Garantia CFI: Primer ingreso a la carta de rendimiento Últimos 3 meses con método TWR,2,3,6,2383.0,927.0,682.78,-187.99,V1.13.4
2026-08-29T15:40:47-03:00,Production,CFI,V1.14.0,Rendimiento,Portfolio Fondo de Garantia CFI: Primer ingreso a la carta de rendimiento Últimos 3 meses con método TWR,4,3,12,5223.55,1829.0,1673.89,-531.28,V1.13.4
2026-08-29T15:40:47-03:00,Production,CFI,V1.14.0,Rendimiento,Portfolio Fondo de Garantia CFI: Segundo ingreso a la carta de rendimiento Desde el inicio con método MWR,1,4,4,5306.4,4878.5,256.95,,V1.13.4
2026-08-29T15:40:47-03:00,Production,CFI,V1.14.0,Rendimiento,Portfolio Fondo de Garantia CFI: Segundo ingreso a la carta de rendimiento Desde el inicio con método MWR,2,3,6,6387.25,5641.5,660.44,-20.37,V1.13.4
2026-08-29T15:40:47-03:00,Production,CFI,V1.14.0,Rendimiento,Portfolio Fondo de Garantia CFI: Segundo ingreso a la carta de rendimiento Desde el inicio con método MWR,4,3,12,9832.9,6670.0,1563.58,-85.3,V1.13.4
2026-08-29T15:40:47-03:00,Production,CFI,V1.14.0,Rendimiento,Portfolio Fondo de Garantia CFI: Segundo ingreso a la carta de rendimiento Desde el inicio con método TWR,1,4,4,5911.15,4887.5,663.09,,V1.13.4
2026-08-29T15:40:47-03:00,Production,CFI,V1.14.0,Rendimiento,Portfolio Fondo de Garantia CFI: Segundo ingreso a la carta de rendimiento Desde el inicio con método TWR,2,3,6,5752.75,5528.5,851.75,2.68,V1.13.4
2026-08-29T15:40:47-03:00,Production,CFI,V1.14.0,Rendimiento,Portfolio Fondo de Garantia CFI: Segundo ingreso a la carta de rendimiento Desde el inicio con método TWR,4,3,12,13304.55,7169.5,3314.17,-125.08,V1.13.4
2026-08-29T15:40:47-03:00,Production,CFI,V1.14.0,Rendimiento,Portfolio Fondo de Garantia CFI: Segundo ingreso a la carta de rendimiento Desde principio de año con método MWR,1,4,4,1389.15,1256.5,94.51,,V1.13.4
2026-08-29T15:40:47-03:00,Production,CFI,V1.14.0,Rendimiento,Portfolio Fondo de Garantia CFI: Segundo ingreso a la carta de rendimiento Desde principio de año con método MWR,2,3,6,2214.25,1373.0,428.94,-59.4,V1.13.4
2026-08-29T15:40:47-03:00,Production,CFI,V1.14.0,Rendimiento,Portfolio Fondo de Garantia CFI: Segundo ingreso a la carta de rendimiento Desde principio de año con método MWR,4,3,12,4525.8,2063.5,1260.11,-225.8,V1.13.4
2026-08-29T15:40:47-03:00,Production,CFI,V1.14.0,Rendimiento,Portfolio Fondo de Garantia CFI: Segundo ingreso a la carta de rendimiento Desde principio de año con método TWR,1,4,4,1549.2,1263.5,194.42,,V1.13.4
2026-08-29T15:40:47-03:00,Production,CFI,V1.14.0,Rendimiento,Portfolio Fondo de Garantia CFI: Segundo ingreso a la carta de rendimiento Desde principio de año con método TWR,2,3,6,2571.5,1377.5,566.54,-65.99,V1.13.4
2026-08-29T15:40:47-03:00,Production,CFI,V1.14.0,Rendimiento,Portfolio Fondo de Garantia CFI: Segundo ingreso a la carta de rendimiento Desde principio de año con método TWR,4,3,12,3668.3,1463.0,928.86,-136.79,V1.13.4
2026-08-29T15:40:47-03:00,Production,CFI,V1.14.0,Rendimiento,Portfolio Fondo de Garantia CFI: Segundo ingreso a la carta de rendimiento Desde principio de mes con método MWR,1,4,4,594.4,539.5,80.02,,V1.13.4
2026-08-29T15:40:47-03:00,Production,CFI,V1.14.0,Rendimiento,Portfolio Fondo de Garantia CFI: Segundo ingreso a la carta de rendimiento Desde principio de mes con método MWR,2,3,6,3544.75,1001.5,1215.23,-496.36,V1.13.4
2026-08-29T15:40:47-03:00,Production,CFI,V1.14.0,Rendimiento,Portfolio Fondo de Garantia CFI: Segundo ingreso a la carta de rendimiento Desde principio de mes con método MWR,4,3,12,2197.25,738.0,667.99,-269.66,V1.13.4
2026-08-29T15:40:47-03:00,Production,CFI,V1.14.0,Rendimiento,Portfolio Fondo de Garantia CFI: Segundo ingreso a la carta de rendimiento Desde principio de mes con método TWR,1,4,4,558.1,529.5,57.62,,V1.13.4
2026-08-29T15:40:47-03:00,Production,CFI,V1.14.0,Rendimiento,Portfolio Fondo de Garantia CFI: Segundo ingreso a la carta de rendimiento Desde principio de mes con método TWR,2,3,6,1255.75,793.0,270.31,-125.0,V1.13.4
2026-08-29T15:40:47-03:00,Production,CFI,V1.14.0,Rendimiento,Portfolio Fondo de Garantia CFI: Segundo ingreso a la carta de rendimiento Desde principio de mes con método TWR,4,3,12,2075.05,717.0,536.23,-271.81,V1.13.4
2026-08-29T15:40:47-03:00,Production,CFI,V1.14.0,Rendimiento,Portfolio Fondo de Garantia CFI: Segundo ingreso a la carta de rendimiento Última semana con método MWR,1,4,4,637.05,488.0,79.32,,V1.13.4
2026-08-29T15:40:47-03:00,Production,CFI,V1.14.0,Rendimiento,Portfolio Fondo de Garantia CFI: Segundo ingreso a la carta de rendimiento Última semana con método MWR,2,3,6,1004.75,696.5,187.59,-57.72,V1.13.4
2026-08-29T15:40:47-03:00,Production,CFI,V1.14.0,Rendimiento,Portfolio Fondo de Garantia CFI: Segundo ingreso a la carta de rendimiento Última semana con método MWR,4,3,12,1209.9,715.5,225.35,-89.92,V1.13.4
2026-08-29T15:40:47-03:00,Production,CFI,V1.14.0,Rendimiento,Portfolio Fondo de Garantia CFI: Segundo ingreso a la carta de rendimiento Última semana con método TWR,1,4,4,709.15,524.0,112.42,,V1.13.4
2026-08-29T15:40:47-03:00,Production,CFI,V1.14.0,Rendimiento,Portfolio Fondo de Garantia CFI: Segundo ingreso a la carta de rendimiento Última semana con método TWR,2,3,6,742.5,667.5,102.23,-4.7,V1.13.4
2026-08-29T15:40:47-03:00,Production,CFI,V1.14.0,Rendimiento,Portfolio Fondo de Garantia CFI: Segundo ingreso a la carta de rendimiento Última semana con método TWR,4,3,12,5721.45,649.0,1909.76,-706.8,V1.13.4
2026-08-29T15:40:47-03:00,Production,CFI,V1.14.0,Rendimiento,Portfolio Fondo de Garantia CFI: Segundo ingreso a la carta de rendimiento Último año con método MWR,1,4,4,2748.15,2312.5,415.51,,V1.13.4
2026-08-29T15:40:47-03:00,Production,CFI,V1.14.0,Rendimiento,Portfolio Fondo de Garantia CFI: Segundo ingreso a la carta de rendimiento Último año con método MWR,2,3,6,4658.5,1907.5,1257.71,-69.51,V1.13.4
2026-08-29T15:40:47-03:00,Production,CFI,V1.14.0,Rendimiento,Portfolio Fondo de Garantia CFI: Segundo ingreso a la carta de rendimiento Último año con método MWR,4,3,12,7697.2,2690.0,2244.79,-180.09,V1.13.4
2026-08-29T15:40:47-03:00,Production,CFI,V1.14.0,Rendimiento,Portfolio Fondo de Garantia CFI: Segundo ingreso a la carta de rendimiento Último año con método TWR,1,4,4,2392.25,1826.0,311.29,,V1.13.4
2026-08-29T15:40:47-03:00,Production,CFI,V1.14.0,Rendimiento,Portfolio Fondo de Garantia CFI: Segundo ingreso a la carta de rendimiento Último año con método TWR,2,3,6,5845.25,1999.5,1770.75,-144.34,V1.13.4
2026-08-29T15:40:47-03:00,Production,CFI,V1.14.0,Rendimiento,Portfolio Fondo de Garantia CFI: Segundo ingreso a la carta de rendimiento Último año con método TWR,4,3,12,6544.3,2023.0,2002.25,-173.56,V1.13.4
2026-08-29T15:40:47-03:00,Production,CFI,V1.14.0,Rendimiento,Portfolio Fondo de Garantia CFI: Segundo ingreso a la carta de rendimiento Último mes con método MWR,1,4,4,957.1,678.0,168.78,,V1.13.4
2026-08-29T15:40:47-03:00,Production,CFI,V1.14.0,Rendimiento,Portfolio Fondo de Garantia CFI: Segundo ingreso a la carta de rendimiento Último mes con método MWR,2,3,6,1296.5,918.0,284.51,-35.46,V1.13.4
2026-08-29T15:40:47-03:00,Production,CFI,V1.14.0,Rendimiento,Portfolio Fondo de Garantia CFI: Segundo ingreso a la carta de rendimiento Último mes con método MWR,4,3,12,5900.15,696.5,1953.12,-516.46,V1.13.4
2026-08-29T15:40:47-03:00,Production,CFI,V1.14.0,Rendimiento,Portfolio Fondo de Garantia CFI: Segundo ingreso a la carta de rendimiento Último mes con método TWR,1,4,4,740.2,640.5,66.27,,V1.13.4
2026-08-29T15:40:47-03:00,Production,CFI,V1.14.0,Rendimiento,Portfolio Fondo de Garantia CFI: Segundo ingreso a la carta de rendimiento Último mes con método TWR,2,3,6,1390.5,779.0,313.95,-87.85,V1.13.4
2026-08-29T15:40:47-03:00,Production,CFI,V1.14.0,Rendimiento,Portfolio Fondo de Garantia CFI: Segundo ingreso a la carta de rendimiento Último mes con método TWR,4,3,12,935.7,721.0,111.16,-26.41,V1.13.4
2026-08-29T15:40:47-03:00,Production,CFI,V1.14.0,Rendimiento,Portfolio Fondo de Garantia CFI: Segundo ingreso a la carta de rendimiento Últimos 3 meses con método MWR,1,4,4,913.3,877.0,57.26,,V1.13.4
2026-08-29T15:40:47-03:00,Production,CFI,V1.14.0,Rendimiento,Portfolio Fondo de Garantia CFI: Segundo ingreso a la carta de rendimiento Últimos 3 meses con método MWR,2,3,6,1421.5,978.5,253.15,-55.64,V1.13.4
2026-08-29T15:40:47-03:00,Production,CFI,V1.14.0,Rendimiento,Portfolio Fondo de Garantia CFI: Segundo ingreso a la carta de rendimiento Últimos 3 meses con método MWR,4,3,12,4064.5,943.5,1506.47,-345.03,V1.13.4
2026-08-29T15:40:47-03:00,Production,CFI,V1.14.0,Rendimiento,Portfolio Fondo de Garantia CFI: Segundo ingreso a la carta de rendimiento Últimos 3 meses con método TWR,1,4,4,1953.45,1120.5,502.06,,V1.13.4
2026-08-29T15:40:47-03:00,Production,CFI,V1.14.0,Rendimiento,Portfolio Fondo de Garantia CFI: Segundo ingreso a la carta de rendimiento Últimos 3 meses con método TWR,2,3,6,1786.25,909.5,439.99,8.56,V1.13.4
2026-08-29T15:40:47-03:00,Production,CFI,V1.14.0,Rendimiento,Portfolio Fondo de Garantia CFI: Segundo ingreso a la carta de rendimiento Últimos 3 meses con método TWR,4,3,12,1702.3,916.0,415.97,12.86,V1.13.4
2026-08-29T15:40:47-03:00,Production,CFI,V1.14.0,Rendimiento,Portfolio Fondo de Obra Social: Primer ingreso a la carta de rendimiento Desde el inicio con método MWR,1,4,4,4547.15,4151.0,532.21,,V1.13.4
2026-08-29T15:40:47-03:00,Production,CFI,V1.14.0,Rendimiento,Portfolio Fondo de Obra Social: Primer ingreso a la carta de rendimiento Desde el inicio con método MWR,2,3,6,7769.75,4902.5,1763.28,-70.87,V1.13.4
2026-08-29T15:40:47-03:00,Production,CFI,V1.14.0,Rendimiento,Portfolio Fondo de Obra Social: Primer ingreso a la carta de rendimiento Desde el inicio con método MWR,4,3,12,11548.25,6445.0,2729.56,-153.97,V1.13.4
2026-08-29T15:40:47-03:00,Production,CFI,V1.14.0,Rendimiento,Portfolio Fondo de Obra Social: Primer ingreso a la carta de rendimiento Desde el inicio con método TWR,1,4,4,5117.1,4224.0,637.26,,V1.13.4
2026-08-29T15:40:47-03:00,Production,CFI,V1.14.0,Rendimiento,Portfolio Fondo de Obra Social: Primer ingreso a la carta de rendimiento Desde el inicio con método TWR,2,3,6,8659.75,4734.5,1954.83,-69.23,V1.13.4
2026-08-29T15:40:47-03:00,Production,CFI,V1.14.0,Rendimiento,Portfolio Fondo de Obra Social: Primer ingreso a la carta de rendimiento Desde el inicio con método TWR,4,3,12,8797.65,6927.0,1614.54,-71.93,V1.13.4
2026-08-29T15:40:47-03:00,Production,CFI,V1.14.0,Rendimiento,Portfolio Fondo de Obra Social: Primer ingreso a la carta de rendimiento Desde principio de año con método MWR,1,4,4,1254.2,1057.5,137.17,,V1.13.4
2026-08-29T15:40:47-03:00,Production,CFI,V1.14.0,Rendimiento,Portfolio Fondo de Obra Social: Primer ingreso a la carta de rendimiento Desde principio de año con método MWR,2,3,6,3518.75,2390.5,907.68,-180.56,V1.13.4
2026-08-29T15:40:47-03:00,Production,CFI,V1.14.0,Rendimiento,Portfolio Fondo de Obra Social: Primer ingreso a la carta de rendimiento Desde principio de año con método MWR,4,3,12,5644.85,3278.5,1575.39,-350.08,V1.13.4
2026-08-29T15:40:47-03:00,Production,CFI,V1.14.0,Rendimiento,Portfolio Fondo de Obra Social: Primer ingreso a la carta de rendimiento Desde principio de año con método TWR,1,4,4,1300.9,1110.5,122.6,,V1.13.4
2026-08-29T15:40:47-03:00,Production,CFI,V1.14.0,Rendimiento,Portfolio Fondo de Obra Social: Primer ingreso a la carta de rendimiento Desde principio de año con método TWR,2,3,6,2167.5,1247.5,436.58,-66.62,V1.13.4
2026-08-29T15:40:47-03:00,Production,CFI,V1.14.0,Rendimiento,Portfolio Fondo de Obra Social: Primer ingreso a la carta de rendimiento Desde principio de año con método TWR,4,3,12,7648.15,3401.0,2254.12,-487.91,V1.13.4
2026-08-29T15:40:47-03:00,Production,CFI,V1.14.0,Rendimiento,Portfolio Fondo de Obra Social: Primer ingreso a la carta de rendimiento Desde principio de mes con método MWR,1,4,4,506.65,463.5,54.44,,V1.13.4
2026-08-29T15:40:47-03:00,Production,CFI,V1.14.0,Rendimiento,Portfolio Fondo de Obra Social: Primer ingreso a la carta de rendimiento Desde principio de mes con método MWR,2,3,6,1517.25,632.0,444.07,-199.47,V1.13.4
2026-08-29T15:40:47-03:00,Production,CFI,V1.14.0,Rendimiento,Portfolio Fondo de Obra Social: Primer ingreso a la carta de rendimiento Desde principio de mes con método MWR,4,3,12,7378.3,822.0,2499.62,-1356.29,V1.13.4
2026-08-29T15:40:47-03:00,Production,CFI,V1.14.0,Rendimiento,Portfolio Fondo de Obra Social: Primer ingreso a la carta de rendimiento Desde principio de mes con método TWR,1,4,4,561.1,510.0,45.88,,V1.13.4
2026-08-29T15:40:47-03:00,Production,CFI,V1.14.0,Rendimiento,Portfolio Fondo de Obra Social: Primer ingreso a la carta de rendimiento Desde principio de mes con método TWR,2,3,6,3748.5,763.5,1433.02,-568.06,V1.13.4
2026-08-29T15:40:47-03:00,Production,CFI,V1.14.0,Rendimiento,Portfolio Fondo de Obra Social: Primer ingreso a la carta de rendimiento Desde principio de mes con método TWR,4,3,12,4039.15,683.5,1463.65,-619.86,V1.13.4
2026-08-29T15:40:47-03:00,Production,CFI,V1.14.0,Rendimiento,Portfolio Fondo de Obra Social: Primer ingreso a la carta de rendimiento Última semana con método MWR,1,4,4,563.05,430.5,72.2,,V1.13.4
2026-08-29T15:40:47-03:00,Production,CFI,V1.14.0,Rendimiento,Portfolio Fondo de Obra Social: Primer ingreso a la carta de rendimiento Última semana con método MWR,2,3,6,575.0,527.0,58.67,-2.12,V1.13.4
2026-08-29T15:40:47-03:00,Production,CFI,V1.14.0,Rendimiento,Portfolio Fondo de Obra Social: Primer ingreso a la carta de rendimiento Última semana con método MWR,4,3,12,1923.4,599.5,632.52,-241.6,V1.13.4
2026-08-29T15:40:47-03:00,Production,CFI,V1.14.0,Rendimiento,Portfolio Fondo de Obra Social: Primer ingreso a la carta de rendimiento Última semana con método TWR,1,4,4,517.6,451.5,62.45,,V1.13.4
2026-08-29T15:40:47-03:00,Production,CFI,V1.14.0,Rendimiento,Portfolio Fondo de Obra Social: Primer ingreso a la carta de rendimiento Última semana con método TWR,2,3,6,739.0,599.0,126.55,-42.77,V1.13.4
2026-08-29T15:40:47-03:00,Production,CFI,V1.14.0,Rendimiento,Portfolio Fondo de Obra Social: Primer ingreso a la carta de rendimiento Última semana con método TWR,4,3,12,2286.6,809.0,691.34,-341.77,V1.13.4
2026-08-29T15:40:47-03:00,Production,CFI,V1.14.0,Rendimiento,Portfolio Fondo de Obra Social: Primer ingreso a la carta de rendimiento Último año con método MWR,1,4,4,1770.55,1624.0,120.59,,V1.13.4
2026-08-29T15:40:47-03:00,Production,CFI,V1.14.0,Rendimiento,Portfolio Fondo de Obra Social: Primer ingreso a la carta de rendimiento Último año con método MWR,2,3,6,3299.0,1786.5,716.64,-86.33,V1.13.4
2026-08-29T15:40:47-03:00,Production,CFI,V1.14.0,Rendimiento,Portfolio Fondo de Obra Social: Primer ingreso a la carta de rendimiento Último año con método MWR,4,3,12,8135.25,4473.0,2096.22,-359.48,V1.13.4
2026-08-29T15:40:47-03:00,Production,CFI,V1.14.0,Rendimiento,Portfolio Fondo de Obra Social: Primer ingreso a la carta de rendimiento Último año con método TWR,1,4,4,1903.0,1666.5,188.68,,V1.13.4
2026-08-29T15:40:47-03:00,Production,CFI,V1.14.0,Rendimiento,Portfolio Fondo de Obra Social: Primer ingreso a la carta de rendimiento Último año con método TWR,2,3,6,6161.0,1863.0,2071.25,-223.75,V1.13.4
2026-08-29T15:40:47-03:00,Production,CFI,V1.14.0,Rendimiento,Portfolio Fondo de Obra Social: Primer ingreso a la carta de rendimiento Último año con método TWR,4,3,12,8663.2,2621.0,2904.68,-355.24,V1.13.4
2026-08-29T15:40:47-03:00,Production,CFI,V1.14.0,Rendimiento,Portfolio Fondo de Obra Social: Primer ingreso a la carta de rendimiento Último mes con método MWR,1,4,4,666.95,530.5,88.84,,V1.13.4
2026-08-29T15:40:47-03:00,Production,CFI,V1.14.0,Rendimiento,Portfolio Fondo de Obra Social: Primer ingreso a la carta de rendimiento Último mes con método MWR,2,3,6,810.0,599.5,126.31,-21.45,V1.13.4
2026-08-29T15:40:47-03:00,Production,CFI,V1.14.0,Rendimiento,Portfolio Fondo de Obra Social: Primer ingreso a la carta de rendimiento Último mes con método MWR,4,3,12,4660.0,957.0,1426.34,-598.7,V1.13.4
2026-08-29T15:40:47-03:00,Production,CFI,V1.14.0,Rendimiento,Portfolio Fondo de Obra Social: Primer ingreso a la carta de rendimiento Último mes con método TWR,1,4,4,633.75,494.5,72.89,,V1.13.4
2026-08-29T15:40:47-03:00,Production,CFI,V1.14.0,Rendimiento,Portfolio Fondo de Obra Social: Primer ingreso a la carta de rendimiento Último mes con método TWR,2,3,6,764.5,613.5,105.05,-20.63,V1.13.4
2026-08-29T15:40:47-03:00,Production,CFI,V1.14.0,Rendimiento,Portfolio Fondo de Obra Social: Primer ingreso a la carta de rendimiento Último mes con método TWR,4,3,12,6230.6,1324.5,2429.56,-883.13,V1.13.4
2026-08-29T15:40:47-03:00,Production,CFI,V1.14.0,Rendimiento,Portfolio Fondo de Obra Social: Primer ingreso a la carta de rendimiento Últimos 3 meses con método MWR,1,4,4,734.35,714.0,34.31,,V1.13.4
2026-08-29T15:40:47-03:00,Production,CFI,V1.14.0,Rendimiento,Portfolio Fondo de Obra Social: Primer ingreso a la carta de rendimiento Últimos 3 meses con método MWR,2,3,6,1044.0,859.0,117.41,-42.17,V1.13.4
2026-08-29T15:40:47-03:00,Production,CFI,V1.14.0,Rendimiento,Portfolio Fondo de Obra Social: Primer ingreso a la carta de rendimiento Últimos 3 meses con método MWR,4,3,12,3520.95,1099.5,1397.56,-379.46,V1.13.4
2026-08-29T15:40:47-03:00,Production,CFI,V1.14.0,Rendimiento,Portfolio Fondo de Obra Social: Primer ingreso a la carta de rendimiento Últimos 3 meses con método TWR,1,4,4,829.9,696.0,84.79,,V1.13.4
2026-08-29T15:40:47-03:00,Production,CFI,V1.14.0,Rendimiento,Portfolio Fondo de Obra Social: Primer ingreso a la carta de rendimiento Últimos 3 meses con método TWR,2,3,6,1304.0,800.0,247.24,-57.13,V1.13.4
2026-08-29T15:40:47-03:00,Production,CFI,V1.14.0,Rendimiento,Portfolio Fondo de Obra Social: Primer ingreso a la carta de rendimiento Últimos 3 meses con método TWR,4,3,12,4123.8,1232.5,1248.3,-396.9,V1.13.4
2026-08-29T15:40:47-03:00,Production,CFI,V1.14.0,Rendimiento,Portfolio Fondo de Obra Social: Segundo ingreso a la carta de rendimiento Desde el inicio con método MWR,1,4,4,4804.35,3680.5,604.1,,V1.13.4
2026-08-29T15:40:47-03:00,Production,CFI,V1.14.0,Rendimiento,Portfolio Fondo de Obra Social: Segundo ingreso a la carta de rendimiento Desde el inicio con método MWR,2,3,6,9765.5,4763.0,2423.43,-103.26,V1.13.4
2026-08-29T15:40:47-03:00,Production,CFI,V1.14.0,Rendimiento,Portfolio Fondo de Obra Social: Segundo ingreso a la carta de rendimiento Desde el inicio con método MWR,4,3,12,10880.4,8228.5,2996.9,-126.47,V1.13.4
2026-08-29T15:40:47-03:00,Production,CFI,V1.14.0,Rendimiento,Portfolio Fondo de Obra Social: Segundo ingreso a la carta de rendimiento Desde el inicio con método TWR,1,4,4,4723.0,4220.0,701.85,,V1.13.4
2026-08-29T15:40:47-03:00,Production,CFI,V1.14.0,Rendimiento,Portfolio Fondo de Obra Social: Segundo ingreso a la carta de rendimiento Desde el inicio con método TWR,2,3,6,4899.0,4707.5,151.88,-3.73,V1.13.4
2026-08-29T15:40:47-03:00,Production,CFI,V1.14.0,Rendimiento,Portfolio Fondo de Obra Social: Segundo ingreso a la carta de rendimiento Desde el inicio con método TWR,4,3,12,13223.6,6131.5,3221.22,-179.98,V1.13.4
2026-08-29T15:40:47-03:00,Production,CFI,V1.14.0,Rendimiento,Portfolio Fondo de Obra Social: Segundo ingreso a la carta de rendimiento Desde principio de año con método MWR,1,4,4,1218.35,1071.5,97.58,,V1.13.4
2026-08-29T15:40:47-03:00,Production,CFI,V1.14.0,Rendimiento,Portfolio Fondo de Obra Social: Segundo ingreso a la carta de rendimiento Desde principio de año con método MWR,2,3,6,2220.0,1254.0,453.35,-82.21,V1.13.4
2026-08-29T15:40:47-03:00,Production,CFI,V1.14.0,Rendimiento,Portfolio Fondo de Obra Social: Segundo ingreso a la carta de rendimiento Desde principio de año con método MWR,4,3,12,11526.55,1906.5,3726.79,-846.08,V1.13.4
2026-08-29T15:40:47-03:00,Production,CFI,V1.14.0,Rendimiento,Portfolio Fondo de Obra Social: Segundo ingreso a la carta de rendimiento Desde principio de año con método TWR,1,4,4,1306.9,1183.0,120.22,,V1.13.4
2026-08-29T15:40:47-03:00,Production,CFI,V1.14.0,Rendimiento,Portfolio Fondo de Obra Social: Segundo ingreso a la carta de rendimiento Desde principio de año con método TWR,2,3,6,3394.75,1516.0,917.0,-159.76,V1.13.4
2026-08-29T15:40:47-03:00,Production,CFI,V1.14.0,Rendimiento,Portfolio Fondo de Obra Social: Segundo ingreso a la carta de rendimiento Desde principio de año con método TWR,4,3,12,9410.65,2162.5,3257.32,-620.07,V1.13.4
2026-08-29T15:40:47-03:00,Production,CFI,V1.14.0,Rendimiento,Portfolio Fondo de Obra Social: Segundo ingreso a la carta de rendimiento Desde principio de mes con método MWR,1,4,4,540.8,490.5,62.02,,V1.13.4
2026-08-29T15:40:47-03:00,Production,CFI,V1.14.0,Rendimiento,Portfolio Fondo de Obra Social: Segundo ingreso a la carta de rendimiento Desde principio de mes con método MWR,2,3,6,731.25,679.0,57.87,-35.22,V1.13.4
2026-08-29T15:40:47-03:00,Production,CFI,V1.14.0,Rendimiento,Portfolio Fondo de Obra Social: Segundo ingreso a la carta de rendimiento Desde principio de mes con método MWR,4,3,12,3732.4,829.0,1225.54,-590.16,V1.13.4
2026-08-29T15:40:47-03:00,Production,CFI,V1.14.0,Rendimiento,Portfolio Fondo de Obra Social: Segundo ingreso a la carta de rendimiento Desde principio de mes con método TWR,1,4,4,562.6,523.0,64.08,,V1.13.4
2026-08-29T15:40:47-03:00,Production,CFI,V1.14.0,Rendimiento,Portfolio Fondo de Obra Social: Segundo ingreso a la carta de rendimiento Desde principio de mes con método TWR,2,3,6,758.75,661.5,70.63,-34.86,V1.13.4
2026-08-29T15:40:47-03:00,Production,CFI,V1.14.0,Rendimiento,Portfolio Fondo de Obra Social: Segundo ingreso a la carta de rendimiento Desde principio de mes con método TWR,4,3,12,3769.05,705.0,1177.06,-569.93,V1.13.4
2026-08-29T15:40:47-03:00,Production,CFI,V1.14.0,Rendimiento,Portfolio Fondo de Obra Social: Segundo ingreso a la carta de rendimiento Última semana con método MWR,1,4,4,567.2,480.0,63.55,,V1.13.4
2026-08-29T15:40:47-03:00,Production,CFI,V1.14.0,Rendimiento,Portfolio Fondo de Obra Social: Segundo ingreso a la carta de rendimiento Última semana con método MWR,2,3,6,1319.75,554.5,360.61,-132.68,V1.13.4
2026-08-29T15:40:47-03:00,Production,CFI,V1.14.0,Rendimiento,Portfolio Fondo de Obra Social: Segundo ingreso a la carta de rendimiento Última semana con método MWR,4,3,12,2843.8,649.0,1197.54,-401.38,V1.13.4
2026-08-29T15:40:47-03:00,Production,CFI,V1.14.0,Rendimiento,Portfolio Fondo de Obra Social: Segundo ingreso a la carta de rendimiento Última semana con método TWR,1,4,4,716.6,626.5,112.23,,V1.13.4
2026-08-29T15:40:47-03:00,Production,CFI,V1.14.0,Rendimiento,Portfolio Fondo de Obra Social: Segundo ingreso a la carta de rendimiento Última semana con método TWR,2,3,6,859.25,713.5,121.59,-19.91,V1.13.4
2026-08-29T15:40:47-03:00,Production,CFI,V1.14.0,Rendimiento,Portfolio Fondo de Obra Social: Segundo ingreso a la carta de rendimiento Última semana con método TWR,4,3,12,4471.45,634.5,1533.85,-523.98,V1.13.4
2026-08-29T15:40:47-03:00,Production,CFI,V1.14.0,Rendimiento,Portfolio Fondo de Obra Social: Segundo ingreso a la carta de rendimiento Último año con método MWR,1,4,4,1920.9,1652.0,154.54,,V1.13.4
2026-08-29T15:40:47-03:00,Production,CFI,V1.14.0,Rendimiento,Portfolio Fondo de Obra Social: Segundo ingreso a la carta de rendimiento Último año con método MWR,2,3,6,2619.5,1894.5,401.48,-36.37,V1.13.4
2026-08-29T15:40:47-03:00,Production,CFI,V1.14.0,Rendimiento,Portfolio Fondo de Obra Social: Segundo ingreso a la carta de rendimiento Último año con método MWR,4,3,12,5737.1,1882.5,1664.53,-198.67,V1.13.4
2026-08-29T15:40:47-03:00,Production,CFI,V1.14.0,Rendimiento,Portfolio Fondo de Obra Social: Segundo ingreso a la carta de rendimiento Último año con método TWR,1,4,4,1832.4,1676.0,91.17,,V1.13.4
2026-08-29T15:40:47-03:00,Production,CFI,V1.14.0,Rendimiento,Portfolio Fondo de Obra Social: Segundo ingreso a la carta de rendimiento Último año con método TWR,2,3,6,3653.5,1969.5,866.66,-99.38,V1.13.4
2026-08-29T15:40:47-03:00,Production,CFI,V1.14.0,Rendimiento,Portfolio Fondo de Obra Social: Segundo ingreso a la carta de rendimiento Último año con método TWR,4,3,12,7107.1,2258.5,2415.41,-287.86,V1.13.4
2026-08-29T15:40:47-03:00,Production,CFI,V1.14.0,Rendimiento,Portfolio Fondo de Obra Social: Segundo ingreso a la carta de rendimiento Último mes con método MWR,1,4,4,639.8,554.5,61.53,,V1.13.4
2026-08-29T15:40:47-03:00,Production,CFI,V1.14.0,Rendimiento,Portfolio Fondo de Obra Social: Segundo ingreso a la carta de rendimiento Último mes con método MWR,2,3,6,3236.0,856.5,1177.68,-405.78,V1.13.4
2026-08-29T15:40:47-03:00,Production,CFI,V1.14.0,Rendimiento,Portfolio Fondo de Obra Social: Segundo ingreso a la carta de rendimiento Último mes con método MWR,4,3,12,6932.8,775.5,2454.35,-983.59,V1.13.4
2026-08-29T15:40:47-03:00,Production,CFI,V1.14.0,Rendimiento,Portfolio Fondo de Obra Social: Segundo ingreso a la carta de rendimiento Último mes con método TWR,1,4,4,711.5,561.5,97.08,,V1.13.4
2026-08-29T15:40:47-03:00,Production,CFI,V1.14.0,Rendimiento,Portfolio Fondo de Obra Social: Segundo ingreso a la carta de rendimiento Último mes con método TWR,2,3,6,1223.25,695.5,267.7,-71.93,V1.13.4
2026-08-29T15:40:47-03:00,Production,CFI,V1.14.0,Rendimiento,Portfolio Fondo de Obra Social: Segundo ingreso a la carta de rendimiento Último mes con método TWR,4,3,12,5751.95,730.5,1996.71,-708.43,V1.13.4
2026-08-29T15:40:47-03:00,Production,CFI,V1.14.0,Rendimiento,Portfolio Fondo de Obra Social: Segundo ingreso a la carta de rendimiento Últimos 3 meses con método MWR,1,4,4,892.25,733.0,134.71,,V1.13.4
2026-08-29T15:40:47-03:00,Production,CFI,V1.14.0,Rendimiento,Portfolio Fondo de Obra Social: Segundo ingreso a la carta de rendimiento Últimos 3 meses con método MWR,2,3,6,3582.5,894.0,1260.85,-301.51,V1.13.4
2026-08-29T15:40:47-03:00,Production,CFI,V1.14.0,Rendimiento,Portfolio Fondo de Obra Social: Segundo ingreso a la carta de rendimiento Últimos 3 meses con método MWR,4,3,12,4299.7,2883.5,1293.78,-381.89,V1.13.4
2026-08-29T15:40:47-03:00,Production,CFI,V1.14.0,Rendimiento,Portfolio Fondo de Obra Social: Segundo ingreso a la carta de rendimiento Últimos 3 meses con método TWR,1,4,4,917.65,715.5,122.67,,V1.13.4
2026-08-29T15:40:47-03:00,Production,CFI,V1.14.0,Rendimiento,Portfolio Fondo de Obra Social: Segundo ingreso a la carta de rendimiento Últimos 3 meses con método TWR,2,3,6,2446.5,846.0,792.09,-166.6,V1.13.4
2026-08-29T15:40:47-03:00,Production,CFI,V1.14.0,Rendimiento,Portfolio Fondo de Obra Social: Segundo ingreso a la carta de rendimiento Últimos 3 meses con método TWR,4,3,12,3442.4,1522.0,1111.46,-275.13,V1.13.4
2026-08-29T15:40:47-03:00,Production,CFI,V1.14.0,Rendimiento,Portfolio Total: Primer ingreso a la carta de rendimiento Desde el inicio con método MWR,1,4,4,8904.6,7946.5,1010.37,,V1.13.4
2026-08-29T15:40:47-03:00,Production,CFI,V1.14.0,Rendimiento,Portfolio Total: Primer ingreso a la carta de rendimiento Desde el inicio con método MWR,2,3,6,12227.25,9042.0,1745.3,-37.31,V1.13.4
2026-08-29T15:40:47-03:00,Production,CFI,V1.14.0,Rendimiento,Portfolio Total: Primer ingreso a la carta de rendimiento Desde el inicio con método MWR,4,3,12,26288.85,21294.0,6149.95,-195.23,V1.13.4
2026-08-29T15:40:47-03:00,Production,CFI,V1.14.0,Rendimiento,Portfolio Total: Primer ingreso a la carta de rendimiento Desde el inicio con método TWR,1,4,4,9288.8,8121.5,1016.47,,V1.13.4
2026-08-29T15:40:47-03:00,Production,CFI,V1.14.0,Rendimiento,Portfolio Total: Primer ingreso a la carta de rendimiento Desde el inicio con método TWR,2,3,6,14115.25,9680.0,2823.29,-51.96,V1.13.4
2026-08-29T15:40:47-03:00,Production,CFI,V1.14.0,Rendimiento,Portfolio Total: Primer ingreso a la carta de rendimiento Desde el inicio con método TWR,4,3,12,21084.5,14155.5,3809.24,-126.99,V1.13.4
2026-08-29T15:40:47-03:00,Production,CFI,V1.14.0,Rendimiento,Portfolio Total: Primer ingreso a la carta de rendimiento Desde principio de año con método MWR,1,4,4,2170.7,1909.5,198.26,,V1.13.4
2026-08-29T15:40:47-03:00,Production,CFI,V1.14.0,Rendimiento,Portfolio Total: Primer ingreso a la carta de rendimiento Desde principio de año con método MWR,2,3,6,5695.25,2193.5,1753.92,-162.37,V1.13.4
2026-08-29T15:40:47-03:00,Production,CFI,V1.14.0,Rendimiento,Portfolio Total: Primer ingreso a la carta de rendimiento Desde principio de año con método MWR,4,3,12,12793.0,3441.0,4567.73,-489.35,V1.13.4
2026-08-29T15:40:47-03:00,Production,CFI,V1.14.0,Rendimiento,Portfolio Total: Primer ingreso a la carta de rendimiento Desde principio de año con método TWR,1,4,4,1974.05,1839.5,129.82,,V1.13.4
2026-08-29T15:40:47-03:00,Production,CFI,V1.14.0,Rendimiento,Portfolio Total: Primer ingreso a la carta de rendimiento Desde principio de año con método TWR,2,3,6,3607.5,1955.0,811.23,-82.75,V1.13.4
2026-08-29T15:40:47-03:00,Production,CFI,V1.14.0,Rendimiento,Portfolio Total: Primer ingreso a la carta de rendimiento Desde principio de año con método TWR,4,3,12,10630.35,4834.5,3099.13,-438.5,V1.13.4
2026-08-29T15:40:47-03:00,Production,CFI,V1.14.0,Rendimiento,Portfolio Total: Primer ingreso a la carta de rendimiento Desde principio de mes con método MWR,1,4,4,600.3,562.0,47.55,,V1.13.4
2026-08-29T15:40:47-03:00,Production,CFI,V1.14.0,Rendimiento,Portfolio Total: Primer ingreso a la carta de rendimiento Desde principio de mes con método MWR,2,3,6,1849.25,918.5,478.68,-208.05,V1.13.4
2026-08-29T15:40:47-03:00,Production,CFI,V1.14.0,Rendimiento,Portfolio Total: Primer ingreso a la carta de rendimiento Desde principio de mes con método MWR,4,3,12,9297.8,1768.0,3136.15,-1448.86,V1.13.4
2026-08-29T15:40:47-03:00,Production,CFI,V1.14.0,Rendimiento,Portfolio Total: Primer ingreso a la carta de rendimiento Desde principio de mes con método TWR,1,4,4,565.4,526.0,36.55,,V1.13.4
2026-08-29T15:40:47-03:00,Production,CFI,V1.14.0,Rendimiento,Portfolio Total: Primer ingreso a la carta de rendimiento Desde principio de mes con método TWR,2,3,6,875.25,785.0,85.79,-54.8,V1.13.4
2026-08-29T15:40:47-03:00,Production,CFI,V1.14.0,Rendimiento,Portfolio Total: Primer ingreso a la carta de rendimiento Desde principio de mes con método TWR,4,3,12,3276.4,985.5,962.47,-479.48,V1.13.4
2026-08-29T15:40:47-03:00,Production,CFI,V1.14.0,Rendimiento,Portfolio Total: Primer ingreso a la carta de rendimiento Última semana con método MWR,1,4,4,753.15,674.0,70.13,,V1.13.4
2026-08-29T15:40:47-03:00,Production,CFI,V1.14.0,Rendimiento,Portfolio Total: Primer ingreso a la carta de rendimiento Última semana con método MWR,2,3,6,3444.25,793.0,1325.51,-357.31,V1.13.4
2026-08-29T15:40:47-03:00,Production,CFI,V1.14.0,Rendimiento,Portfolio Total: Primer ingreso a la carta de rendimiento Última semana con método MWR,4,3,12,4106.2,854.0,1564.42,-445.2,V1.13.4
2026-08-29T15:40:47-03:00,Production,CFI,V1.14.0,Rendimiento,Portfolio Total: Primer ingreso a la carta de rendimiento Última semana con método TWR,1,4,4,603.15,524.5,60.82,,V1.13.4
2026-08-29T15:40:47-03:00,Production,CFI,V1.14.0,Rendimiento,Portfolio Total: Primer ingreso a la carta de rendimiento Última semana con método TWR,2,3,6,855.5,686.0,120.07,-41.84,V1.13.4
2026-08-29T15:40:47-03:00,Production,CFI,V1.14.0,Rendimiento,Portfolio Total: Primer ingreso a la carta de rendimiento Última semana con método TWR,4,3,12,4346.0,1164.5,1489.69,-620.55,V1.13.4
2026-08-29T15:40:47-03:00,Production,CFI,V1.14.0,Rendimiento,Portfolio Total: Primer ingreso a la carta de rendimiento Último año con método MWR,1,4,4,3737.45,2478.5,649.64,,V1.13.4
2026-08-29T15:40:47-03:00,Production,CFI,V1.14.0,Rendimiento,Portfolio Total: Primer ingreso a la carta de rendimiento Último año con método MWR,2,3,6,4124.75,3754.5,601.49,-10.36,V1.13.4
2026-08-29T15:40:47-03:00,Production,CFI,V1.14.0,Rendimiento,Portfolio Total: Primer ingreso a la carta de rendimiento Último año con método MWR,4,3,12,9634.2,5963.0,2283.74,-157.77,V1.13.4
2026-08-29T15:40:47-03:00,Production,CFI,V1.14.0,Rendimiento,Portfolio Total: Primer ingreso a la carta de rendimiento Último año con método TWR,1,4,4,3923.1,3020.0,564.85,,V1.13.4
2026-08-29T15:40:47-03:00,Production,CFI,V1.14.0,Rendimiento,Portfolio Total: Primer ingreso a la carta de rendimiento Último año con método TWR,2,3,6,5044.0,3494.5,955.36,-28.57,V1.13.4
2026-08-29T15:40:47-03:00,Production,CFI,V1.14.0,Rendimiento,Portfolio Total: Primer ingreso a la carta de rendimiento Último año con método TWR,4,3,12,13370.8,7497.0,2898.34,-240.82,V1.13.4
2026-08-29T15:40:47-03:00,Production,CFI,V1.14.0,Rendimiento,Portfolio Total: Primer ingreso a la carta de rendimiento Último mes con método MWR,1,4,4,747.55,698.0,48.57,,V1.13.4
2026-08-29T15:40:47-03:00,Production,CFI,V1.14.0,Rendimiento,Portfolio Total: Primer ingreso a la carta de rendimiento Último mes con método MWR,2,3,6,1684.75,797.5,414.24,-125.37,V1.13.4
2026-08-29T15:40:47-03:00,Production,CFI,V1.14.0,Rendimiento,Portfolio Total: Primer ingreso a la carta de rendimiento Último mes con método MWR,4,3,12,10257.0,3242.0,3425.47,-1272.08,V1.13.4
2026-08-29T15:40:47-03:00,Production,CFI,V1.14.0,Rendimiento,Portfolio Total: Primer ingreso a la carta de rendimiento Último mes con método TWR,1,4,4,780.0,664.0,69.07,,V1.13.4
2026-08-29T15:40:47-03:00,Production,CFI,V1.14.0,Rendimiento,Portfolio Total: Primer ingreso a la carta de rendimiento Último mes con método TWR,2,3,6,2895.25,992.0,960.53,-271.19,V1.13.4
2026-08-29T15:40:47-03:00,Production,CFI,V1.14.0,Rendimiento,Portfolio Total: Primer ingreso a la carta de rendimiento Último mes con método TWR,4,3,12,7454.5,1835.0,2304.92,-855.71,V1.13.4
2026-08-29T15:40:47-03:00,Production,CFI,V1.14.0,Rendimiento,Portfolio Total: Primer ingreso a la carta de rendimiento Últimos 3 meses con método MWR,1,4,4,1946.0,1100.0,452.06,,V1.13.4
2026-08-29T15:40:47-03:00,Production,CFI,V1.14.0,Rendimiento,Portfolio Total: Primer ingreso a la carta de rendimiento Últimos 3 meses con método MWR,2,3,6,3321.5,1958.0,860.0,-70.68,V1.13.4
2026-08-29T15:40:47-03:00,Production,CFI,V1.14.0,Rendimiento,Portfolio Total: Primer ingreso a la carta de rendimiento Últimos 3 meses con método MWR,4,3,12,7211.85,2664.0,2269.25,-270.6,V1.13.4
2026-08-29T15:40:47-03:00,Production,CFI,V1.14.0,Rendimiento,Portfolio Total: Primer ingreso a la carta de rendimiento Últimos 3 meses con método TWR,1,4,4,1049.45,994.5,69.36,,V1.13.4
2026-08-29T15:40:47-03:00,Production,CFI,V1.14.0,Rendimiento,Portfolio Total: Primer ingreso a la carta de rendimiento Últimos 3 meses con método TWR,2,3,6,2251.0,1717.0,479.76,-114.49,V1.13.4
2026-08-29T15:40:47-03:00,Production,CFI,V1.14.0,Rendimiento,Portfolio Total: Primer ingreso a la carta de rendimiento Últimos 3 meses con método TWR,4,3,12,7709.1,3136.0,2175.73,-634.58,V1.13.4
2026-08-29T15:40:47-03:00,Production,CFI,V1.14.0,Rendimiento,Portfolio Total: Segundo ingreso a la carta de rendimiento Desde el inicio con método MWR,1,4,4,8105.1,7547.5,462.94,,V1.13.4
2026-08-29T15:40:47-03:00,Production,CFI,V1.14.0,Rendimiento,Portfolio Total: Segundo ingreso a la carta de rendimiento Desde el inicio con método MWR,2,3,6,18389.5,11195.0,4258.63,-126.89,V1.13.4
2026-08-29T15:40:47-03:00,Production,CFI,V1.14.0,Rendimiento,Portfolio Total: Segundo ingreso a la carta de rendimiento Desde el inicio con método MWR,4,3,12,19766.05,16096.5,3867.5,-143.87,V1.13.4
2026-08-29T15:40:47-03:00,Production,CFI,V1.14.0,Rendimiento,Portfolio Total: Segundo ingreso a la carta de rendimiento Desde el inicio con método TWR,1,4,4,8450.75,7948.0,712.4,,V1.13.4
2026-08-29T15:40:47-03:00,Production,CFI,V1.14.0,Rendimiento,Portfolio Total: Segundo ingreso a la carta de rendimiento Desde el inicio con método TWR,2,3,6,13683.75,9078.5,2546.13,-61.92,V1.13.4
2026-08-29T15:40:47-03:00,Production,CFI,V1.14.0,Rendimiento,Portfolio Total: Segundo ingreso a la carta de rendimiento Desde el inicio con método TWR,4,3,12,29097.3,17861.0,6310.48,-244.32,V1.13.4
2026-08-29T15:40:47-03:00,Production,CFI,V1.14.0,Rendimiento,Portfolio Total: Segundo ingreso a la carta de rendimiento Desde principio de año con método MWR,1,4,4,1981.15,1877.0,127.66,,V1.13.4
2026-08-29T15:40:47-03:00,Production,CFI,V1.14.0,Rendimiento,Portfolio Total: Segundo ingreso a la carta de rendimiento Desde principio de año con método MWR,2,3,6,3094.0,2328.0,530.11,-56.17,V1.13.4
2026-08-29T15:40:47-03:00,Production,CFI,V1.14.0,Rendimiento,Portfolio Total: Segundo ingreso a la carta de rendimiento Desde principio de año con método MWR,4,3,12,12240.65,3507.0,3671.86,-517.86,V1.13.4
2026-08-29T15:40:47-03:00,Production,CFI,V1.14.0,Rendimiento,Portfolio Total: Segundo ingreso a la carta de rendimiento Desde principio de año con método TWR,1,4,4,2270.3,2042.5,279.27,,V1.13.4
2026-08-29T15:40:47-03:00,Production,CFI,V1.14.0,Rendimiento,Portfolio Total: Segundo ingreso a la carta de rendimiento Desde principio de año con método TWR,2,3,6,5135.25,1990.5,1449.85,-126.19,V1.13.4
2026-08-29T15:40:47-03:00,Production,CFI,V1.14.0,Rendimiento,Portfolio Total: Segundo ingreso a la carta de rendimiento Desde principio de año con método TWR,4,3,12,10585.7,3433.0,3598.5,-366.27,V1.13.4
2026-08-29T15:40:47-03:00,Production,CFI,V1.14.0,Rendimiento,Portfolio Total: Segundo ingreso a la carta de rendimiento Desde principio de mes con método MWR,1,4,4,751.2,633.5,72.16,,V1.13.4
2026-08-29T15:40:47-03:00,Production,CFI,V1.14.0,Rendimiento,Portfolio Total: Segundo ingreso a la carta de rendimiento Desde principio de mes con método MWR,2,3,6,1184.75,1012.5,143.37,-57.71,V1.13.4
2026-08-29T15:40:47-03:00,Production,CFI,V1.14.0,Rendimiento,Portfolio Total: Segundo ingreso a la carta de rendimiento Desde principio de mes con método MWR,4,3,12,2582.95,1061.5,701.53,-243.84,V1.13.4
2026-08-29T15:40:47-03:00,Production,CFI,V1.14.0,Rendimiento,Portfolio Total: Segundo ingreso a la carta de rendimiento Desde principio de mes con método TWR,1,4,4,730.1,676.0,72.1,,V1.13.4
2026-08-29T15:40:47-03:00,Production,CFI,V1.14.0,Rendimiento,Portfolio Total: Segundo ingreso a la carta de rendimiento Desde principio de mes con método TWR,2,3,6,920.75,850.5,86.82,-26.11,V1.13.4
2026-08-29T15:40:47-03:00,Production,CFI,V1.14.0,Rendimiento,Portfolio Total: Segundo ingreso a la carta de rendimiento Desde principio de mes con método TWR,4,3,12,4706.65,1045.5,1533.28,-544.66,V1.13.4
2026-08-29T15:40:47-03:00,Production,CFI,V1.14.0,Rendimiento,Portfolio Total: Segundo ingreso a la carta de rendimiento Última semana con método MWR,1,4,4,945.25,671.0,185.21,,V1.13.4
2026-08-29T15:40:47-03:00,Production,CFI,V1.14.0,Rendimiento,Portfolio Total: Segundo ingreso a la carta de rendimiento Última semana con método MWR,2,3,6,945.0,785.0,113.33,0.03,V1.13.4
2026-08-29T15:40:47-03:00,Production,CFI,V1.14.0,Rendimiento,Portfolio Total: Segundo ingreso a la carta de rendimiento Última semana con método MWR,4,3,12,4176.65,925.5,1397.61,-341.86,V1.13.4
2026-08-29T15:40:47-03:00,Production,CFI,V1.14.0,Rendimiento,Portfolio Total: Segundo ingreso a la carta de rendimiento Última semana con método TWR,1,4,4,690.45,580.5,71.53,,V1.13.4
2026-08-29T15:40:47-03:00,Production,CFI,V1.14.0,Rendimiento,Portfolio Total: Segundo ingreso a la carta de rendimiento Última semana con método TWR,2,3,6,1523.75,868.0,343.45,-120.69,V1.13.4
2026-08-29T15:40:47-03:00,Production,CFI,V1.14.0,Rendimiento,Portfolio Total: Segundo ingreso a la carta de rendimiento Última semana con método TWR,4,3,12,3069.1,948.0,875.8,-344.51,V1.13.4
2026-08-29T15:40:47-03:00,Production,CFI,V1.14.0,Rendimiento,Portfolio Total: Segundo ingreso a la carta de rendimiento Último año con método MWR,1,4,4,4040.4,3127.5,718.94,,V1.13.4
2026-08-29T15:40:47-03:00,Production,CFI,V1.14.0,Rendimiento,Portfolio Total: Segundo ingreso a la carta de rendimiento Último año con método MWR,2,3,6,4823.25,3118.0,987.2,-19.38,V1.13.4
2026-08-29T15:40:47-03:00,Production,CFI,V1.14.0,Rendimiento,Portfolio Total: Segundo ingreso a la carta de rendimiento Último año con método MWR,4,3,12,13053.75,4430.5,3882.03,-223.08,V1.13.4
2026-08-29T15:40:47-03:00,Production,CFI,V1.14.0,Rendimiento,Portfolio Total: Segundo ingreso a la carta de rendimiento Último año con método TWR,1,4,4,3036.15,2693.5,240.13,,V1.13.4
2026-08-29T15:40:47-03:00,Production,CFI,V1.14.0,Rendimiento,Portfolio Total: Segundo ingreso a la carta de rendimiento Último año con método TWR,2,3,6,3926.0,2652.5,589.74,-29.31,V1.13.4
2026-08-29T15:40:47-03:00,Production,CFI,V1.14.0,Rendimiento,Portfolio Total: Segundo ingreso a la carta de rendimiento Último año con método TWR,4,3,12,9829.35,4924.0,2569.33,-223.74,V1.13.4
2026-08-29T15:40:47-03:00,Production,CFI,V1.14.0,Rendimiento,Portfolio Total: Segundo ingreso a la carta de rendimiento Último mes con método MWR,1,4,4,1020.3,789.5,147.37,,V1.13.4
2026-08-29T15:40:47-03:00,Production,CFI,V1.14.0,Rendimiento,Portfolio Total: Segundo ingreso a la carta de rendimiento Último mes con método MWR,2,3,6,1216.5,923.5,171.82,-19.23,V1.13.4
2026-08-29T15:40:47-03:00,Production,CFI,V1.14.0,Rendimiento,Portfolio Total: Segundo ingreso a la carta de rendimiento Último mes con método MWR,4,3,12,6351.95,1244.5,2119.35,-522.56,V1.13.4
2026-08-29T15:40:47-03:00,Production,CFI,V1.14.0,Rendimiento,Portfolio Total: Segundo ingreso a la carta de rendimiento Último mes con método TWR,1,4,4,1670.25,734.0,491.13,,V1.13.4
2026-08-29T15:40:47-03:00,Production,CFI,V1.14.0,Rendimiento,Portfolio Total: Segundo ingreso a la carta de rendimiento Último mes con método TWR,2,3,6,1860.25,849.0,471.09,-11.38,V1.13.4
2026-08-29T15:40:47-03:00,Production,CFI,V1.14.0,Rendimiento,Portfolio Total: Segundo ingreso a la carta de rendimiento Último mes con método TWR,4,3,12,4570.55,1095.5,1611.8,-173.64,V1.13.4
2026-08-29T15:40:47-03:00,Production,CFI,V1.14.0,Rendimiento,Portfolio Total: Segundo ingreso a la carta de rendimiento Últimos 3 meses con método MWR,1,4,4,1198.65,975.0,129.05,,V1.13.4
2026-08-29T15:40:47-03:00,Production,CFI,V1.14.0,Rendimiento,Portfolio Total: Segundo ingreso a la carta de rendimiento Últimos 3 meses con método MWR,2,3,6,2947.25,1132.5,871.55,-145.88,V1.13.4
2026-08-29T15:40:47-03:00,Production,CFI,V1.14.0,Rendimiento,Portfolio Total: Segundo ingreso a la carta de rendimiento Últimos 3 meses con método MWR,4,3,12,7310.6,4415.0,2286.13,-509.9,V1.13.4
2026-08-29T15:40:47-03:00,Production,CFI,V1.14.0,Rendimiento,Portfolio Total: Segundo ingreso a la carta de rendimiento Últimos 3 meses con método TWR,1,4,4,1287.8,1107.5,165.56,,V1.13.4
2026-08-29T15:40:47-03:00,Production,CFI,V1.14.0,Rendimiento,Portfolio Total: Segundo ingreso a la carta de rendimiento Últimos 3 meses con método TWR,2,3,6,2134.5,1200.5,478.47,-65.75,V1.13.4
2026-08-29T15:40:47-03:00,Production,CFI,V1.14.0,Rendimiento,Portfolio Total: Segundo ingreso a la carta de rendimiento Últimos 3 meses con método TWR,4,3,12,5288.4,2389.5,1431.09,-310.65,V1.13.4
2026-08-29T15:40:47-03:00,Production,CFI,V1.14.0,Rendimiento,Primer ingreso al menú Rendimiento,1,4,4,4170.7,4058.5,200.36,,V1.13.4
2026-08-29T15:40:47-03:00,Production,CFI,V1.14.0,Rendimiento,Primer ingreso al menú Rendimiento,2,3,6,3599.75,3063.0,263.24,13.69,V1.13.4
2026-08-29T15:40:47-03:00,Production,CFI,V1.14.0,Rendimiento,Primer ingreso al menú Rendimiento,4,3,12,4828.4,3517.0,717.59,-15.77,V1.13.4
2026-08-29T15:40:47-03:00,Production,CFI,V1.14.0,Rendimiento,Primer ingreso al portfolio CFI,1,4,4,5450.7,4402.0,541.17,,V1.13.4
2026-08-29T15:40:47-03:00,Production,CFI,V1.14.0,Rendimiento,Primer ingreso al portfolio CFI,2,3,6,7782.0,7107.5,1206.95,-42.77,V1.13.4
2026-08-29T15:40:47-03:00,Production,CFI,V1.14.0,Rendimiento,Primer ingreso al portfolio CFI,4,3,12,17625.2,10889.5,3030.87,-223.36,V1.13.4
2026-08-29T15:40:47-03:00,Production,CFI,V1.14.0,Rendimiento,Primer ingreso al portfolio FFI,1,4,4,3213.3,2847.5,221.54,,V1.13.4
2026-08-29T15:40:47-03:00,Production,CFI,V1.14.0,Rendimiento,Primer ingreso al portfolio FFI,2,3,6,4747.5,3622.0,659.82,-47.75,V1.13.4
2026-08-29T15:40:47-03:00,Production,CFI,V1.14.0,Rendimiento,Primer ingreso al portfolio FFI,4,3,12,9184.25,4980.0,2073.02,-185.82,V1.13.4
2026-08-29T15:40:47-03:00,Production,CFI,V1.14.0,Rendimiento,Primer ingreso al portfolio FPC,1,4,4,2172.0,2007.0,132.76,,V1.13.4
2026-08-29T15:40:47-03:00,Production,CFI,V1.14.0,Rendimiento,Primer ingreso al portfolio FPC,2,3,6,2284.0,1963.0,224.5,-5.16,V1.13.4
2026-08-29T15:40:47-03:00,Production,CFI,V1.14.0,Rendimiento,Primer ingreso al portfolio FPC,4,3,12,9960.8,2739.5,3687.42,-358.6,V1.13.4
2026-08-29T15:40:47-03:00,Production,CFI,V1.14.0,Rendimiento,Primer ingreso al portfolio Fondo de Garantia CFI,1,4,4,3046.95,2910.0,111.26,,V1.13.4
2026-08-29T15:40:47-03:00,Production,CFI,V1.14.0,Rendimiento,Primer ingreso al portfolio Fondo de Garantia CFI,2,3,6,4440.75,3473.5,595.74,-45.74,V1.13.4
2026-08-29T15:40:47-03:00,Production,CFI,V1.14.0,Rendimiento,Primer ingreso al portfolio Fondo de Garantia CFI,4,3,12,10678.95,5589.0,2345.87,-250.48,V1.13.4
2026-08-29T15:40:47-03:00,Production,CFI,V1.14.0,Rendimiento,Primer ingreso al portfolio Fondo de Obra Social,1,4,4,2337.35,2145.5,111.51,,V1.13.4
2026-08-29T15:40:47-03:00,Production,CFI,V1.14.0,Rendimiento,Primer ingreso al portfolio Fondo de Obra Social,2,3,6,2537.75,2284.5,167.68,-8.57,V1.13.4
2026-08-29T15:40:47-03:00,Production,CFI,V1.14.0,Rendimiento,Primer ingreso al portfolio Fondo de Obra Social,4,3,12,8781.6,2757.0,2691.41,-275.71,V1.13.4
2026-08-29T15:40:47-03:00,Production,CFI,V1.14.0,Rendimiento,Primer ingreso al portfolio Total,1,4,4,19193.35,16466.0,2822.55,,V1.13.4
2026-08-29T15:40:47-03:00,Production,CFI,V1.14.0,Rendimiento,Primer ingreso al portfolio Total,2,3,6,21764.0,17899.5,3521.88,-13.39,V1.13.4
2026-08-29T15:40:47-03:00,Production,CFI,V1.14.0,Rendimiento,Primer ingreso al portfolio Total,4,3,12,36629.2,28051.0,4878.61,-90.84,V1.13.4
2026-08-29T15:40:47-03:00,Production,CFI,V1.14.0,Rendimiento,Segundo ingreso al portfolio CFI,1,4,4,1369.35,1280.0,60.14,,V1.13.4
2026-08-29T15:40:47-03:00,Production,CFI,V1.14.0,Rendimiento,Segundo ingreso al portfolio CFI,2,3,6,2881.0,1638.0,637.66,-110.39,V1.13.4
2026-08-29T15:40:47-03:00,Production,CFI,V1.14.0,Rendimiento,Segundo ingreso al portfolio CFI,4,3,12,5594.6,2563.0,1379.45,-308.56,V1.13.4
2026-08-29T15:40:47-03:00,Production,CFI,V1.14.0,Rendimiento,Segundo ingreso al portfolio FFI,1,4,4,1431.7,1412.5,104.33,,V1.13.4
2026-08-29T15:40:47-03:00,Production,CFI,V1.14.0,Rendimiento,Segundo ingreso al portfolio FFI,2,3,6,1526.0,1399.0,131.01,-6.59,V1.13.4
2026-08-29T15:40:47-03:00,Production,CFI,V1.14.0,Rendimiento,Segundo ingreso al portfolio FFI,4,3,12,7896.6,3071.5,2502.63,-451.55,V1.13.4
2026-08-29T15:40:47-03:00,Production,CFI,V1.14.0,Rendimiento,Segundo ingreso al portfolio FPC,1,4,4,1318.35,1184.0,108.02,,V1.13.4
2026-08-29T15:40:47-03:00,Production,CFI,V1.14.0,Rendimiento,Segundo ingreso al portfolio FPC,2,3,6,4855.5,1543.5,1526.18,-268.3,V1.13.4
2026-08-29T15:40:47-03:00,Production,CFI,V1.14.0,Rendimiento,Segundo ingreso al portfolio FPC,4,3,12,9369.45,2105.5,3046.68,-610.7,V1.13.4
2026-08-29T15:40:47-03:00,Production,CFI,V1.14.0,Rendimiento,Segundo ingreso al portfolio Fondo de Garantia CFI,1,4,4,1319.65,1230.5,48.6,,V1.13.4
2026-08-29T15:40:47-03:00,Production,CFI,V1.14.0,Rendimiento,Segundo ingreso al portfolio Fondo de Garantia CFI,2,3,6,1495.25,1330.0,95.26,-13.31,V1.13.4
2026-08-29T15:40:47-03:00,Production,CFI,V1.14.0,Rendimiento,Segundo ingreso al portfolio Fondo de Garantia CFI,4,3,12,6647.5,1392.0,2336.4,-403.73,V1.13.4
2026-08-29T15:40:47-03:00,Production,CFI,V1.14.0,Rendimiento,Segundo ingreso al portfolio Fondo de Obra Social,1,4,4,2025.2,1495.5,345.01,,V1.13.4
2026-08-29T15:40:47-03:00,Production,CFI,V1.14.0,Rendimiento,Segundo ingreso al portfolio Fondo de Obra Social,2,3,6,5694.5,2846.0,1837.91,-181.18,V1.13.4
2026-08-29T15:40:47-03:00,Production,CFI,V1.14.0,Rendimiento,Segundo ingreso al portfolio Fondo de Obra Social,4,3,12,8724.25,2809.0,2616.02,-330.78,V1.13.4
2026-08-29T15:40:47-03:00,Production,CFI,V1.14.0,Rendimiento,Segundo ingreso al portfolio Total,1,4,4,1858.8,1736.0,131.54,,V1.13.4
2026-08-29T15:40:47-03:00,Production,CFI,V1.14.0,Rendimiento,Segundo ingreso al portfolio Total,2,3,6,3118.25,1657.5,698.32,-67.76,V1.13.4
2026-08-29T15:40:47-03:00,Production,CFI,V1.14.0,Rendimiento,Segundo ingreso al portfolio Total,4,3,12,9616.5,3445.5,2835.07,-417.35,V1.13.4
